Invalid HTTP_HOST header: 'aronnonews.com'. You may need to add 'aronnonews.com' to ALLOWED_HOSTS.
Traceback (most recent call last):
  File "/home/ystridin/virtualenv/aronno/3.10/lib/python3.10/site-packages/django/core/handlers/exception.py", line 55, in inner
    response = get_response(request)
  File "/home/ystridin/virtualenv/aronno/3.10/lib/python3.10/site-packages/django/utils/deprecation.py", line 128, in __call__
    response = self.process_request(request)
  File "/home/ystridin/virtualenv/aronno/3.10/lib/python3.10/site-packages/django/middleware/common.py", line 48, in process_request
    host = request.get_host()
  File "/home/ystridin/virtualenv/aronno/3.10/lib/python3.10/site-packages/django/http/request.py", line 151, in get_host
    raise DisallowedHost(msg)
django.core.exceptions.DisallowedHost: Invalid HTTP_HOST header: 'aronnonews.com'. You may need to add 'aronnonews.com' to ALLOWED_HOSTS.
Bad Request: /
Invalid HTTP_HOST header: 'aronnonews.com'. You may need to add 'aronnonews.com' to ALLOWED_HOSTS.
Traceback (most recent call last):
  File "/home/ystridin/virtualenv/aronno/3.10/lib/python3.10/site-packages/django/core/handlers/exception.py", line 55, in inner
    response = get_response(request)
  File "/home/ystridin/virtualenv/aronno/3.10/lib/python3.10/site-packages/django/utils/deprecation.py", line 128, in __call__
    response = self.process_request(request)
  File "/home/ystridin/virtualenv/aronno/3.10/lib/python3.10/site-packages/django/middleware/common.py", line 48, in process_request
    host = request.get_host()
  File "/home/ystridin/virtualenv/aronno/3.10/lib/python3.10/site-packages/django/http/request.py", line 151, in get_host
    raise DisallowedHost(msg)
django.core.exceptions.DisallowedHost: Invalid HTTP_HOST header: 'aronnonews.com'. You may need to add 'aronnonews.com' to ALLOWED_HOSTS.
Bad Request: /favicon.ico
Invalid HTTP_HOST header: 'aronnonews.com'. You may need to add 'aronnonews.com' to ALLOWED_HOSTS.
Traceback (most recent call last):
  File "/home/ystridin/virtualenv/aronno/3.10/lib/python3.10/site-packages/django/core/handlers/exception.py", line 55, in inner
    response = get_response(request)
  File "/home/ystridin/virtualenv/aronno/3.10/lib/python3.10/site-packages/django/utils/deprecation.py", line 128, in __call__
    response = self.process_request(request)
  File "/home/ystridin/virtualenv/aronno/3.10/lib/python3.10/site-packages/django/middleware/common.py", line 48, in process_request
    host = request.get_host()
  File "/home/ystridin/virtualenv/aronno/3.10/lib/python3.10/site-packages/django/http/request.py", line 151, in get_host
    raise DisallowedHost(msg)
django.core.exceptions.DisallowedHost: Invalid HTTP_HOST header: 'aronnonews.com'. You may need to add 'aronnonews.com' to ALLOWED_HOSTS.
Bad Request: /cart.json
Not Found: /media/popup_ads/IMG_9951_PhVSpit.jpg
Not Found: /media/news_images/main-17_j0hwvyy.jpg
Not Found: /media/news_images/main-47.jpg
Not Found: /media/news_images/main-47_3S69iPC.jpg
Not Found: /static/vendor/bootstrap/js/bootstrap.bundle.min.js
Not Found: /media/news_images/main-48.jpg
Not Found: /media/news_images/main-46.jpg
Not Found: /media/news_images/main-44.jpg
Not Found: /media/news_images/main-43.jpg
Not Found: /media/news_images/main-31_DIJKZsQ.jpg
Not Found: /media/news_images/main-45.jpg
Not Found: /media/news_images/main-5.jpg
Not Found: /media/news_images/main-10_zgF4C3q.jpg
Not Found: /media/news_images/main-17_BnlQ6TE.jpg
Not Found: /media/news_images/main-29_kDilAMe.jpg
Not Found: /media/gallery/main-24.jpg
Not Found: /media/news_images/main-47_3S69iPC.jpg
Not Found: /media/news_images/main-17_j0hwvyy.jpg
Not Found: /media/news_images/main-48.jpg
Not Found: /media/news_images/main-45.jpg
Not Found: /media/news_images/main-47.jpg
Not Found: /media/news_images/main-5.jpg
Not Found: /media/news_images/main-31_DIJKZsQ.jpg
Not Found: /media/news_images/main-44.jpg
Not Found: /media/news_images/main-46.jpg
Not Found: /media/news_images/main-10_zgF4C3q.jpg
Not Found: /media/news_images/main-43.jpg
Not Found: /media/news_images/main-17_BnlQ6TE.jpg
Not Found: /media/news_images/main-29_kDilAMe.jpg
Not Found: /cart.json
Popup Ad Object: Popup Ad - https://www.linkedin.com/in/nizamthakur/
Ad Object: Popup Ad - https://www.linkedin.com/in/nizamthakur/
Not Found: /static/vendor/bootstrap/js/bootstrap.bundle.min.js
Not Found: /cart.json
Popup Ad Object: Popup Ad - https://www.linkedin.com/in/nizamthakur/
Ad Object: Popup Ad - https://www.linkedin.com/in/nizamthakur/
Not Found: /media/popup_ads/IMG_9951_PhVSpit.jpg
Not Found: /media/news_images/main-47_3S69iPC.jpg
Not Found: /media/news_images/main-47.jpg
Not Found: /static/vendor/bootstrap/js/bootstrap.bundle.min.js
Not Found: /media/news_images/main-45.jpg
Not Found: /media/news_images/main-44.jpg
Not Found: /media/gallery/main-24.jpg
Not Found: /media/news_images/main-31_DIJKZsQ.jpg
Not Found: /media/news_images/main-17_BnlQ6TE.jpg
Not Found: /media/news_images/main-43.jpg
Not Found: /media/news_images/main-10_zgF4C3q.jpg
Not Found: /media/news_images/main-5.jpg
Not Found: /media/news_images/main-46.jpg
Not Found: /media/news_images/main-48.jpg
Not Found: /media/news_images/main-29_kDilAMe.jpg
Not Found: /media/news_images/main-17_j0hwvyy.jpg
Not Found: /media/news_images/main-10_zgF4C3q.jpg
Not Found: /media/news_images/main-29_kDilAMe.jpg
Not Found: /media/news_images/main-48.jpg
Not Found: /media/news_images/main-47.jpg
Not Found: /media/news_images/main-17_j0hwvyy.jpg
Not Found: /media/news_images/main-47_3S69iPC.jpg
Not Found: /media/news_images/main-45.jpg
Not Found: /media/news_images/main-46.jpg
Not Found: /media/news_images/main-5.jpg
Not Found: /media/news_images/main-44.jpg
Not Found: /media/news_images/main-43.jpg
Not Found: /media/news_images/main-31_DIJKZsQ.jpg
Not Found: /media/news_images/main-17_BnlQ6TE.jpg
Not Found: /cart.json
Popup Ad Object: Popup Ad - https://www.linkedin.com/in/nizamthakur/
Ad Object: Popup Ad - https://www.linkedin.com/in/nizamthakur/
Not Found: /media/popup_ads/IMG_9951_PhVSpit.jpg
Not Found: /static/vendor/bootstrap/js/bootstrap.bundle.min.js
Not Found: /media/news_images/main-47_3S69iPC.jpg
Not Found: /media/news_images/main-47.jpg
Not Found: /media/news_images/main-45.jpg
Not Found: /media/news_images/main-44.jpg
Not Found: /media/news_images/main-43.jpg
Not Found: /media/news_images/main-17_BnlQ6TE.jpg
Not Found: /media/news_images/main-31_DIJKZsQ.jpg
Not Found: /media/news_images/main-5.jpg
Not Found: /media/news_images/main-10_zgF4C3q.jpg
Not Found: /media/news_images/main-48.jpg
Not Found: /media/news_images/main-46.jpg
Not Found: /media/news_images/main-17_j0hwvyy.jpg
Not Found: /media/news_images/main-29_kDilAMe.jpg
Not Found: /media/gallery/main-24.jpg
Not Found: /media/news_images/main-31_DIJKZsQ.jpg
Not Found: /media/news_images/main-17_BnlQ6TE.jpg
Not Found: /media/news_images/main-10_zgF4C3q.jpg
Not Found: /media/news_images/main-29_kDilAMe.jpg
Not Found: /media/news_images/main-47.jpg
Not Found: /media/news_images/main-17_j0hwvyy.jpg
Not Found: /media/news_images/main-47_3S69iPC.jpg
Not Found: /media/news_images/main-48.jpg
Not Found: /media/news_images/main-5.jpg
Not Found: /media/news_images/main-44.jpg
Not Found: /media/news_images/main-43.jpg
Not Found: /media/news_images/main-45.jpg
Not Found: /media/news_images/main-46.jpg
Not Found: /cart.json
Popup Ad Object: Popup Ad - https://www.linkedin.com/in/nizamthakur/
Ad Object: Popup Ad - https://www.linkedin.com/in/nizamthakur/
Not Found: /media/popup_ads/IMG_9951_PhVSpit.jpg
Not Found: /static/vendor/bootstrap/js/bootstrap.bundle.min.js
Not Found: /media/news_images/main-45.jpg
Not Found: /media/news_images/main-47.jpg
Not Found: /media/news_images/main-47_3S69iPC.jpg
Not Found: /media/news_images/main-44.jpg
Not Found: /media/news_images/main-43.jpg
Not Found: /media/news_images/main-46.jpg
Not Found: /media/news_images/main-31_DIJKZsQ.jpg
Not Found: /media/news_images/main-17_BnlQ6TE.jpg
Not Found: /media/news_images/main-17_j0hwvyy.jpg
Not Found: /media/news_images/main-48.jpg
Not Found: /media/news_images/main-5.jpg
Not Found: /media/news_images/main-29_kDilAMe.jpg
Not Found: /media/news_images/main-10_zgF4C3q.jpg
Not Found: /media/gallery/main-24.jpg
Not Found: /media/news_images/main-29_kDilAMe.jpg
Not Found: /media/news_images/main-47_3S69iPC.jpg
Not Found: /media/news_images/main-48.jpg
Not Found: /media/news_images/main-17_BnlQ6TE.jpg
Not Found: /media/news_images/main-44.jpg
Not Found: /media/news_images/main-45.jpg
Not Found: /media/news_images/main-47.jpg
Not Found: /media/news_images/main-46.jpg
Not Found: /cart.json
Popup Ad Object: Popup Ad - https://www.linkedin.com/in/nizamthakur/
Ad Object: Popup Ad - https://www.linkedin.com/in/nizamthakur/
Not Found: /media/popup_ads/IMG_9951_PhVSpit.jpg
Not Found: /media/news_images/main-47.jpg
Not Found: /media/news_images/main-47_3S69iPC.jpg
Not Found: /static/vendor/bootstrap/js/bootstrap.bundle.min.js
Not Found: /media/news_images/main-46.jpg
Not Found: /media/news_images/main-48.jpg
Not Found: /media/news_images/main-31_DIJKZsQ.jpg
Not Found: /media/news_images/main-17_BnlQ6TE.jpg
Not Found: /media/news_images/main-5.jpg
Not Found: /media/news_images/main-29_kDilAMe.jpg
Not Found: /media/news_images/main-10_zgF4C3q.jpg
Not Found: /media/news_images/main-17_j0hwvyy.jpg
Not Found: /media/news_images/main-45.jpg
Not Found: /media/news_images/main-44.jpg
Not Found: /media/gallery/main-24.jpg
Not Found: /media/news_images/main-43.jpg
Not Found: /media/news_images/main-47.jpg
Not Found: /cart.json
Popup Ad Object: Popup Ad - https://www.linkedin.com/in/nizamthakur/
Ad Object: Popup Ad - https://www.linkedin.com/in/nizamthakur/
Not Found: /favicon.ico
Not Found: /cart.json
Not Found: /cart.json
Not Found: /cart.json
Not Found: /cart.json
Not Found: /cart.json
Not Found: /cart.json
Not Found: /cart.json
Not Found: /cart.json
Not Found: /media/news_images/main-47_3S69iPC.jpg
Not Found: /media/news_images/main-47.jpg
Not Found: /static/vendor/bootstrap/js/bootstrap.bundle.min.js
Not Found: /media/news_images/main-46.jpg
Not Found: /media/news_images/main-48.jpg
Not Found: /media/news_images/main-17_j0hwvyy.jpg
Not Found: /media/news_images/main-45.jpg
Not Found: /media/news_images/main-29_kDilAMe.jpg
Not Found: /media/news_images/main-5.jpg
Not Found: /media/news_images/main-10_zgF4C3q.jpg
Not Found: /media/gallery/main-24.jpg
Not Found: /media/news_images/main-47_3S69iPC.jpg
Not Found: /media/news_images/main-47.jpg
Not Found: /media/news_images/main-43.jpg
Not Found: /media/news_images/main-44.jpg
Not Found: /media/news_images/main-17_BnlQ6TE.jpg
Not Found: /media/news_images/main-31_DIJKZsQ.jpg
Not Found: /cart.json
Popup Ad Object: Popup Ad - http://www.aronnonews.com
Ad Object: Popup Ad - http://www.aronnonews.com
Not Found: /media/news_images/main-47_3S69iPC.jpg
Not Found: /media/img/logo.png
Not Found: /media/news_images/main-48.jpg
Not Found: /media/news_images/main-31_DIJKZsQ.jpg
Not Found: /media/news_images/main-5.jpg
Not Found: /static/vendor/bootstrap/js/bootstrap.bundle.min.js
Not Found: /media/news_images/main-10_zgF4C3q.jpg
Not Found: /media/news_images/main-29_kDilAMe.jpg
Not Found: /media/news_images/main-17_j0hwvyy.jpg
Not Found: /media/news_images/main-45.jpg
Not Found: /media/news_images/main-43.jpg
Not Found: /media/news_images/main-17_BnlQ6TE.jpg
Not Found: /media/news_images/main-46.jpg
Not Found: /media/news_images/main-47.jpg
Not Found: /media/news_images/main-44.jpg
Not Found: /static/vendor/bootstrap/js/bootstrap.bundle.min.js
Not Found: /cart.json
Popup Ad Object: Popup Ad - http://www.aronnonews.com
Not Found: /media/news_images/main-47_3S69iPC.jpg
Not Found: /static/vendor/bootstrap/js/bootstrap.bundle.min.js
Not Found: /media/news_images/main-44.jpg
Not Found: /media/news_images/main-47.jpg
Not Found: /media/news_images/main-45.jpg
Not Found: /media/news_images/main-43.jpg
Not Found: /media/news_images/main-17_BnlQ6TE.jpg
Not Found: /media/news_images/main-31_DIJKZsQ.jpg
Not Found: /media/news_images/main-5.jpg
Not Found: /media/news_images/main-10_zgF4C3q.jpg
Not Found: /media/news_images/main-29_kDilAMe.jpg
Not Found: /media/gallery/main-24.jpg
Not Found: /media/news_images/main-46.jpg
Not Found: /media/news_images/main-17_j0hwvyy.jpg
Not Found: /media/news_images/main-48.jpg
Not Found: /media/news_images/main-47_3S69iPC.jpg
Not Found: /media/news_images/main-47.jpg
Not Found: /media/news_images/main-45.jpg
Not Found: /media/news_images/main-44.jpg
Not Found: /cart.json
Popup Ad Object: Popup Ad - http://www.aronnonews.com
Ad Object: Popup Ad - http://www.aronnonews.com
Not Found: /media/news_images/main-47_3S69iPC.jpg
Not Found: /media/news_images/main-48.jpg
Not Found: /media/news_images/main-47.jpg
Not Found: /static/vendor/bootstrap/js/bootstrap.bundle.min.js
Not Found: /media/news_images/main-46.jpg
Not Found: /media/news_images/main-44.jpg
Not Found: /media/news_images/main-43.jpg
Not Found: /media/news_images/main-17_BnlQ6TE.jpg
Not Found: /media/news_images/main-31_DIJKZsQ.jpg
Not Found: /media/news_images/main-10_zgF4C3q.jpg
Not Found: /media/news_images/main-17_j0hwvyy.jpg
Not Found: /media/news_images/main-29_kDilAMe.jpg
Not Found: /media/news_images/main-5.jpg
Not Found: /media/gallery/main-24.jpg
Not Found: /media/news_images/main-45.jpg
Not Found: /cart.json
Popup Ad Object: Popup Ad - http://www.aronnonews.com
Ad Object: Popup Ad - http://www.aronnonews.com
Not Found: /media/news_images/main-47_3S69iPC.jpg
Not Found: /media/news_images/main-47.jpg
Not Found: /media/news_images/main-48.jpg
Not Found: /media/news_images/main-46.jpg
Not Found: /media/news_images/main-17_j0hwvyy.jpg
Not Found: /media/news_images/main-43.jpg
Not Found: /static/vendor/bootstrap/js/bootstrap.bundle.min.js
Not Found: /media/news_images/main-17_BnlQ6TE.jpg
Not Found: /media/news_images/main-45.jpg
Not Found: /media/news_images/main-31_DIJKZsQ.jpg
Not Found: /media/news_images/main-44.jpg
Not Found: /media/news_images/main-5.jpg
Not Found: /media/news_images/main-29_kDilAMe.jpg
Not Found: /media/gallery/main-24.jpg
Not Found: /media/news_images/main-10_zgF4C3q.jpg
[UID:1472][4055892] Reached max children process limit: 6, extra: 2, current: 8, busy: 8, please increase LSAPI_CHILDREN.
[UID:1472][4055892] Reached max children process limit: 6, extra: 2, current: 8, busy: 8, please increase LSAPI_CHILDREN.
[UID:1472][4055892] Reached max children process limit: 6, extra: 2, current: 8, busy: 8, please increase LSAPI_CHILDREN.
[UID:1472][4055892] Reached max children process limit: 6, extra: 2, current: 8, busy: 8, please increase LSAPI_CHILDREN.
[UID:1472][4055892] Reached max children process limit: 6, extra: 2, current: 8, busy: 8, please increase LSAPI_CHILDREN.
[UID:1472][4055892] Reached max children process limit: 6, extra: 2, current: 8, busy: 8, please increase LSAPI_CHILDREN.
[UID:1472][4055892] Reached max children process limit: 6, extra: 2, current: 8, busy: 8, please increase LSAPI_CHILDREN.
Popup Ad Object: Popup Ad - http://www.aronnonews.com
Ad Object: Popup Ad - http://www.aronnonews.com
[UID:1472][4055892] Reached max children process limit: 6, extra: 2, current: 8, busy: 8, please increase LSAPI_CHILDREN.
Not Found: /cart.json
Not Found: /media/ads/main-33.jpg
Not Found: /static/vendor/bootstrap/js/bootstrap.bundle.min.js
Not Found: /media/news_images/main-35.jpg
Not Found: /media/commenters/main-20.jpg
Not Found: /media/commenters/main-19.jpg
Not Found: /media/commenters/main-6.jpg
Not Found: /media/news_images/main-32.jpg
Not Found: /media/news_images/main-39.jpg
Not Found: /media/ads/main-34_EZgEF73.jpg
Not Found: /media/news_images/main-30.jpg
Not Found: /media/news_images/main-29.jpg
Not Found: /media/news_images/main-28.jpg
Not Found: /media/news_images/main-41.jpg
Not Found: /media/news_images/main-17_DyhfHdO.jpg
Not Found: /media/news_images/Screenshot_2021-06-27_213430.jpg
Not Found: /media/news_images/Screenshot_2021-06-07_210155.jpg
Not Found: /media/news_images/jagonews-20240907180740_xds6TQG.jpg
Not Found: /media/news_images/bgb-adviser-20240907155614_CkZWVfb.jpg
Not Found: /media/news_images/jagonews-20240907180740_uTAJ0Ll.jpg
Not Found: /media/news_images/main-17_IkztK0d.jpg
Not Found: /media/news_images/bgb-adviser-20240907155614_1VMbkPG.jpg
Not Found: /media/news_images/jagonews-20240907180740.jpg
Not Found: /media/news_images/nazmul-abedin-fahim-20240907192738.jpg
Not Found: /media/news_images/bgb-adviser-20240907155614_JW8V1gA.jpg
Not Found: /media/news_images/main-40.jpg
Not Found: /media/news_images/bgb-adviser-20240907155614_riPH09Z.jpg
Not Found: /media/news_images/bgb-adviser-20240907155614.jpg
Not Found: /media/news_images/main-26.jpg
Not Found: /media/news_images/main-25.jpg
Not Found: /media/news_images/main-24.jpg
Not Found: /media/news_images/main-17_fUzsQZT.jpg
Not Found: /media/news_images/main-17_Me56dZn.jpg
Not Found: /media/news_images/main-17_YRWCsXE.jpg
Not Found: /media/news_images/main-39_othJbKP.jpg
Not Found: /media/news_images/main-17_3vS22li.jpg
Not Found: /media/news_images/main-21.jpg
Not Found: /media/news_images/main-17_WC87CX1.jpg
Not Found: /media/news_images/main-17_IN26Rnr.jpg
Not Found: /media/news_images/main-17_0MT9Hc2.jpg
Not Found: /media/news_images/main-18.jpg
Not Found: /media/news_images/main-17.jpg
Not Found: /media/news_images/main-16.jpg
Not Found: /media/news_images/main-17_BOxPsw5.jpg
Not Found: /media/news_images/main-14.jpg
Not Found: /media/news_images/main-13.jpg
Not Found: /media/news_images/main-12.jpg
Not Found: /media/news_images/main-10.jpg
Not Found: /media/news_images/main-9.jpg
Not Found: /media/news_images/main-8.jpg
Not Found: /media/news_images/main-7.jpg
Not Found: /media/news_images/main-11_3b9JMCo.jpg
Not Found: /media/news_images/main-4_sLhQgMB.jpg
Not Found: /media/news_images/main-3.jpg
Not Found: /media/news_images/main-1.jpg
Not Found: /media/news_images/main-2.jpg
Not Found: /media/ads/Screenshot_2024-09-07_at_4.23.40PM.png
Not Found: /media/ads/Screenshot_2024-09-07_at_6_aGLOYBN.03.06PM.png
Not Found: /media/ads/main-23-ads.jpg
Not Found: /media/ads/react_icon.png
Not Found: /media/ads/Screenshot_2024-09-07_at_6_Fvef1yM.03.06PM.png
Not Found: /media/ads/main-38.jpg
Not Found: /media/gallery/main-5.jpg
Not Found: /media/gallery/main-4.jpg
Not Found: /media/ads/main-37_NXAyqqk.jpg
Not Found: /media/ads/Screenshot_2024-09-07_at_7.14.16PM.png
[UID:1472][4151333] Child process with pid: 4151632 was killed by signal: 15, core dumped: no
Not Found: /media/news_images/main-47_3S69iPC.jpg
Not Found: /media/news_images/main-47.jpg
Not Found: /static/vendor/bootstrap/js/bootstrap.bundle.min.js
Not Found: /media/news_images/main-46.jpg
Not Found: /media/news_images/main-17_j0hwvyy.jpg
Not Found: /media/news_images/main-44.jpg
Not Found: /media/news_images/main-43.jpg
Not Found: /media/news_images/main-17_BnlQ6TE.jpg
Not Found: /media/news_images/main-31_DIJKZsQ.jpg
Not Found: /media/news_images/main-10_zgF4C3q.jpg
Not Found: /media/news_images/main-5.jpg
Not Found: /media/news_images/main-29_kDilAMe.jpg
Not Found: /media/gallery/main-24.jpg
Not Found: /media/news_images/main-48.jpg
Not Found: /media/news_images/main-45.jpg
Not Found: /media/news_images/main-47_3S69iPC.jpg
Not Found: /media/news_images/main-47.jpg
Not Found: /android-icon.png
Not Found: /apple-touch-icon.png
Not Found: /media/news_images/main-47_3S69iPC.jpg
Not Found: /media/news_images/main-47.jpg
Not Found: /static/vendor/bootstrap/js/bootstrap.bundle.min.js
Not Found: /media/news_images/main-48.jpg
Not Found: /media/news_images/main-17_j0hwvyy.jpg
Not Found: /media/news_images/main-44.jpg
Not Found: /media/news_images/main-45.jpg
Not Found: /media/news_images/main-17_BnlQ6TE.jpg
Not Found: /media/news_images/main-31_DIJKZsQ.jpg
Not Found: /media/news_images/main-5.jpg
Not Found: /media/news_images/main-10_zgF4C3q.jpg
Not Found: /media/news_images/main-29_kDilAMe.jpg
Not Found: /media/gallery/main-24.jpg
Not Found: /media/news_images/main-46.jpg
Not Found: /media/news_images/main-43.jpg
Not Found: /media/news_images/main-47_3S69iPC.jpg
Not Found: /media/news_images/main-47.jpg
Not Found: /media/news_images/main-17_j0hwvyy.jpg
Not Found: /media/news_images/main-48.jpg
Not Found: /media/news_images/main-44.jpg
Popup Ad Object: Popup Ad - http://www.aronnonews.com
Ad Object: Popup Ad - http://www.aronnonews.com
Not Found: /media/news_images/main-47_3S69iPC.jpg
[UID:1472][4151333] Reached max children process limit: 6, extra: 2, current: 8, busy: 8, please increase LSAPI_CHILDREN.
Not Found: /static/vendor/bootstrap/js/bootstrap.bundle.min.js
Not Found: /media/news_images/main-45.jpg
Not Found: /media/news_images/main-47.jpg
Not Found: /media/news_images/main-43.jpg
Not Found: /media/news_images/main-44.jpg
Not Found: /media/news_images/main-17_BnlQ6TE.jpg
Not Found: /media/news_images/main-31_DIJKZsQ.jpg
Not Found: /media/news_images/main-46.jpg
Not Found: /media/news_images/main-5.jpg
Not Found: /media/news_images/main-48.jpg
Not Found: /media/news_images/main-29_kDilAMe.jpg
Not Found: /media/news_images/main-10_zgF4C3q.jpg
Not Found: /media/gallery/main-24.jpg
[UID:1472][4151333] Reached max children process limit: 6, extra: 2, current: 8, busy: 8, please increase LSAPI_CHILDREN.
Popup Ad Object: Popup Ad - http://www.aronnonews.com
Ad Object: Popup Ad - http://www.aronnonews.com
[UID:1472][4151333] Reached max children process limit: 6, extra: 2, current: 8, busy: 8, please increase LSAPI_CHILDREN.
Not Found: /media/news_images/main-29_kDilAMe.jpg
Not Found: /media/news_images/main-10_zgF4C3q.jpg
Not Found: /media/news_images/main-47.jpg
Not Found: /media/news_images/main-47_3S69iPC.jpg
Not Found: /media/news_images/main-17_j0hwvyy.jpg
Not Found: /media/news_images/main-48.jpg
Not Found: /media/news_images/main-5.jpg
Not Found: /media/news_images/main-44.jpg
Not Found: /media/news_images/main-45.jpg
Not Found: /media/news_images/main-46.jpg
Not Found: /media/news_images/main-17_BnlQ6TE.jpg
Not Found: /media/news_images/main-43.jpg
Not Found: /media/news_images/main-31_DIJKZsQ.jpg
Not Found: /cart.json
Popup Ad Object: Popup Ad - http://www.aronnonews.com
Ad Object: Popup Ad - http://www.aronnonews.com
Not Found: /media/news_images/main-47_3S69iPC.jpg
Not Found: /media/news_images/main-47.jpg
Not Found: /static/vendor/bootstrap/js/bootstrap.bundle.min.js
Not Found: /media/news_images/main-46.jpg
Not Found: /media/news_images/main-44.jpg
Not Found: /media/news_images/main-43.jpg
Not Found: /media/news_images/main-17_BnlQ6TE.jpg
Not Found: /media/news_images/main-5.jpg
Not Found: /media/news_images/main-10_zgF4C3q.jpg
Not Found: /media/gallery/main-24.jpg
Not Found: /media/news_images/main-29_kDilAMe.jpg
Not Found: /media/news_images/main-17_j0hwvyy.jpg
Not Found: /media/news_images/main-48.jpg
Not Found: /media/news_images/main-45.jpg
Not Found: /media/news_images/main-31_DIJKZsQ.jpg
Not Found: /media/news_images/main-10_zgF4C3q.jpg
Not Found: /media/news_images/main-29_kDilAMe.jpg
Not Found: /media/news_images/main-47_3S69iPC.jpg
Not Found: /media/news_images/main-17_j0hwvyy.jpg
Not Found: /media/news_images/main-47.jpg
Not Found: /media/news_images/main-48.jpg
Not Found: /media/news_images/main-5.jpg
Not Found: /media/news_images/main-31_DIJKZsQ.jpg
Not Found: /media/news_images/main-44.jpg
Not Found: /media/news_images/main-45.jpg
Not Found: /media/news_images/main-17_BnlQ6TE.jpg
Not Found: /media/news_images/main-46.jpg
Not Found: /media/news_images/main-43.jpg
Not Found: /media/news_images/main-47_3S69iPC.jpg
Not Found: /media/news_images/main-45.jpg
Not Found: /media/news_images/main-43.jpg
Not Found: /media/news_images/main-46.jpg
Not Found: /media/news_images/main-47.jpg
Not Found: /media/news_images/main-17_j0hwvyy.jpg
Not Found: /media/news_images/main-17_BnlQ6TE.jpg
Not Found: /media/news_images/main-31_DIJKZsQ.jpg
Not Found: /media/news_images/main-5.jpg
Not Found: /media/news_images/main-10_zgF4C3q.jpg
Not Found: /media/news_images/main-29_kDilAMe.jpg
Not Found: /media/news_images/main-48.jpg
Not Found: /media/news_images/main-44.jpg
Not Found: /static/vendor/bootstrap/js/bootstrap.bundle.min.js
Not Found: /media/gallery/main-24.jpg
Popup Ad Object: Popup Ad - http://www.aronnonews.com
Ad Object: Popup Ad - http://www.aronnonews.com
Popup Ad Object: Popup Ad - http://www.aronnonews.com
Ad Object: Popup Ad - http://www.aronnonews.com
Not Found: /media/news_images/main-17_BnlQ6TE.jpg
Not Found: /media/news_images/main-31_DIJKZsQ.jpg
Not Found: /media/news_images/main-10_zgF4C3q.jpg
Not Found: /media/news_images/main-29_kDilAMe.jpg
Not Found: /media/news_images/main-47_3S69iPC.jpg
Not Found: /media/news_images/main-44.jpg
Not Found: /media/news_images/main-45.jpg
Not Found: /media/news_images/main-46.jpg
Not Found: /media/news_images/main-43.jpg
Not Found: /media/news_images/main-17_j0hwvyy.jpg
Not Found: /media/news_images/main-47.jpg
Not Found: /media/news_images/main-5.jpg
Not Found: /media/news_images/main-48.jpg
Not Found: /cart.json
Not Found: /static/vendor/bootstrap/js/bootstrap.bundle.min.js
Not Found: /media/news_images/main-47_3S69iPC.jpg
Not Found: /media/news_images/main-47.jpg
Not Found: /static/vendor/bootstrap/js/bootstrap.bundle.min.js
Not Found: /media/news_images/main-43.jpg
Not Found: /media/news_images/main-46.jpg
Not Found: /media/news_images/main-17_j0hwvyy.jpg
Not Found: /media/news_images/main-48.jpg
Not Found: /media/news_images/main-45.jpg
Not Found: /media/news_images/main-44.jpg
Not Found: /media/news_images/main-17_BnlQ6TE.jpg
Not Found: /media/news_images/main-5.jpg
Not Found: /media/news_images/main-31_DIJKZsQ.jpg
Not Found: /media/news_images/main-10_zgF4C3q.jpg
Not Found: /media/news_images/main-29_kDilAMe.jpg
Not Found: /media/gallery/main-24.jpg
Not Found: /media/news_images/main-31_DIJKZsQ.jpg
Not Found: /media/news_images/main-17_BnlQ6TE.jpg
Not Found: /media/news_images/main-10_zgF4C3q.jpg
Not Found: /media/news_images/main-29_kDilAMe.jpg
Not Found: /media/news_images/main-47_3S69iPC.jpg
Not Found: /media/news_images/main-48.jpg
Not Found: /media/news_images/main-47.jpg
Not Found: /media/news_images/main-5.jpg
Not Found: /media/news_images/main-17_j0hwvyy.jpg
Not Found: /media/news_images/main-44.jpg
Not Found: /media/news_images/main-46.jpg
Not Found: /media/news_images/main-43.jpg
Not Found: /media/news_images/main-45.jpg
Not Found: /media/news_images/main-47_3S69iPC.jpg
Not Found: /media/news_images/main-47.jpg
Not Found: /media/news_images/main-46.jpg
Not Found: /static/vendor/bootstrap/js/bootstrap.bundle.min.js
Not Found: /media/news_images/main-44.jpg
Not Found: /media/news_images/main-48.jpg
Not Found: /media/news_images/main-31_DIJKZsQ.jpg
Not Found: /media/news_images/main-43.jpg
Not Found: /media/news_images/main-17_BnlQ6TE.jpg
Not Found: /media/news_images/main-10_zgF4C3q.jpg
Not Found: /media/news_images/main-5.jpg
Not Found: /media/news_images/main-17_j0hwvyy.jpg
Not Found: /media/news_images/main-45.jpg
Not Found: /media/news_images/main-29_kDilAMe.jpg
Not Found: /media/gallery/main-24.jpg
Not Found: /media/news_images/main-47_3S69iPC.jpg
Not Found: /media/news_images/main-47.jpg
Not Found: /media/news_images/main-44.jpg
Not Found: /media/news_images/main-46.jpg
Popup Ad Object: Popup Ad - http://www.aronnonews.com
Ad Object: Popup Ad - http://www.aronnonews.com
Not Found: /media/news_images/main-47_3S69iPC.jpg
Not Found: /media/news_images/main-47.jpg
Not Found: /static/vendor/bootstrap/js/bootstrap.bundle.min.js
Not Found: /media/news_images/main-46.jpg
Not Found: /media/news_images/main-17_j0hwvyy.jpg
Not Found: /media/news_images/main-48.jpg
Not Found: /media/news_images/main-45.jpg
Not Found: /media/news_images/main-43.jpg
Not Found: /media/news_images/main-44.jpg
Not Found: /media/news_images/main-17_BnlQ6TE.jpg
Not Found: /media/news_images/main-31_DIJKZsQ.jpg
Not Found: /media/news_images/main-5.jpg
Not Found: /media/news_images/main-10_zgF4C3q.jpg
Not Found: /media/news_images/main-29_kDilAMe.jpg
Not Found: /media/gallery/main-24.jpg
Not Found: /media/news_images/main-17_BnlQ6TE.jpg
Not Found: /media/news_images/main-10_zgF4C3q.jpg
Not Found: /media/news_images/main-29_kDilAMe.jpg
Not Found: /media/news_images/main-47_3S69iPC.jpg
Not Found: /media/news_images/main-17_j0hwvyy.jpg
Not Found: /media/news_images/main-47.jpg
Not Found: /media/news_images/main-48.jpg
Not Found: /media/news_images/main-31_DIJKZsQ.jpg
Not Found: /media/news_images/main-5.jpg
Not Found: /media/news_images/main-44.jpg
Not Found: /media/news_images/main-46.jpg
Not Found: /media/news_images/main-45.jpg
Not Found: /media/news_images/main-43.jpg
Popup Ad Object: Popup Ad - http://www.aronnonews.com
Ad Object: Popup Ad - http://www.aronnonews.com
Popup Ad Object: Popup Ad - http://www.aronnonews.com
Ad Object: Popup Ad - http://www.aronnonews.com
[UID:1472][4151333] Reached max children process limit: 6, extra: 2, current: 8, busy: 7, please increase LSAPI_CHILDREN.
Not Found: /media/news_images/main-47.jpg
Not Found: /media/news_images/main-46.jpg
Not Found: /media/news_images/main-47_3S69iPC.jpg
Not Found: /media/news_images/main-48.jpg
Not Found: /media/news_images/main-17_j0hwvyy.jpg
Not Found: /media/news_images/main-44.jpg
Not Found: /media/news_images/main-43.jpg
Not Found: /media/news_images/main-17_BnlQ6TE.jpg
Not Found: /media/news_images/main-31_DIJKZsQ.jpg
Not Found: /media/news_images/main-5.jpg
Not Found: /media/news_images/main-10_zgF4C3q.jpg
Not Found: /media/news_images/main-29_kDilAMe.jpg
[UID:1472][4151333] Reached max children process limit: 6, extra: 2, current: 8, busy: 8, please increase LSAPI_CHILDREN.
Not Found: /media/gallery/main-24.jpg
Not Found: /static/vendor/bootstrap/js/bootstrap.bundle.min.js
[UID:1472][4151333] Reached max children process limit: 6, extra: 2, current: 8, busy: 8, please increase LSAPI_CHILDREN.
[UID:1472][4151333] Reached max children process limit: 6, extra: 2, current: 8, busy: 8, please increase LSAPI_CHILDREN.
[UID:1472][4151333] Reached max children process limit: 6, extra: 2, current: 8, busy: 8, please increase LSAPI_CHILDREN.
[UID:1472][4151333] Reached max children process limit: 6, extra: 2, current: 8, busy: 8, please increase LSAPI_CHILDREN.
[UID:1472][4151333] Reached max children process limit: 6, extra: 2, current: 8, busy: 8, please increase LSAPI_CHILDREN.
[UID:1472][4151333] Reached max children process limit: 6, extra: 2, current: 8, busy: 8, please increase LSAPI_CHILDREN.
[UID:1472][4151333] Reached max children process limit: 6, extra: 2, current: 8, busy: 8, please increase LSAPI_CHILDREN.
[UID:1472][4151333] Reached max children process limit: 6, extra: 2, current: 8, busy: 8, please increase LSAPI_CHILDREN.
Popup Ad Object: Popup Ad - http://www.aronnonews.com
Ad Object: Popup Ad - http://www.aronnonews.com
[UID:1472][4151333] Reached max children process limit: 6, extra: 2, current: 8, busy: 8, please increase LSAPI_CHILDREN.
Not Found: /media/news_images/main-45.jpg
Not Found: /media/news_images/main-31_DIJKZsQ.jpg
Not Found: /media/news_images/main-17_BnlQ6TE.jpg
Not Found: /media/news_images/main-10_zgF4C3q.jpg
Not Found: /media/news_images/main-29_kDilAMe.jpg
Not Found: /media/news_images/main-17_j0hwvyy.jpg
Not Found: /media/news_images/main-44.jpg
Not Found: /media/news_images/main-48.jpg
Not Found: /media/news_images/main-45.jpg
Not Found: /media/news_images/main-46.jpg
Not Found: /media/news_images/main-5.jpg
Not Found: /media/news_images/main-43.jpg
Not Found: /media/news_images/main-47_3S69iPC.jpg
Not Found: /media/news_images/main-47.jpg
Not Found: /static/vendor/bootstrap/js/bootstrap.bundle.min.js
Not Found: /cart.json
Not Found: /media/news_images/main-47_3S69iPC.jpg
Not Found: /media/news_images/main-47.jpg
Not Found: /static/vendor/bootstrap/js/bootstrap.bundle.min.js
Not Found: /media/news_images/main-46.jpg
Not Found: /media/news_images/main-43.jpg
Not Found: /media/news_images/main-31_DIJKZsQ.jpg
Not Found: /media/news_images/main-44.jpg
Not Found: /media/news_images/main-5.jpg
Not Found: /media/news_images/main-48.jpg
Not Found: /media/news_images/main-29_kDilAMe.jpg
Not Found: /media/news_images/main-10_zgF4C3q.jpg
Not Found: /media/news_images/main-45.jpg
Not Found: /media/news_images/main-17_j0hwvyy.jpg
Not Found: /media/gallery/main-24.jpg
Not Found: /media/news_images/main-17_BnlQ6TE.jpg
Not Found: /media/news_images/main-10_zgF4C3q.jpg
Not Found: /media/news_images/main-29_kDilAMe.jpg
Not Found: /media/news_images/main-47_3S69iPC.jpg
Not Found: /media/news_images/main-17_j0hwvyy.jpg
Not Found: /media/news_images/main-47.jpg
Not Found: /media/news_images/main-31_DIJKZsQ.jpg
Not Found: /media/news_images/main-5.jpg
Not Found: /media/news_images/main-48.jpg
Not Found: /media/news_images/main-44.jpg
Not Found: /media/news_images/main-45.jpg
Not Found: /media/news_images/main-46.jpg
Not Found: /media/news_images/main-17_BnlQ6TE.jpg
Not Found: /media/news_images/main-43.jpg
Not Found: /media/news_images/main-47_3S69iPC.jpg
Not Found: /media/news_images/main-47.jpg
Not Found: /static/vendor/bootstrap/js/bootstrap.bundle.min.js
Not Found: /media/news_images/main-46.jpg
Not Found: /media/news_images/main-17_BnlQ6TE.jpg
Not Found: /media/news_images/main-43.jpg
Not Found: /media/news_images/main-45.jpg
Not Found: /media/news_images/main-44.jpg
Not Found: /media/news_images/main-31_DIJKZsQ.jpg
Not Found: /media/gallery/main-24.jpg
Not Found: /media/news_images/main-5.jpg
Not Found: /media/news_images/main-10_zgF4C3q.jpg
Not Found: /media/news_images/main-29_kDilAMe.jpg
Not Found: /media/news_images/main-17_j0hwvyy.jpg
Not Found: /media/news_images/main-48.jpg
Not Found: /media/news_images/main-47_3S69iPC.jpg
Not Found: /media/news_images/main-31_DIJKZsQ.jpg
Not Found: /media/news_images/main-17_BnlQ6TE.jpg
Not Found: /media/news_images/main-10_zgF4C3q.jpg
Not Found: /media/news_images/main-29_kDilAMe.jpg
Not Found: /media/news_images/main-17_j0hwvyy.jpg
Not Found: /media/news_images/main-47_3S69iPC.jpg
Not Found: /media/news_images/main-48.jpg
Not Found: /media/news_images/main-5.jpg
Not Found: /media/news_images/main-47.jpg
Not Found: /media/news_images/main-44.jpg
Not Found: /media/news_images/main-45.jpg
Not Found: /media/news_images/main-43.jpg
Not Found: /media/news_images/main-46.jpg
Popup Ad Object: Popup Ad - http://www.aronnonews.com
Ad Object: Popup Ad - http://www.aronnonews.com
Not Found: /media/news_images/main-46.jpg
Not Found: /media/img/logo.png
Not Found: /static/vendor/bootstrap/js/bootstrap.bundle.min.js
Not Found: /media/news_images/main-48.jpg
Not Found: /media/news_images/main-31_DIJKZsQ.jpg
Not Found: /media/news_images/main-17_BnlQ6TE.jpg
Not Found: /media/news_images/main-17_j0hwvyy.jpg
Not Found: /media/news_images/main-5.jpg
Not Found: /media/news_images/main-10_zgF4C3q.jpg
Not Found: /media/news_images/main-47_3S69iPC.jpg
Not Found: /media/news_images/main-29_kDilAMe.jpg
Not Found: /media/news_images/main-47.jpg
Not Found: /media/news_images/main-44.jpg
Not Found: /media/news_images/main-45.jpg
Not Found: /media/news_images/main-43.jpg
Not Found: /static/vendor/bootstrap/js/bootstrap.bundle.min.js
Not Found: /news/10/android-icon.png
Not Found: /news/10/apple-touch-icon.png
Popup Ad Object: Popup Ad - http://www.aronnonews.com
Not Found: /media/news_images/main-46.jpg
Not Found: /media/img/logo.png
Not Found: /static/vendor/bootstrap/js/bootstrap.bundle.min.js
Not Found: /media/news_images/main-17_j0hwvyy.jpg
Not Found: /media/news_images/main-45.jpg
Not Found: /media/news_images/main-48.jpg
Not Found: /media/news_images/main-10_zgF4C3q.jpg
Not Found: /media/news_images/main-43.jpg
Not Found: /media/news_images/main-31_DIJKZsQ.jpg
Not Found: /media/news_images/main-5.jpg
Not Found: /media/news_images/main-29_kDilAMe.jpg
Not Found: /media/news_images/main-47_3S69iPC.jpg
Not Found: /media/news_images/main-44.jpg
Not Found: /media/news_images/main-47.jpg
Not Found: /media/news_images/main-17_BnlQ6TE.jpg
Not Found: /static/vendor/bootstrap/js/bootstrap.bundle.min.js
Popup Ad Object: Popup Ad - http://www.aronnonews.com
Ad Object: Popup Ad - http://www.aronnonews.com
Popup Ad Object: Popup Ad - http://www.aronnonews.com
Not Found: /media/news_images/main-47_3S69iPC.jpg
Not Found: /media/news_images/main-46.jpg
Not Found: /media/news_images/main-48.jpg
Not Found: /media/news_images/main-47.jpg
Not Found: /media/news_images/main-17_j0hwvyy.jpg
Not Found: /media/news_images/main-45.jpg
Not Found: /media/news_images/main-44.jpg
Not Found: /media/news_images/main-17_BnlQ6TE.jpg
Not Found: /media/news_images/main-5.jpg
Not Found: /media/news_images/main-31_DIJKZsQ.jpg
Not Found: /media/news_images/main-10_zgF4C3q.jpg
Not Found: /media/news_images/main-43.jpg
Not Found: /media/news_images/main-29_kDilAMe.jpg
Not Found: /media/gallery/main-24.jpg
Not Found: /static/vendor/bootstrap/js/bootstrap.bundle.min.js
Popup Ad Object: Popup Ad - http://www.aronnonews.com
Ad Object: Popup Ad - http://www.aronnonews.com
Not Found: /media/news_images/main-31_DIJKZsQ.jpg
Not Found: /media/news_images/main-17_BnlQ6TE.jpg
Not Found: /media/news_images/main-10_zgF4C3q.jpg
Not Found: /media/news_images/main-29_kDilAMe.jpg
Not Found: /media/news_images/main-17_j0hwvyy.jpg
Not Found: /media/news_images/main-46.jpg
Not Found: /media/news_images/main-44.jpg
Not Found: /media/news_images/main-48.jpg
Not Found: /media/news_images/main-5.jpg
Not Found: /media/news_images/main-45.jpg
Not Found: /media/news_images/main-43.jpg
Not Found: /media/news_images/main-47.jpg
Not Found: /media/news_images/main-47_3S69iPC.jpg
Not Found: /static/vendor/bootstrap/js/bootstrap.bundle.min.js
Not Found: /cart.json
Not Found: /media/news_images/main-46.jpg
Not Found: /media/news_images/main-17_j0hwvyy.jpg
Not Found: /media/news_images/main-48.jpg
Not Found: /media/img/logo.png
Not Found: /media/news_images/main-45.jpg
Not Found: /media/news_images/main-31_DIJKZsQ.jpg
Not Found: /media/news_images/main-5.jpg
Not Found: /media/news_images/main-47_3S69iPC.jpg
Not Found: /media/news_images/main-47.jpg
Not Found: /media/news_images/main-29_kDilAMe.jpg
Not Found: /media/news_images/main-44.jpg
Not Found: /media/news_images/main-43.jpg
Not Found: /media/news_images/main-17_BnlQ6TE.jpg
Not Found: /media/news_images/main-10_zgF4C3q.jpg
Not Found: /static/vendor/bootstrap/js/bootstrap.bundle.min.js
Not Found: /static/vendor/bootstrap/js/bootstrap.bundle.min.js
Not Found: /media/news_images/main-46.jpg
Not Found: /media/img/logo.png
Not Found: /static/vendor/bootstrap/js/bootstrap.bundle.min.js
Not Found: /media/news_images/main-48.jpg
Not Found: /media/news_images/main-45.jpg
Not Found: /media/news_images/main-43.jpg
Not Found: /media/news_images/main-17_BnlQ6TE.jpg
Not Found: /media/news_images/main-31_DIJKZsQ.jpg
Not Found: /media/news_images/main-10_zgF4C3q.jpg
Not Found: /media/news_images/main-5.jpg
Not Found: /media/news_images/main-17_j0hwvyy.jpg
Not Found: /media/news_images/main-29_kDilAMe.jpg
Not Found: /media/news_images/main-44.jpg
Not Found: /media/news_images/main-47_3S69iPC.jpg
Not Found: /media/news_images/main-47.jpg
Not Found: /static/vendor/bootstrap/js/bootstrap.bundle.min.js
Popup Ad Object: Popup Ad - http://www.aronnonews.com
Not Found: /media/news_images/main-47_3S69iPC.jpg
Not Found: /media/news_images/main-47.jpg
Not Found: /static/vendor/bootstrap/js/bootstrap.bundle.min.js
Not Found: /media/news_images/main-46.jpg
Not Found: /media/news_images/main-48.jpg
Not Found: /media/news_images/main-45.jpg
Not Found: /media/news_images/main-17_j0hwvyy.jpg
Not Found: /static/vendor/bootstrap/js/bootstrap.bundle.min.js
[UID:1472][4151333] Reached max children process limit: 6, extra: 2, current: 8, busy: 7, please increase LSAPI_CHILDREN.
Not Found: /media/news_images/main-29_kDilAMe.jpg
Not Found: /media/news_images/main-44.jpg
Not Found: /media/news_images/main-10_zgF4C3q.jpg
Not Found: /media/gallery/main-24.jpg
Not Found: /media/news_images/main-47_3S69iPC.jpg
Not Found: /media/news_images/main-47.jpg
Not Found: /media/news_images/main-17_BnlQ6TE.jpg
Not Found: /media/news_images/main-43.jpg
[UID:1472][4151333] Reached max children process limit: 6, extra: 2, current: 8, busy: 8, please increase LSAPI_CHILDREN.
[UID:1472][4151333] Reached max children process limit: 6, extra: 2, current: 8, busy: 8, please increase LSAPI_CHILDREN.
[UID:1472][4151333] Reached max children process limit: 6, extra: 2, current: 8, busy: 8, please increase LSAPI_CHILDREN.
[UID:1472][4151333] Reached max children process limit: 6, extra: 2, current: 8, busy: 8, please increase LSAPI_CHILDREN.
[UID:1472][4151333] Reached max children process limit: 6, extra: 2, current: 8, busy: 8, please increase LSAPI_CHILDREN.
Popup Ad Object: Popup Ad - http://www.aronnonews.com
[UID:1472][4151333] Reached max children process limit: 6, extra: 2, current: 8, busy: 7, please increase LSAPI_CHILDREN.
[UID:1472][4151333] Reached max children process limit: 6, extra: 2, current: 8, busy: 7, please increase LSAPI_CHILDREN.
Not Found: /media/news_images/main-31_DIJKZsQ.jpg
Not Found: /media/news_images/main-5.jpg
[UID:1472][4151333] Reached max children process limit: 6, extra: 2, current: 8, busy: 8, please increase LSAPI_CHILDREN.
[UID:1472][4151333] Reached max children process limit: 6, extra: 2, current: 8, busy: 8, please increase LSAPI_CHILDREN.
[UID:1472][4151333] Reached max children process limit: 6, extra: 2, current: 8, busy: 8, please increase LSAPI_CHILDREN.
[UID:1472][4151333] Reached max children process limit: 6, extra: 2, current: 8, busy: 8, please increase LSAPI_CHILDREN.
[UID:1472][4151333] Reached max children process limit: 6, extra: 2, current: 8, busy: 8, please increase LSAPI_CHILDREN.
Not Found: /cart.json
Popup Ad Object: Popup Ad - http://www.aronnonews.com
Ad Object: Popup Ad - http://www.aronnonews.com
Not Found: /media/news_images/main-47_3S69iPC.jpg
Not Found: /media/img/logo.png
Not Found: /static/vendor/bootstrap/js/bootstrap.bundle.min.js
Not Found: /media/news_images/main-48.jpg
Not Found: /media/news_images/main-5.jpg
Not Found: /media/news_images/main-31_DIJKZsQ.jpg
Not Found: /media/news_images/main-10_zgF4C3q.jpg
Not Found: /media/news_images/main-47.jpg
Not Found: /media/news_images/main-29_kDilAMe.jpg
Not Found: /media/news_images/main-17_j0hwvyy.jpg
Not Found: /media/news_images/main-45.jpg
Not Found: /media/news_images/main-43.jpg
Not Found: /media/news_images/main-46.jpg
Not Found: /media/news_images/main-17_BnlQ6TE.jpg
Not Found: /media/news_images/main-44.jpg
Not Found: /static/vendor/bootstrap/js/bootstrap.bundle.min.js
Not Found: /static/vendor/bootstrap/js/bootstrap.bundle.min.js
Not Found: /cart.json
Popup Ad Object: Popup Ad - http://www.aronnonews.com
Not Found: /media/news_images/main-47_3S69iPC.jpg
Not Found: /media/news_images/main-47.jpg
Not Found: /media/news_images/main-45.jpg
Not Found: /static/vendor/bootstrap/js/bootstrap.bundle.min.js
Not Found: /media/news_images/main-46.jpg
Not Found: /media/news_images/main-43.jpg
Not Found: /media/news_images/main-48.jpg
Not Found: /media/news_images/main-17_j0hwvyy.jpg
Not Found: /media/news_images/main-44.jpg
Not Found: /media/news_images/main-31_DIJKZsQ.jpg
Not Found: /media/news_images/main-17_BnlQ6TE.jpg
Not Found: /media/news_images/main-10_zgF4C3q.jpg
Not Found: /media/news_images/main-5.jpg
Not Found: /media/news_images/main-29_kDilAMe.jpg
Not Found: /media/gallery/main-24.jpg
Not Found: /media/news_images/main-47_3S69iPC.jpg
Not Found: /media/news_images/main-47.jpg
Not Found: /cart.json
Popup Ad Object: Popup Ad - http://www.aronnonews.com
Ad Object: Popup Ad - http://www.aronnonews.com
Not Found: /.well-known/traffic-advice
Not Found: /media/news_images/main-47_3S69iPC.jpg
Not Found: /media/news_images/main-46.jpg
Not Found: /media/news_images/main-47.jpg
Not Found: /media/news_images/main-44.jpg
Not Found: /static/vendor/bootstrap/js/bootstrap.bundle.min.js
Not Found: /media/news_images/main-43.jpg
Not Found: /media/news_images/main-17_BnlQ6TE.jpg
Not Found: /media/news_images/main-17_j0hwvyy.jpg
Not Found: /media/news_images/main-31_DIJKZsQ.jpg
Not Found: /media/news_images/main-45.jpg
Not Found: /media/news_images/main-48.jpg
Not Found: /media/news_images/main-5.jpg
Not Found: /media/gallery/main-24.jpg
Not Found: /media/news_images/main-29_kDilAMe.jpg
Not Found: /media/news_images/main-10_zgF4C3q.jpg
Not Found: /media/news_images/main-47_3S69iPC.jpg
Not Found: /media/news_images/main-47.jpg
Popup Ad Object: Popup Ad - http://www.aronnonews.com
Ad Object: Popup Ad - http://www.aronnonews.com
Popup Ad Object: Popup Ad - http://www.aronnonews.com
Ad Object: Popup Ad - http://www.aronnonews.com
Not Found: /media/news_images/main-47_3S69iPC.jpg
Not Found: /media/news_images/main-47.jpg
Not Found: /static/vendor/bootstrap/js/bootstrap.bundle.min.js
Not Found: /media/news_images/main-17_j0hwvyy.jpg
Not Found: /media/news_images/main-17_BnlQ6TE.jpg
Not Found: /media/news_images/main-46.jpg
Not Found: /media/news_images/main-48.jpg
Not Found: /media/news_images/main-31_DIJKZsQ.jpg
Not Found: /media/news_images/main-5.jpg
Not Found: /media/news_images/main-45.jpg
Not Found: /media/news_images/main-10_zgF4C3q.jpg
Not Found: /media/news_images/main-29_kDilAMe.jpg
Not Found: /media/news_images/main-44.jpg
Not Found: /media/news_images/main-43.jpg
Not Found: /media/gallery/main-24.jpg
Not Found: /media/news_images/main-31_DIJKZsQ.jpg
Not Found: /media/news_images/main-17_BnlQ6TE.jpg
Not Found: /media/news_images/main-10_zgF4C3q.jpg
Not Found: /media/news_images/main-29_kDilAMe.jpg
Not Found: /media/news_images/main-47_3S69iPC.jpg
Not Found: /media/news_images/main-17_j0hwvyy.jpg
Not Found: /media/news_images/main-46.jpg
Not Found: /media/news_images/main-47.jpg
Not Found: /media/news_images/main-48.jpg
Not Found: /media/news_images/main-5.jpg
Not Found: /media/news_images/main-44.jpg
Not Found: /media/news_images/main-45.jpg
Not Found: /media/news_images/main-43.jpg
Popup Ad Object: Popup Ad - http://www.aronnonews.com
Ad Object: Popup Ad - http://www.aronnonews.com
Not Found: /media/news_images/main-47_3S69iPC.jpg
Not Found: /media/img/logo.png
Not Found: /static/vendor/bootstrap/js/bootstrap.bundle.min.js
Not Found: /media/news_images/main-31_DIJKZsQ.jpg
Not Found: /media/news_images/main-5.jpg
Not Found: /media/news_images/main-10_zgF4C3q.jpg
Not Found: /media/news_images/main-29_kDilAMe.jpg
Not Found: /media/news_images/main-45.jpg
Not Found: /media/news_images/main-17_j0hwvyy.jpg
Not Found: /media/news_images/main-48.jpg
Not Found: /media/news_images/main-43.jpg
Not Found: /media/news_images/main-17_BnlQ6TE.jpg
Not Found: /media/news_images/main-47.jpg
Not Found: /media/news_images/main-46.jpg
Not Found: /media/news_images/main-44.jpg
Not Found: /static/vendor/bootstrap/js/bootstrap.bundle.min.js
Not Found: /news/12/android-icon.png
Not Found: /news/12/apple-touch-icon.png
Not Found: /media/news_images/main-47.jpg
Not Found: /static/vendor/bootstrap/js/bootstrap.bundle.min.js
Not Found: /media/news_images/main-46.jpg
Not Found: /media/news_images/main-48.jpg
Not Found: /media/news_images/main-44.jpg
Not Found: /media/gallery/main-24.jpg
Not Found: /media/news_images/main-43.jpg
Not Found: /media/news_images/main-43.jpg
[UID:1472][4151333] Reached max children process limit: 6, extra: 2, current: 8, busy: 7, please increase LSAPI_CHILDREN.
Not Found: /media/news_images/main-29_kDilAMe.jpg
Not Found: /media/news_images/main-31_DIJKZsQ.jpg
Not Found: /media/news_images/main-5.jpg
Not Found: /media/gallery/main-24.jpg
Not Found: /media/news_images/main-47_3S69iPC.jpg
Not Found: /media/news_images/main-47.jpg
Not Found: /media/news_images/main-17_j0hwvyy.jpg
Not Found: /media/news_images/main-44.jpg
Not Found: /media/news_images/main-17_BnlQ6TE.jpg
[UID:1472][4151333] Reached max children process limit: 6, extra: 2, current: 8, busy: 8, please increase LSAPI_CHILDREN.
[UID:1472][4151333] Reached max children process limit: 6, extra: 2, current: 8, busy: 8, please increase LSAPI_CHILDREN.
[UID:1472][4151333] Reached max children process limit: 6, extra: 2, current: 8, busy: 8, please increase LSAPI_CHILDREN.
[UID:1472][4151333] Reached max children process limit: 6, extra: 2, current: 8, busy: 8, please increase LSAPI_CHILDREN.
[UID:1472][4151333] Reached max children process limit: 6, extra: 2, current: 8, busy: 8, please increase LSAPI_CHILDREN.
[UID:1472][4151333] Reached max children process limit: 6, extra: 2, current: 8, busy: 8, please increase LSAPI_CHILDREN.
[UID:1472][4151333] Reached max children process limit: 6, extra: 2, current: 8, busy: 8, please increase LSAPI_CHILDREN.
Popup Ad Object: Popup Ad - http://www.aronnonews.com
Not Found: /media/news_images/main-48.jpg
Not Found: /media/news_images/main-47_3S69iPC.jpg
Not Found: /media/img/logo.png
Not Found: /static/vendor/bootstrap/js/bootstrap.bundle.min.js
Not Found: /media/news_images/main-48.jpg
Not Found: /media/news_images/main-17_j0hwvyy.jpg
Not Found: /media/news_images/main-45.jpg
Not Found: /media/news_images/main-43.jpg
Not Found: /media/news_images/main-17_BnlQ6TE.jpg
Not Found: /media/news_images/main-31_DIJKZsQ.jpg
Not Found: /media/news_images/main-5.jpg
Not Found: /media/news_images/main-10_zgF4C3q.jpg
Not Found: /media/news_images/main-29_kDilAMe.jpg
Not Found: /media/news_images/main-47.jpg
Not Found: /media/news_images/main-44.jpg
Not Found: /media/news_images/main-46.jpg
Not Found: /static/vendor/bootstrap/js/bootstrap.bundle.min.js
Not Found: /media/news_images/main-47_3S69iPC.jpg
Not Found: /media/news_images/main-47.jpg
Not Found: /static/vendor/bootstrap/js/bootstrap.bundle.min.js
Not Found: /media/news_images/main-46.jpg
Not Found: /media/news_images/main-48.jpg
Not Found: /media/news_images/main-43.jpg
Not Found: /media/news_images/main-17_BnlQ6TE.jpg
Not Found: /media/news_images/main-5.jpg
Not Found: /media/news_images/main-31_DIJKZsQ.jpg
Not Found: /media/news_images/main-10_zgF4C3q.jpg
Not Found: /media/news_images/main-45.jpg
Not Found: /media/news_images/main-17_j0hwvyy.jpg
Not Found: /media/news_images/main-44.jpg
Not Found: /media/news_images/main-29_kDilAMe.jpg
Not Found: /media/gallery/main-24.jpg
Not Found: /media/news_images/main-47_3S69iPC.jpg
Not Found: /media/news_images/main-47.jpg
Popup Ad Object: Popup Ad - http://www.aronnonews.com
Popup Ad Object: Popup Ad - http://www.aronnonews.com
Ad Object: Popup Ad - http://www.aronnonews.com
Not Found: /media/news_images/main-47_3S69iPC.jpg
Not Found: /media/news_images/main-47.jpg
Not Found: /static/vendor/bootstrap/js/bootstrap.bundle.min.js
Not Found: /media/news_images/main-46.jpg
Not Found: /media/news_images/main-48.jpg
Not Found: /media/news_images/main-17_j0hwvyy.jpg
Not Found: /media/news_images/main-45.jpg
Not Found: /media/news_images/main-44.jpg
Not Found: /media/news_images/main-10_zgF4C3q.jpg
Not Found: /media/news_images/main-29_kDilAMe.jpg
Not Found: /media/gallery/main-24.jpg
Not Found: /media/news_images/main-43.jpg
Not Found: /media/news_images/main-17_BnlQ6TE.jpg
Not Found: /media/news_images/main-5.jpg
Not Found: /media/news_images/main-31_DIJKZsQ.jpg
Not Found: /media/news_images/main-10_zgF4C3q.jpg
Not Found: /media/news_images/main-29_kDilAMe.jpg
Not Found: /media/news_images/main-47_3S69iPC.jpg
Not Found: /media/news_images/main-17_j0hwvyy.jpg
Not Found: /media/news_images/main-46.jpg
Not Found: /media/news_images/main-47.jpg
Not Found: /media/news_images/main-48.jpg
Not Found: /media/news_images/main-5.jpg
Not Found: /media/news_images/main-44.jpg
Not Found: /media/news_images/main-45.jpg
Not Found: /media/news_images/main-31_DIJKZsQ.jpg
Not Found: /media/news_images/main-17_BnlQ6TE.jpg
Not Found: /media/news_images/main-43.jpg
Not Found: /media/news_images/main-48.jpg
Not Found: /media/news_images/main-45.jpg
Not Found: /media/news_images/main-31_DIJKZsQ.jpg
Not Found: /media/news_images/main-5.jpg
Not Found: /media/news_images/main-47.jpg
Not Found: /media/news_images/main-44.jpg
Not Found: /media/news_images/main-47_3S69iPC.jpg
Not Found: /media/img/logo.png
Not Found: /static/vendor/bootstrap/js/bootstrap.bundle.min.js
Not Found: /media/news_images/main-48.jpg
Not Found: /media/news_images/main-17_j0hwvyy.jpg
Not Found: /media/news_images/main-45.jpg
Not Found: /media/news_images/main-43.jpg
Not Found: /media/news_images/main-5.jpg
Not Found: /media/news_images/main-17_BnlQ6TE.jpg
Not Found: /media/news_images/main-10_zgF4C3q.jpg
Not Found: /media/news_images/main-29_kDilAMe.jpg
Not Found: /media/news_images/main-47.jpg
Not Found: /media/news_images/main-46.jpg
Not Found: /media/news_images/main-31_DIJKZsQ.jpg
Not Found: /media/news_images/main-44.jpg
Not Found: /static/vendor/bootstrap/js/bootstrap.bundle.min.js
Popup Ad Object: Popup Ad - http://www.aronnonews.com
Popup Ad Object: Popup Ad - http://www.aronnonews.com
Ad Object: Popup Ad - http://www.aronnonews.com
/home/ystridin/virtualenv/aronno/3.10/lib/python3.10/site-packages/django/db/models/fields/__init__.py:1665: RuntimeWarning: DateTimeField Ad.end_date received a naive datetime (2024-10-14 12:58:27.407747) while time zone support is active.
  warnings.warn(
/home/ystridin/virtualenv/aronno/3.10/lib/python3.10/site-packages/django/db/models/fields/__init__.py:1665: RuntimeWarning: DateTimeField Ad.start_date received a naive datetime (2024-10-14 12:58:27.407747) while time zone support is active.
  warnings.warn(
Not Found: /media/news_images/main-17_j0hwvyy.jpg
Not Found: /media/news_images/main-43.jpg
Not Found: /media/news_images/main-29_kDilAMe.jpg
Not Found: /media/news_images/main-47_3S69iPC.jpg
Not Found: /media/news_images/main-44.jpg
Not Found: /media/news_images/main-47.jpg
Not Found: /media/news_images/main-45.jpg
Not Found: /media/news_images/main-31_DIJKZsQ.jpg
Not Found: /media/news_images/main-48.jpg
Not Found: /media/news_images/main-17_BnlQ6TE.jpg
Not Found: /media/news_images/main-46.jpg
/home/ystridin/virtualenv/aronno/3.10/lib/python3.10/site-packages/django/db/models/fields/__init__.py:1665: RuntimeWarning: DateTimeField Ad.end_date received a naive datetime (2024-10-14 12:58:33.421298) while time zone support is active.
  warnings.warn(
/home/ystridin/virtualenv/aronno/3.10/lib/python3.10/site-packages/django/db/models/fields/__init__.py:1665: RuntimeWarning: DateTimeField Ad.start_date received a naive datetime (2024-10-14 12:58:33.421298) while time zone support is active.
  warnings.warn(
Not Found: /media/news_images/main-10_zgF4C3q.jpg
Not Found: /media/news_images/main-17_j0hwvyy.jpg
Not Found: /media/news_images/main-10_zgF4C3q.jpg
Not Found: /static/vendor/bootstrap/js/bootstrap.bundle.min.js
Not Found: /media/news_images/main-29_kDilAMe.jpg
Not Found: /media/news_images/main-47_3S69iPC.jpg
Not Found: /media/news_images/main-43.jpg
Not Found: /media/news_images/main-17_BnlQ6TE.jpg
Not Found: /media/news_images/main-48.jpg
Not Found: /media/news_images/main-31_DIJKZsQ.jpg
Not Found: /media/news_images/main-46.jpg
Not Found: /media/news_images/main-47.jpg
Not Found: /media/news_images/main-45.jpg
Not Found: /media/news_images/main-44.jpg
Not Found: /category/football/android-icon.png
Not Found: /category/football/apple-touch-icon.png
/home/ystridin/virtualenv/aronno/3.10/lib/python3.10/site-packages/django/db/models/fields/__init__.py:1665: RuntimeWarning: DateTimeField Ad.end_date received a naive datetime (2024-10-14 12:58:44.600314) while time zone support is active.
  warnings.warn(
/home/ystridin/virtualenv/aronno/3.10/lib/python3.10/site-packages/django/db/models/fields/__init__.py:1665: RuntimeWarning: DateTimeField Ad.start_date received a naive datetime (2024-10-14 12:58:44.600314) while time zone support is active.
  warnings.warn(
Not Found: /media/news_images/main-17_j0hwvyy.jpg
Not Found: /media/news_images/main-10_zgF4C3q.jpg
Not Found: /static/vendor/bootstrap/js/bootstrap.bundle.min.js
Not Found: /media/news_images/main-29_kDilAMe.jpg
Not Found: /media/news_images/main-47_3S69iPC.jpg
Not Found: /media/news_images/main-46.jpg
Not Found: /media/news_images/main-45.jpg
Not Found: /media/news_images/main-44.jpg
Not Found: /media/news_images/main-17_BnlQ6TE.jpg
Not Found: /media/news_images/main-43.jpg
Not Found: /media/news_images/main-31_DIJKZsQ.jpg
Not Found: /media/news_images/main-47.jpg
Not Found: /media/news_images/main-48.jpg
Not Found: /media/news_images/main-47.jpg
Not Found: /static/vendor/bootstrap/js/bootstrap.bundle.min.js
Not Found: /media/news_images/main-46.jpg
Not Found: /media/news_images/main-48.jpg
Not Found: /media/news_images/main-17_j0hwvyy.jpg
Not Found: /media/news_images/main-45.jpg
Not Found: /media/news_images/main-44.jpg
Not Found: /media/news_images/main-43.jpg
Not Found: /media/news_images/main-17_BnlQ6TE.jpg
Not Found: /media/news_images/main-31_DIJKZsQ.jpg
Not Found: /media/news_images/main-5.jpg
Not Found: /media/news_images/main-10_zgF4C3q.jpg
Not Found: /media/news_images/main-29_kDilAMe.jpg
Not Found: /media/gallery/main-24.jpg
Not Found: /media/news_images/main-47_3S69iPC.jpg
[UID:1472][36605] Reached max children process limit: 6, extra: 2, current: 8, busy: 7, please increase LSAPI_CHILDREN.
[UID:1472][36605] Reached max children process limit: 6, extra: 2, current: 8, busy: 8, please increase LSAPI_CHILDREN.
[UID:1472][36605] Reached max children process limit: 6, extra: 2, current: 8, busy: 8, please increase LSAPI_CHILDREN.
Not Found: /media/news_images/main-47_3S69iPC.jpg
Not Found: /media/news_images/main-47.jpg
[UID:1472][36605] Reached max children process limit: 6, extra: 2, current: 8, busy: 8, please increase LSAPI_CHILDREN.
[UID:1472][36605] Reached max children process limit: 6, extra: 2, current: 8, busy: 8, please increase LSAPI_CHILDREN.
[UID:1472][36605] Reached max children process limit: 6, extra: 2, current: 8, busy: 8, please increase LSAPI_CHILDREN.
[UID:1472][36605] Reached max children process limit: 6, extra: 2, current: 8, busy: 8, please increase LSAPI_CHILDREN.
[UID:1472][36605] Reached max children process limit: 6, extra: 2, current: 8, busy: 8, please increase LSAPI_CHILDREN.
[UID:1472][36605] Reached max children process limit: 6, extra: 2, current: 8, busy: 8, please increase LSAPI_CHILDREN.
[UID:1472][36605] Reached max children process limit: 6, extra: 2, current: 8, busy: 8, please increase LSAPI_CHILDREN.
[UID:1472][36605] Reached max children process limit: 6, extra: 2, current: 8, busy: 8, please increase LSAPI_CHILDREN.
[UID:1472][36605] Reached max children process limit: 6, extra: 2, current: 8, busy: 8, please increase LSAPI_CHILDREN.
[UID:1472][36605] Reached max children process limit: 6, extra: 2, current: 8, busy: 8, please increase LSAPI_CHILDREN.
[UID:1472][36605] Reached max children process limit: 6, extra: 2, current: 8, busy: 8, please increase LSAPI_CHILDREN.
[UID:1472][36605] Reached max children process limit: 6, extra: 2, current: 8, busy: 8, please increase LSAPI_CHILDREN.
[UID:1472][36605] Reached max children process limit: 6, extra: 2, current: 8, busy: 8, please increase LSAPI_CHILDREN.
[UID:1472][36605] Reached max children process limit: 6, extra: 2, current: 8, busy: 8, please increase LSAPI_CHILDREN.
[UID:1472][36605] Reached max children process limit: 6, extra: 2, current: 8, busy: 8, please increase LSAPI_CHILDREN.
[UID:1472][36605] Reached max children process limit: 6, extra: 2, current: 8, busy: 8, please increase LSAPI_CHILDREN.
[UID:1472][36605] Reached max children process limit: 6, extra: 2, current: 8, busy: 7, please increase LSAPI_CHILDREN.
Popup Ad Object: Popup Ad - http://www.aronnonews.com
Ad Object: Popup Ad - http://www.aronnonews.com
Popup Ad Object: Popup Ad - http://www.aronnonews.com
Ad Object: Popup Ad - http://www.aronnonews.com
Popup Ad Object: Popup Ad - http://www.aronnonews.com
Ad Object: Popup Ad - http://www.aronnonews.com
Not Found: /media/news_images/main-47.jpg
Not Found: /static/vendor/bootstrap/js/bootstrap.bundle.min.js
Not Found: /media/news_images/main-47_3S69iPC.jpg
Not Found: /media/news_images/main-44.jpg
Not Found: /media/news_images/main-17_BnlQ6TE.jpg
Not Found: /media/news_images/main-43.jpg
Not Found: /media/news_images/main-31_DIJKZsQ.jpg
Not Found: /media/news_images/main-48.jpg
Not Found: /media/news_images/main-46.jpg
Not Found: /media/news_images/main-17_j0hwvyy.jpg
Not Found: /media/news_images/main-45.jpg
Not Found: /media/news_images/main-10_zgF4C3q.jpg
Not Found: /media/news_images/main-5.jpg
Not Found: /media/news_images/main-29_kDilAMe.jpg
Not Found: /media/gallery/main-24.jpg
Not Found: /media/news_images/main-31_DIJKZsQ.jpg
Not Found: /media/news_images/main-17_BnlQ6TE.jpg
Not Found: /media/news_images/main-10_zgF4C3q.jpg
Not Found: /media/news_images/main-29_kDilAMe.jpg
Not Found: /media/news_images/main-47_3S69iPC.jpg
Not Found: /media/news_images/main-46.jpg
Not Found: /media/news_images/main-17_j0hwvyy.jpg
Not Found: /media/news_images/main-48.jpg
Not Found: /media/news_images/main-47.jpg
Not Found: /media/news_images/main-5.jpg
Not Found: /media/news_images/main-44.jpg
Not Found: /media/news_images/main-45.jpg
Not Found: /media/news_images/main-43.jpg
Popup Ad Object: Popup Ad - http://www.aronnonews.com
Ad Object: Popup Ad - http://www.aronnonews.com
Popup Ad Object: Popup Ad - http://www.aronnonews.com
Ad Object: Popup Ad - http://www.aronnonews.com
Popup Ad Object: Popup Ad - http://www.aronnonews.com
Ad Object: Popup Ad - http://www.aronnonews.com
Popup Ad Object: Popup Ad - http://www.aronnonews.com
Ad Object: Popup Ad - http://www.aronnonews.com
Popup Ad Object: Popup Ad - http://www.aronnonews.com
Ad Object: Popup Ad - http://www.aronnonews.com
Popup Ad Object: Popup Ad - http://www.aronnonews.com
Ad Object: Popup Ad - http://www.aronnonews.com
Popup Ad Object: Popup Ad - http://www.aronnonews.com
Ad Object: Popup Ad - http://www.aronnonews.com
Popup Ad Object: Popup Ad - http://www.aronnonews.com
Ad Object: Popup Ad - http://www.aronnonews.com
Popup Ad Object: Popup Ad - http://www.aronnonews.com
Ad Object: Popup Ad - http://www.aronnonews.com
Not Found: /media/news_images/main-47_3S69iPC.jpg
Not Found: /media/news_images/main-44.jpg
Not Found: /media/news_images/main-43.jpg
Not Found: /media/news_images/main-17_BnlQ6TE.jpg
Not Found: /media/news_images/main-47.jpg
Not Found: /media/news_images/main-46.jpg
Not Found: /media/news_images/main-17_j0hwvyy.jpg
Not Found: /media/news_images/main-31_DIJKZsQ.jpg
Not Found: /media/news_images/main-10_zgF4C3q.jpg
Not Found: /media/news_images/main-29_kDilAMe.jpg
Not Found: /media/news_images/main-45.jpg
Not Found: /media/news_images/main-48.jpg
Not Found: /media/gallery/main-24.jpg
Not Found: /media/news_images/main-5.jpg
Not Found: /static/vendor/bootstrap/js/bootstrap.bundle.min.js
Not Found: /media/news_images/main-10_zgF4C3q.jpg
Not Found: /media/news_images/main-29_kDilAMe.jpg
Not Found: /media/news_images/main-47.jpg
Not Found: /media/news_images/main-48.jpg
Not Found: /media/news_images/main-17_j0hwvyy.jpg
Not Found: /media/news_images/main-46.jpg
Not Found: /media/news_images/main-47_3S69iPC.jpg
Not Found: /media/news_images/main-5.jpg
Not Found: /media/news_images/main-31_DIJKZsQ.jpg
Not Found: /media/news_images/main-44.jpg
Not Found: /media/news_images/main-45.jpg
Not Found: /media/news_images/main-17_BnlQ6TE.jpg
Not Found: /media/news_images/main-43.jpg
Not Found: /media/news_images/main-31_DIJKZsQ.jpg
Not Found: /media/news_images/main-17_BnlQ6TE.jpg
Not Found: /media/news_images/main-29_kDilAMe.jpg
Not Found: /media/news_images/main-10_zgF4C3q.jpg
Not Found: /media/news_images/main-47_3S69iPC.jpg
Not Found: /media/news_images/main-47.jpg
Not Found: /media/news_images/main-46.jpg
Not Found: /media/news_images/main-48.jpg
Not Found: /media/news_images/main-5.jpg
Not Found: /media/news_images/main-17_j0hwvyy.jpg
Not Found: /media/news_images/main-44.jpg
Not Found: /media/news_images/main-45.jpg
Not Found: /media/news_images/main-43.jpg
Not Found: /cart.json
Popup Ad Object: Popup Ad - http://www.aronnonews.com
Ad Object: Popup Ad - http://www.aronnonews.com
Not Found: /category/countrywide/
Not Found: /cart.json
Not Found: /static/vendor/bootstrap/js/bootstrap.bundle.min.js
Not Found: /media/gallery/main-24.jpg
Not Found: /cart.json
Not Found: /media/news_images/main-47_3S69iPC.jpg
Not Found: /media/news_images/main-47.jpg
Not Found: /media/news_images/main-17_j0hwvyy.jpg
Not Found: /media/news_images/main-45.jpg
Not Found: /media/news_images/main-17_BnlQ6TE.jpg
Not Found: /media/news_images/main-31_DIJKZsQ.jpg
Not Found: /media/news_images/main-5.jpg
Not Found: /media/news_images/main-46.jpg
Not Found: /media/news_images/main-48.jpg
Not Found: /media/news_images/main-10_zgF4C3q.jpg
Not Found: /media/news_images/main-29_kDilAMe.jpg
Not Found: /media/news_images/main-43.jpg
Not Found: /media/news_images/main-44.jpg
Not Found: /media/gallery/main-24.jpg
Not Found: /static/vendor/bootstrap/js/bootstrap.bundle.min.js
Not Found: /media/news_images/main-10_zgF4C3q.jpg
Not Found: /media/news_images/main-29_kDilAMe.jpg
Not Found: /media/news_images/main-17_j0hwvyy.jpg
Not Found: /media/news_images/main-47_3S69iPC.jpg
Not Found: /media/news_images/main-47.jpg
Not Found: /media/news_images/main-46.jpg
Not Found: /media/news_images/main-48.jpg
Not Found: /media/news_images/main-5.jpg
Not Found: /media/news_images/main-31_DIJKZsQ.jpg
Not Found: /media/news_images/main-45.jpg
Not Found: /media/news_images/main-17_BnlQ6TE.jpg
Not Found: /media/news_images/main-44.jpg
Not Found: /media/news_images/main-43.jpg
Not Found: /cart.json
Popup Ad Object: Popup Ad - http://www.aronnonews.com
Ad Object: Popup Ad - http://www.aronnonews.com
/home/ystridin/virtualenv/aronno/3.10/lib/python3.10/site-packages/django/db/models/fields/__init__.py:1665: RuntimeWarning: DateTimeField Ad.end_date received a naive datetime (2024-10-14 14:02:20.275770) while time zone support is active.
  warnings.warn(
/home/ystridin/virtualenv/aronno/3.10/lib/python3.10/site-packages/django/db/models/fields/__init__.py:1665: RuntimeWarning: DateTimeField Ad.start_date received a naive datetime (2024-10-14 14:02:20.275770) while time zone support is active.
  warnings.warn(
Not Found: /media/news_images/main-17_j0hwvyy.jpg
Not Found: /media/news_images/main-10_zgF4C3q.jpg
Not Found: /static/vendor/bootstrap/js/bootstrap.bundle.min.js
Not Found: /media/news_images/main-29_kDilAMe.jpg
Not Found: /media/news_images/main-48.jpg
Not Found: /media/news_images/main-46.jpg
Not Found: /media/news_images/main-17_BnlQ6TE.jpg
Not Found: /media/news_images/main-47.jpg
Not Found: /media/news_images/main-47_3S69iPC.jpg
Not Found: /media/news_images/main-45.jpg
Not Found: /media/news_images/main-31_DIJKZsQ.jpg
Not Found: /media/news_images/main-44.jpg
Not Found: /media/news_images/main-43.jpg
Not Found: /media/news_images/main-17_j0hwvyy.jpg
Not Found: /media/news_images/main-10_zgF4C3q.jpg
/home/ystridin/virtualenv/aronno/3.10/lib/python3.10/site-packages/django/db/models/fields/__init__.py:1665: RuntimeWarning: DateTimeField Ad.end_date received a naive datetime (2024-10-14 14:02:22.590537) while time zone support is active.
  warnings.warn(
/home/ystridin/virtualenv/aronno/3.10/lib/python3.10/site-packages/django/db/models/fields/__init__.py:1665: RuntimeWarning: DateTimeField Ad.start_date received a naive datetime (2024-10-14 14:02:22.590537) while time zone support is active.
  warnings.warn(
Not Found: /media/news_images/main-17_j0hwvyy.jpg
Not Found: /media/news_images/main-10_zgF4C3q.jpg
Not Found: /static/vendor/bootstrap/js/bootstrap.bundle.min.js
Not Found: /media/news_images/main-29_kDilAMe.jpg
Not Found: /media/news_images/main-44.jpg
Not Found: /media/news_images/main-45.jpg
Not Found: /media/news_images/main-47_3S69iPC.jpg
Not Found: /media/news_images/main-48.jpg
Not Found: /media/news_images/main-46.jpg
Not Found: /media/news_images/main-43.jpg
Not Found: /media/news_images/main-31_DIJKZsQ.jpg
Not Found: /media/news_images/main-17_BnlQ6TE.jpg
Not Found: /media/news_images/main-47.jpg
/home/ystridin/virtualenv/aronno/3.10/lib/python3.10/site-packages/django/db/models/fields/__init__.py:1665: RuntimeWarning: DateTimeField Ad.end_date received a naive datetime (2024-10-14 14:02:26.147637) while time zone support is active.
  warnings.warn(
/home/ystridin/virtualenv/aronno/3.10/lib/python3.10/site-packages/django/db/models/fields/__init__.py:1665: RuntimeWarning: DateTimeField Ad.start_date received a naive datetime (2024-10-14 14:02:26.147637) while time zone support is active.
  warnings.warn(
/home/ystridin/virtualenv/aronno/3.10/lib/python3.10/site-packages/django/db/models/fields/__init__.py:1665: RuntimeWarning: DateTimeField Ad.end_date received a naive datetime (2024-10-14 14:02:27.119281) while time zone support is active.
  warnings.warn(
/home/ystridin/virtualenv/aronno/3.10/lib/python3.10/site-packages/django/db/models/fields/__init__.py:1665: RuntimeWarning: DateTimeField Ad.start_date received a naive datetime (2024-10-14 14:02:27.119281) while time zone support is active.
  warnings.warn(
/home/ystridin/virtualenv/aronno/3.10/lib/python3.10/site-packages/django/db/models/fields/__init__.py:1665: RuntimeWarning: DateTimeField Ad.end_date received a naive datetime (2024-10-14 14:02:27.158810) while time zone support is active.
  warnings.warn(
/home/ystridin/virtualenv/aronno/3.10/lib/python3.10/site-packages/django/db/models/fields/__init__.py:1665: RuntimeWarning: DateTimeField Ad.start_date received a naive datetime (2024-10-14 14:02:27.158810) while time zone support is active.
  warnings.warn(
Not Found: /static/vendor/bootstrap/js/bootstrap.bundle.min.js
Popup Ad Object: Popup Ad - http://www.aronnonews.com
Ad Object: Popup Ad - http://www.aronnonews.com
Not Found: /media/news_images/main-17_j0hwvyy.jpg
Not Found: /media/news_images/main-47_3S69iPC.jpg
Not Found: /media/news_images/main-47.jpg
Not Found: /media/news_images/main-44.jpg
Not Found: /media/news_images/main-48.jpg
Not Found: /media/news_images/main-46.jpg
Not Found: /media/news_images/main-45.jpg
Not Found: /media/news_images/main-5.jpg
Not Found: /media/news_images/main-43.jpg
Not Found: /media/news_images/main-31_DIJKZsQ.jpg
Not Found: /media/news_images/main-29_kDilAMe.jpg
Not Found: /media/news_images/main-17_BnlQ6TE.jpg
Not Found: /media/news_images/main-10_zgF4C3q.jpg
Not Found: /static/vendor/bootstrap/js/bootstrap.bundle.min.js
Not Found: /media/gallery/main-24.jpg
Not Found: /media/news_images/main-48.jpg
Not Found: /media/news_images/main-10_zgF4C3q.jpg
Not Found: /media/news_images/main-29_kDilAMe.jpg
Not Found: /media/news_images/main-47_3S69iPC.jpg
Not Found: /media/news_images/main-17_j0hwvyy.jpg
Not Found: /media/news_images/main-46.jpg
Not Found: /media/news_images/main-44.jpg
Not Found: /media/news_images/main-45.jpg
Not Found: /media/news_images/main-17_BnlQ6TE.jpg
Not Found: /media/news_images/main-47.jpg
Not Found: /media/news_images/main-31_DIJKZsQ.jpg
Not Found: /media/news_images/main-5.jpg
Not Found: /media/news_images/main-43.jpg
Not Found: /media/news_images/main-17_BnlQ6TE.jpg
Not Found: /media/news_images/main-31_DIJKZsQ.jpg
Not Found: /media/news_images/main-29_kDilAMe.jpg
Not Found: /media/news_images/main-10_zgF4C3q.jpg
Not Found: /media/news_images/main-47_3S69iPC.jpg
Not Found: /media/news_images/main-17_j0hwvyy.jpg
Not Found: /media/news_images/main-47.jpg
Not Found: /media/news_images/main-44.jpg
Not Found: /media/news_images/main-48.jpg
Not Found: /media/news_images/main-46.jpg
Not Found: /media/news_images/main-45.jpg
Not Found: /media/news_images/main-5.jpg
Not Found: /media/news_images/main-31_DIJKZsQ.jpg
Not Found: /media/news_images/main-17_BnlQ6TE.jpg
Not Found: /media/news_images/main-43.jpg
Not Found: /cart.json
Not Found: /media/news_images/main-47.jpg
Not Found: /media/news_images/main-45.jpg
Not Found: /media/news_images/main-44.jpg
Not Found: /media/news_images/main-43.jpg
Not Found: /static/vendor/bootstrap/js/bootstrap.bundle.min.js
Not Found: /media/news_images/main-47_3S69iPC.jpg
Not Found: /media/news_images/main-17_BnlQ6TE.jpg
Not Found: /media/news_images/main-31_DIJKZsQ.jpg
Not Found: /media/news_images/main-5.jpg
Not Found: /media/news_images/main-17_j0hwvyy.jpg
Not Found: /media/news_images/main-46.jpg
Not Found: /media/news_images/main-10_zgF4C3q.jpg
Not Found: /media/news_images/main-29_kDilAMe.jpg
Not Found: /media/news_images/main-48.jpg
Not Found: /media/gallery/main-24.jpg
Not Found: /media/news_images/main-47.jpg
Not Found: /media/news_images/main-47_3S69iPC.jpg
Not Found: /cart.json
Popup Ad Object: Popup Ad - http://www.aronnonews.com
Ad Object: Popup Ad - http://www.aronnonews.com
/home/ystridin/virtualenv/aronno/3.10/lib/python3.10/site-packages/django/db/models/fields/__init__.py:1665: RuntimeWarning: DateTimeField Ad.end_date received a naive datetime (2024-10-14 14:03:00.777006) while time zone support is active.
  warnings.warn(
/home/ystridin/virtualenv/aronno/3.10/lib/python3.10/site-packages/django/db/models/fields/__init__.py:1665: RuntimeWarning: DateTimeField Ad.start_date received a naive datetime (2024-10-14 14:03:00.777006) while time zone support is active.
  warnings.warn(
Not Found: /media/news_images/main-17_j0hwvyy.jpg
Not Found: /media/news_images/main-10_zgF4C3q.jpg
Not Found: /static/vendor/bootstrap/js/bootstrap.bundle.min.js
Not Found: /media/news_images/main-29_kDilAMe.jpg
Not Found: /media/news_images/main-48.jpg
Not Found: /media/news_images/main-47_3S69iPC.jpg
Not Found: /media/news_images/main-43.jpg
Not Found: /media/news_images/main-17_BnlQ6TE.jpg
Not Found: /media/news_images/main-47.jpg
Not Found: /media/news_images/main-45.jpg
Not Found: /media/news_images/main-31_DIJKZsQ.jpg
Not Found: /media/news_images/main-44.jpg
Not Found: /media/news_images/main-46.jpg
Popup Ad Object: Popup Ad - http://www.aronnonews.com
Ad Object: Popup Ad - http://www.aronnonews.com
Not Found: /media/news_images/main-47_3S69iPC.jpg
Not Found: /media/news_images/main-47.jpg
Not Found: /media/news_images/main-48.jpg
Not Found: /static/vendor/bootstrap/js/bootstrap.bundle.min.js
Not Found: /media/news_images/main-17_j0hwvyy.jpg
Not Found: /media/news_images/main-44.jpg
Not Found: /media/news_images/main-43.jpg
Not Found: /media/news_images/main-45.jpg
Not Found: /media/news_images/main-17_BnlQ6TE.jpg
Not Found: /media/news_images/main-31_DIJKZsQ.jpg
Not Found: /media/news_images/main-10_zgF4C3q.jpg
Not Found: /media/news_images/main-5.jpg
Not Found: /media/news_images/main-46.jpg
Not Found: /media/news_images/main-29_kDilAMe.jpg
Not Found: /media/gallery/main-24.jpg
Not Found: /media/news_images/main-10_zgF4C3q.jpg
Not Found: /media/news_images/main-29_kDilAMe.jpg
Not Found: /media/news_images/main-47_3S69iPC.jpg
Not Found: /media/news_images/main-17_j0hwvyy.jpg
Not Found: /media/news_images/main-46.jpg
Not Found: /media/news_images/main-48.jpg
Not Found: /media/news_images/main-31_DIJKZsQ.jpg
Not Found: /media/news_images/main-44.jpg
Not Found: /media/news_images/main-47.jpg
Not Found: /media/news_images/main-45.jpg
Not Found: /media/news_images/main-17_BnlQ6TE.jpg
Not Found: /media/news_images/main-5.jpg
Not Found: /media/news_images/main-43.jpg
Not Found: /media/news_images/main-47_3S69iPC.jpg
Not Found: /media/news_images/main-47.jpg
Not Found: /static/vendor/bootstrap/js/bootstrap.bundle.min.js
Not Found: /media/news_images/main-46.jpg
Not Found: /media/news_images/main-17_j0hwvyy.jpg
Not Found: /media/news_images/main-48.jpg
Not Found: /media/news_images/main-44.jpg
Not Found: /media/news_images/main-45.jpg
Not Found: /media/news_images/main-43.jpg
Not Found: /media/news_images/main-31_DIJKZsQ.jpg
Not Found: /media/news_images/main-17_BnlQ6TE.jpg
Not Found: /media/gallery/main-24.jpg
Not Found: /media/news_images/main-29_kDilAMe.jpg
Not Found: /media/news_images/main-5.jpg
Not Found: /media/news_images/main-10_zgF4C3q.jpg
Not Found: /media/news_images/main-31_DIJKZsQ.jpg
Not Found: /media/news_images/main-10_zgF4C3q.jpg
Not Found: /media/news_images/main-29_kDilAMe.jpg
Not Found: /media/news_images/main-47_3S69iPC.jpg
Not Found: /media/news_images/main-17_j0hwvyy.jpg
Not Found: /media/news_images/main-46.jpg
Not Found: /media/news_images/main-5.jpg
Not Found: /media/news_images/main-44.jpg
Not Found: /media/news_images/main-48.jpg
Not Found: /media/news_images/main-47.jpg
Not Found: /media/news_images/main-45.jpg
Not Found: /media/news_images/main-17_BnlQ6TE.jpg
Not Found: /media/news_images/main-43.jpg
Not Found: /media/news_images/main-47_3S69iPC.jpg
Not Found: /media/news_images/main-47.jpg
Not Found: /static/vendor/bootstrap/js/bootstrap.bundle.min.js
Not Found: /media/news_images/main-46.jpg
Not Found: /media/news_images/main-17_j0hwvyy.jpg
Not Found: /media/news_images/main-48.jpg
Not Found: /media/news_images/main-43.jpg
Not Found: /media/news_images/main-45.jpg
Not Found: /media/news_images/main-31_DIJKZsQ.jpg
Not Found: /media/news_images/main-44.jpg
Not Found: /media/news_images/main-17_BnlQ6TE.jpg
Not Found: /media/news_images/main-5.jpg
Not Found: /media/news_images/main-10_zgF4C3q.jpg
Not Found: /media/news_images/main-29_kDilAMe.jpg
Not Found: /media/gallery/main-24.jpg
Not Found: /media/news_images/main-31_DIJKZsQ.jpg
Not Found: /media/news_images/main-17_BnlQ6TE.jpg
Not Found: /media/news_images/main-10_zgF4C3q.jpg
Not Found: /media/news_images/main-29_kDilAMe.jpg
Not Found: /media/news_images/main-47_3S69iPC.jpg
Not Found: /media/news_images/main-46.jpg
Not Found: /media/news_images/main-17_j0hwvyy.jpg
Not Found: /media/news_images/main-47.jpg
Not Found: /media/news_images/main-48.jpg
Not Found: /media/news_images/main-5.jpg
Not Found: /media/news_images/main-44.jpg
Not Found: /media/news_images/main-45.jpg
Not Found: /media/news_images/main-43.jpg
Not Found: /media/news_images/main-47_3S69iPC.jpg
Not Found: /media/news_images/main-47.jpg
Not Found: /static/vendor/bootstrap/js/bootstrap.bundle.min.js
Not Found: /media/news_images/main-45.jpg
Not Found: /media/news_images/main-17_j0hwvyy.jpg
Not Found: /media/news_images/main-44.jpg
Not Found: /media/news_images/main-46.jpg
Not Found: /media/news_images/main-17_BnlQ6TE.jpg
Not Found: /media/news_images/main-31_DIJKZsQ.jpg
Not Found: /media/news_images/main-5.jpg
Not Found: /media/news_images/main-43.jpg
Not Found: /media/news_images/main-10_zgF4C3q.jpg
Not Found: /media/news_images/main-29_kDilAMe.jpg
Not Found: /media/news_images/main-48.jpg
Not Found: /media/gallery/main-24.jpg
Not Found: /media/news_images/main-47_3S69iPC.jpg
Not Found: /media/news_images/main-47.jpg
Not Found: /media/news_images/main-45.jpg
Not Found: /media/news_images/main-47_3S69iPC.jpg
Not Found: /media/news_images/main-47.jpg
Not Found: /media/news_images/main-46.jpg
Not Found: /media/news_images/main-48.jpg
Not Found: /media/news_images/main-17_j0hwvyy.jpg
Not Found: /media/news_images/main-45.jpg
Not Found: /media/news_images/main-44.jpg
Not Found: /static/vendor/bootstrap/js/bootstrap.bundle.min.js
Not Found: /media/news_images/main-43.jpg
Not Found: /media/news_images/main-17_BnlQ6TE.jpg
Not Found: /media/news_images/main-31_DIJKZsQ.jpg
Not Found: /media/news_images/main-5.jpg
Not Found: /media/news_images/main-29_kDilAMe.jpg
Not Found: /media/news_images/main-10_zgF4C3q.jpg
Not Found: /media/gallery/main-24.jpg
Not Found: /media/news_images/main-47_3S69iPC.jpg
Not Found: /media/news_images/main-31_DIJKZsQ.jpg
Not Found: /media/news_images/main-17_BnlQ6TE.jpg
Not Found: /media/news_images/main-10_zgF4C3q.jpg
Not Found: /media/news_images/main-29_kDilAMe.jpg
Not Found: /media/news_images/main-47_3S69iPC.jpg
Not Found: /media/news_images/main-17_j0hwvyy.jpg
Not Found: /media/news_images/main-46.jpg
Not Found: /media/news_images/main-47.jpg
Not Found: /media/news_images/main-48.jpg
Not Found: /media/news_images/main-5.jpg
Not Found: /media/news_images/main-44.jpg
Not Found: /media/news_images/main-45.jpg
Not Found: /media/news_images/main-43.jpg
Popup Ad Object: Popup Ad - http://www.aronnonews.com
Ad Object: Popup Ad - http://www.aronnonews.com
Not Found: /media/news_images/main-47_3S69iPC.jpg
Not Found: /media/news_images/main-47.jpg
Not Found: /static/vendor/bootstrap/js/bootstrap.bundle.min.js
Not Found: /media/news_images/main-46.jpg
Not Found: /media/news_images/main-43.jpg
Not Found: /media/news_images/main-48.jpg
Not Found: /media/news_images/main-17_BnlQ6TE.jpg
Not Found: /media/news_images/main-31_DIJKZsQ.jpg
Not Found: /media/news_images/main-10_zgF4C3q.jpg
Not Found: /media/news_images/main-5.jpg
Not Found: /media/news_images/main-29_kDilAMe.jpg
Not Found: /media/gallery/main-24.jpg
Not Found: /media/news_images/main-44.jpg
Not Found: /media/news_images/main-45.jpg
Not Found: /media/news_images/main-17_j0hwvyy.jpg
Not Found: /cart.json
Popup Ad Object: Popup Ad - http://www.aronnonews.com
Ad Object: Popup Ad - http://www.aronnonews.com
Popup Ad Object: Popup Ad - http://www.aronnonews.com
Ad Object: Popup Ad - http://www.aronnonews.com
Popup Ad Object: Popup Ad - http://www.aronnonews.com
Ad Object: Popup Ad - http://www.aronnonews.com
Popup Ad Object: Popup Ad - http://www.aronnonews.com
Ad Object: Popup Ad - http://www.aronnonews.com
Popup Ad Object: Popup Ad - http://www.aronnonews.com
Ad Object: Popup Ad - http://www.aronnonews.com
Not Found: /media/news_images/main-47_3S69iPC.jpg
Not Found: /media/news_images/main-47.jpg
Not Found: /media/news_images/main-45.jpg
Not Found: /media/news_images/main-43.jpg
Not Found: /media/news_images/main-17_BnlQ6TE.jpg
Not Found: /static/vendor/bootstrap/js/bootstrap.bundle.min.js
Not Found: /media/news_images/main-46.jpg
Not Found: /media/news_images/main-48.jpg
Not Found: /media/news_images/main-44.jpg
Not Found: /media/news_images/main-17_j0hwvyy.jpg
Not Found: /media/news_images/main-31_DIJKZsQ.jpg
Not Found: /media/news_images/main-5.jpg
Not Found: /media/news_images/main-29_kDilAMe.jpg
Not Found: /media/gallery/main-24.jpg
Not Found: /media/news_images/main-10_zgF4C3q.jpg
Not Found: /cart.json
Popup Ad Object: Popup Ad - http://www.aronnonews.com
Ad Object: Popup Ad - http://www.aronnonews.com
Not Found: /media/news_images/main-46.jpg
Not Found: /media/news_images/main-44.jpg
Not Found: /media/news_images/main-43.jpg
Not Found: /media/news_images/main-31_DIJKZsQ.jpg
Not Found: /media/news_images/main-48.jpg
Not Found: /media/news_images/main-47.jpg
Not Found: /media/news_images/main-47_3S69iPC.jpg
Not Found: /media/news_images/main-45.jpg
Not Found: /media/news_images/main-17_BnlQ6TE.jpg
Not Found: /media/news_images/main-17_j0hwvyy.jpg
Not Found: /media/news_images/main-10_zgF4C3q.jpg
Not Found: /media/news_images/main-29_kDilAMe.jpg
Not Found: /media/news_images/main-5.jpg
Not Found: /media/gallery/main-24.jpg
Not Found: /static/vendor/bootstrap/js/bootstrap.bundle.min.js
Not Found: /media/news_images/main-47_3S69iPC.jpg
Not Found: /media/news_images/main-46.jpg
Not Found: /media/news_images/main-45.jpg
Not Found: /media/news_images/main-17_j0hwvyy.jpg
Not Found: /media/news_images/main-44.jpg
Not Found: /media/news_images/main-43.jpg
Not Found: /media/news_images/main-17_BnlQ6TE.jpg
Not Found: /media/news_images/main-31_DIJKZsQ.jpg
Not Found: /media/news_images/main-5.jpg
Not Found: /media/news_images/main-10_zgF4C3q.jpg
Not Found: /media/news_images/main-29_kDilAMe.jpg
Not Found: /media/news_images/main-47.jpg
Not Found: /static/vendor/bootstrap/js/bootstrap.bundle.min.js
Not Found: /media/gallery/main-24.jpg
Not Found: /media/news_images/main-48.jpg
Not Found: /media/news_images/main-29_kDilAMe.jpg
Not Found: /media/news_images/main-17_j0hwvyy.jpg
Not Found: /media/news_images/main-47.jpg
Not Found: /media/news_images/main-48.jpg
Not Found: /media/news_images/main-5.jpg
Not Found: /media/news_images/main-10_zgF4C3q.jpg
Not Found: /media/news_images/main-44.jpg
Not Found: /media/news_images/main-31_DIJKZsQ.jpg
Not Found: /media/news_images/main-45.jpg
Not Found: /media/news_images/main-43.jpg
Not Found: /media/news_images/main-17_BnlQ6TE.jpg
Not Found: /media/news_images/main-47_3S69iPC.jpg
Not Found: /media/news_images/main-46.jpg
Not Found: /cart.json
Popup Ad Object: Popup Ad - http://www.aronnonews.com
Ad Object: Popup Ad - http://www.aronnonews.com
Popup Ad Object: Popup Ad - http://www.aronnonews.com
Ad Object: Popup Ad - http://www.aronnonews.com
Not Found: /media/news_images/main-47_3S69iPC.jpg
Not Found: /media/news_images/main-47.jpg
Not Found: /media/news_images/main-46.jpg
Not Found: /static/vendor/bootstrap/js/bootstrap.bundle.min.js
Not Found: /media/news_images/main-45.jpg
Not Found: /media/news_images/main-44.jpg
Not Found: /media/news_images/main-43.jpg
Not Found: /media/news_images/main-17_BnlQ6TE.jpg
Not Found: /media/news_images/main-48.jpg
Not Found: /media/news_images/main-17_j0hwvyy.jpg
Not Found: /media/news_images/main-29_kDilAMe.jpg
Not Found: /media/gallery/main-24.jpg
Not Found: /media/news_images/main-10_zgF4C3q.jpg
Not Found: /media/news_images/main-5.jpg
Not Found: /media/news_images/main-31_DIJKZsQ.jpg
Not Found: /media/news_images/main-31_DIJKZsQ.jpg
Not Found: /media/news_images/main-17_BnlQ6TE.jpg
Not Found: /media/news_images/main-10_zgF4C3q.jpg
Not Found: /media/news_images/main-29_kDilAMe.jpg
Not Found: /media/news_images/main-17_j0hwvyy.jpg
Not Found: /media/news_images/main-47_3S69iPC.jpg
Not Found: /media/news_images/main-47.jpg
Not Found: /media/news_images/main-48.jpg
Not Found: /media/news_images/main-46.jpg
Not Found: /media/news_images/main-5.jpg
Not Found: /media/news_images/main-44.jpg
Not Found: /media/news_images/main-45.jpg
Not Found: /media/news_images/main-43.jpg
Popup Ad Object: Popup Ad - http://www.aronnonews.com
Ad Object: Popup Ad - http://www.aronnonews.com
Not Found: /media/news_images/main-47_3S69iPC.jpg
Not Found: /media/news_images/main-47.jpg
Not Found: /static/vendor/bootstrap/js/bootstrap.bundle.min.js
Not Found: /media/news_images/main-48.jpg
Not Found: /media/news_images/main-44.jpg
Not Found: /media/news_images/main-43.jpg
Not Found: /media/news_images/main-17_BnlQ6TE.jpg
Not Found: /media/news_images/main-31_DIJKZsQ.jpg
Not Found: /media/news_images/main-10_zgF4C3q.jpg
Not Found: /media/news_images/main-5.jpg
Not Found: /media/news_images/main-29_kDilAMe.jpg
Not Found: /media/gallery/main-24.jpg
Not Found: /media/news_images/main-46.jpg
Not Found: /media/news_images/main-17_j0hwvyy.jpg
Not Found: /media/news_images/main-45.jpg
Not Found: /media/news_images/main-47_3S69iPC.jpg
Not Found: /media/news_images/main-17_BnlQ6TE.jpg
Not Found: /media/news_images/main-31_DIJKZsQ.jpg
Not Found: /media/news_images/main-10_zgF4C3q.jpg
Not Found: /media/news_images/main-29_kDilAMe.jpg
Not Found: /media/news_images/main-17_j0hwvyy.jpg
Not Found: /media/news_images/main-46.jpg
Not Found: /media/news_images/main-48.jpg
Not Found: /media/news_images/main-47.jpg
Not Found: /media/news_images/main-5.jpg
Not Found: /media/news_images/main-44.jpg
Not Found: /media/news_images/main-45.jpg
Not Found: /media/news_images/main-43.jpg
Not Found: /media/news_images/main-47_3S69iPC.jpg
Not Found: /media/news_images/main-47.jpg
Not Found: /media/news_images/main-46.jpg
Not Found: /media/news_images/main-48.jpg
Not Found: /media/news_images/main-17_j0hwvyy.jpg
Not Found: /media/news_images/main-45.jpg
Not Found: /media/news_images/main-44.jpg
Not Found: /media/news_images/main-43.jpg
Not Found: /media/news_images/main-17_BnlQ6TE.jpg
Not Found: /media/news_images/main-5.jpg
Not Found: /media/news_images/main-31_DIJKZsQ.jpg
Not Found: /media/news_images/main-10_zgF4C3q.jpg
Not Found: /media/news_images/main-29_kDilAMe.jpg
Not Found: /media/news_images/main-47_3S69iPC.jpg
Not Found: /media/news_images/main-46.jpg
Not Found: /media/news_images/main-48.jpg
Not Found: /media/news_images/main-17_j0hwvyy.jpg
Not Found: /media/news_images/main-45.jpg
Not Found: /media/news_images/main-47.jpg
Not Found: /media/gallery/main-24.jpg
Not Found: /static/vendor/bootstrap/js/bootstrap.bundle.min.js
Not Found: /media/news_images/main-31_DIJKZsQ.jpg
Not Found: /media/news_images/main-17_BnlQ6TE.jpg
Not Found: /media/news_images/main-10_zgF4C3q.jpg
Not Found: /media/news_images/main-29_kDilAMe.jpg
Not Found: /media/news_images/main-47_3S69iPC.jpg
Not Found: /media/news_images/main-46.jpg
Not Found: /media/news_images/main-48.jpg
Not Found: /media/news_images/main-5.jpg
Not Found: /media/news_images/main-44.jpg
Not Found: /media/news_images/main-43.jpg
Popup Ad Object: Popup Ad - http://www.aronnonews.com
Ad Object: Popup Ad - http://www.aronnonews.com
Not Found: /media/news_images/main-47_3S69iPC.jpg
Not Found: /media/news_images/main-47.jpg
Not Found: /static/vendor/bootstrap/js/bootstrap.bundle.min.js
Not Found: /media/news_images/main-46.jpg
Not Found: /media/news_images/main-48.jpg
Not Found: /media/news_images/main-31_DIJKZsQ.jpg
Not Found: /media/news_images/main-45.jpg
Not Found: /media/news_images/main-44.jpg
Not Found: /media/news_images/main-17_j0hwvyy.jpg
Not Found: /media/news_images/main-5.jpg
Not Found: /media/news_images/main-10_zgF4C3q.jpg
Not Found: /media/news_images/main-29_kDilAMe.jpg
Not Found: /media/news_images/main-43.jpg
Not Found: /media/news_images/main-17_BnlQ6TE.jpg
Not Found: /media/gallery/main-24.jpg
Not Found: /media/news_images/main-10_zgF4C3q.jpg
Not Found: /media/news_images/main-29_kDilAMe.jpg
Not Found: /media/news_images/main-47_3S69iPC.jpg
Not Found: /media/news_images/main-17_j0hwvyy.jpg
Not Found: /media/news_images/main-47.jpg
Not Found: /media/news_images/main-46.jpg
Not Found: /media/news_images/main-31_DIJKZsQ.jpg
Not Found: /media/news_images/main-48.jpg
Not Found: /media/news_images/main-5.jpg
Not Found: /media/news_images/main-43.jpg
Not Found: /media/news_images/main-17_BnlQ6TE.jpg
Not Found: /media/news_images/main-45.jpg
Not Found: /media/news_images/main-44.jpg
Not Found: /media/news_images/main-47_3S69iPC.jpg
Not Found: /media/news_images/main-47.jpg
Popup Ad Object: Popup Ad - http://www.aronnonews.com
Ad Object: Popup Ad - http://www.aronnonews.com
Popup Ad Object: Popup Ad - http://www.aronnonews.com
Ad Object: Popup Ad - http://www.aronnonews.com
[UID:1472][165075] Reached max children process limit: 6, extra: 2, current: 8, busy: 8, please increase LSAPI_CHILDREN.
Not Found: /static/vendor/bootstrap/js/bootstrap.bundle.min.js
Not Found: /media/news_images/main-46.jpg
Not Found: /media/news_images/main-48.jpg
Not Found: /media/news_images/main-17_j0hwvyy.jpg
Not Found: /media/news_images/main-45.jpg
Not Found: /media/news_images/main-29_kDilAMe.jpg
Not Found: /media/news_images/main-44.jpg
Not Found: /media/news_images/main-43.jpg
Not Found: /media/news_images/main-17_BnlQ6TE.jpg
Not Found: /media/news_images/main-31_DIJKZsQ.jpg
Not Found: /media/news_images/main-5.jpg
Not Found: /media/news_images/main-10_zgF4C3q.jpg
Not Found: /media/gallery/main-24.jpg
Not Found: /media/news_images/main-47_3S69iPC.jpg
Not Found: /media/news_images/main-47.jpg
Not Found: /media/news_images/main-47_3S69iPC.jpg
Not Found: /media/news_images/main-47.jpg
Not Found: /static/vendor/bootstrap/js/bootstrap.bundle.min.js
Not Found: /media/news_images/main-48.jpg
[UID:1472][165075] Reached max children process limit: 6, extra: 2, current: 8, busy: 8, please increase LSAPI_CHILDREN.
Not Found: /media/news_images/main-44.jpg
Not Found: /media/news_images/main-46.jpg
Not Found: /media/news_images/main-17_j0hwvyy.jpg
Not Found: /media/news_images/main-45.jpg
Not Found: /media/news_images/main-5.jpg
Not Found: /media/news_images/main-31_DIJKZsQ.jpg
Not Found: /media/news_images/main-10_zgF4C3q.jpg
Not Found: /media/news_images/main-29_kDilAMe.jpg
Not Found: /media/gallery/main-24.jpg
[UID:1472][165075] Reached max children process limit: 6, extra: 2, current: 8, busy: 8, please increase LSAPI_CHILDREN.
[UID:1472][165075] Reached max children process limit: 6, extra: 2, current: 8, busy: 8, please increase LSAPI_CHILDREN.
[UID:1472][165075] Reached max children process limit: 6, extra: 2, current: 8, busy: 8, please increase LSAPI_CHILDREN.
Not Found: /media/news_images/main-31_DIJKZsQ.jpg
[UID:1472][165075] Reached max children process limit: 6, extra: 2, current: 8, busy: 8, please increase LSAPI_CHILDREN.
Not Found: /media/news_images/main-10_zgF4C3q.jpg
Not Found: /media/news_images/main-29_kDilAMe.jpg
Not Found: /media/news_images/main-47_3S69iPC.jpg
Not Found: /media/news_images/main-17_j0hwvyy.jpg
Not Found: /media/news_images/main-46.jpg
Not Found: /media/news_images/main-47.jpg
Not Found: /media/news_images/main-48.jpg
Not Found: /media/news_images/main-5.jpg
Not Found: /media/news_images/main-44.jpg
Not Found: /media/news_images/main-45.jpg
[UID:1472][165075] Reached max children process limit: 6, extra: 2, current: 8, busy: 8, please increase LSAPI_CHILDREN.
[UID:1472][165075] Reached max children process limit: 6, extra: 2, current: 8, busy: 8, please increase LSAPI_CHILDREN.
[UID:1472][165075] Reached max children process limit: 6, extra: 2, current: 8, busy: 8, please increase LSAPI_CHILDREN.
[UID:1472][165075] Reached max children process limit: 6, extra: 2, current: 8, busy: 7, please increase LSAPI_CHILDREN.
Not Found: /media/news_images/main-43.jpg
Not Found: /media/news_images/main-17_BnlQ6TE.jpg
Popup Ad Object: Popup Ad - http://www.aronnonews.com
Ad Object: Popup Ad - http://www.aronnonews.com
Popup Ad Object: Popup Ad - http://www.aronnonews.com
Ad Object: Popup Ad - http://www.aronnonews.com
Popup Ad Object: Popup Ad - http://www.aronnonews.com
Ad Object: Popup Ad - http://www.aronnonews.com
Not Found: /media/news_images/main-47_3S69iPC.jpg
Not Found: /media/news_images/main-47.jpg
Not Found: /media/news_images/main-46.jpg
Not Found: /media/news_images/main-43.jpg
Not Found: /media/news_images/main-44.jpg
Not Found: /media/news_images/main-31_DIJKZsQ.jpg
Not Found: /media/news_images/main-5.jpg
Not Found: /media/news_images/main-17_BnlQ6TE.jpg
Not Found: /media/news_images/main-10_zgF4C3q.jpg
Not Found: /media/news_images/main-17_j0hwvyy.jpg
Not Found: /media/news_images/main-48.jpg
Not Found: /media/news_images/main-45.jpg
Not Found: /media/news_images/main-29_kDilAMe.jpg
Not Found: /media/gallery/main-24.jpg
Not Found: /static/vendor/bootstrap/js/bootstrap.bundle.min.js
Not Found: /media/news_images/main-46.jpg
Not Found: /media/news_images/main-47_3S69iPC.jpg
Not Found: /media/news_images/main-47.jpg
/home/ystridin/virtualenv/aronno/3.10/lib/python3.10/site-packages/django/db/models/fields/__init__.py:1665: RuntimeWarning: DateTimeField Ad.end_date received a naive datetime (2024-10-14 14:08:39.090439) while time zone support is active.
  warnings.warn(
/home/ystridin/virtualenv/aronno/3.10/lib/python3.10/site-packages/django/db/models/fields/__init__.py:1665: RuntimeWarning: DateTimeField Ad.start_date received a naive datetime (2024-10-14 14:08:39.090439) while time zone support is active.
  warnings.warn(
Not Found: /media/news_images/main-17_j0hwvyy.jpg
Not Found: /media/news_images/main-44.jpg
Not Found: /media/news_images/main-17_BnlQ6TE.jpg
Not Found: /media/news_images/main-48.jpg
Not Found: /media/news_images/main-47_3S69iPC.jpg
Not Found: /static/vendor/bootstrap/js/bootstrap.bundle.min.js
Not Found: /media/news_images/main-45.jpg
Not Found: /media/news_images/main-43.jpg
Not Found: /media/news_images/main-31_DIJKZsQ.jpg
Not Found: /media/news_images/main-47.jpg
Not Found: /media/news_images/main-46.jpg
Not Found: /static/vendor/bootstrap/js/bootstrap.bundle.min.js
Not Found: /media/news_images/main-5.jpg
Not Found: /media/gallery/main-24.jpg
Not Found: /media/news_images/main-47_3S69iPC.jpg
Not Found: /media/news_images/main-47.jpg
Not Found: /media/news_images/main-45.jpg
Not Found: /media/news_images/main-46.jpg
Not Found: /media/news_images/main-48.jpg
Not Found: /media/news_images/main-17_j0hwvyy.jpg
Not Found: /media/news_images/main-43.jpg
Not Found: /media/news_images/main-17_BnlQ6TE.jpg
Not Found: /media/news_images/main-31_DIJKZsQ.jpg
Not Found: /media/news_images/main-44.jpg
Not Found: /media/news_images/main-10_zgF4C3q.jpg
Not Found: /media/news_images/main-29_kDilAMe.jpg
Not Found: /media/news_images/main-31_DIJKZsQ.jpg
Not Found: /media/news_images/main-17_BnlQ6TE.jpg
Not Found: /media/news_images/main-10_zgF4C3q.jpg
Not Found: /media/news_images/main-29_kDilAMe.jpg
Not Found: /media/news_images/main-47_3S69iPC.jpg
Not Found: /media/news_images/main-46.jpg
Not Found: /media/news_images/main-44.jpg
Not Found: /media/news_images/main-17_j0hwvyy.jpg
Not Found: /media/news_images/main-45.jpg
Not Found: /media/news_images/main-47.jpg
Not Found: /media/news_images/main-5.jpg
Not Found: /media/news_images/main-43.jpg
Not Found: /media/news_images/main-48.jpg
Popup Ad Object: Popup Ad - http://www.aronnonews.com
Ad Object: Popup Ad - http://www.aronnonews.com
Not Found: /media/news_images/main-47_3S69iPC.jpg
Not Found: /media/news_images/main-47.jpg
Not Found: /static/vendor/bootstrap/js/bootstrap.bundle.min.js
Not Found: /media/news_images/main-17_j0hwvyy.jpg
Not Found: /media/news_images/main-46.jpg
Not Found: /media/news_images/main-43.jpg
Not Found: /media/news_images/main-44.jpg
Not Found: /media/news_images/main-5.jpg
Not Found: /media/news_images/main-17_BnlQ6TE.jpg
Not Found: /media/news_images/main-31_DIJKZsQ.jpg
Not Found: /media/news_images/main-29_kDilAMe.jpg
Not Found: /media/news_images/main-10_zgF4C3q.jpg
Not Found: /media/gallery/main-24.jpg
Not Found: /media/news_images/main-48.jpg
Not Found: /media/news_images/main-45.jpg
Not Found: /media/news_images/main-17_BnlQ6TE.jpg
Not Found: /media/news_images/main-31_DIJKZsQ.jpg
Not Found: /media/news_images/main-10_zgF4C3q.jpg
Not Found: /media/news_images/main-47_3S69iPC.jpg
Not Found: /media/news_images/main-29_kDilAMe.jpg
Not Found: /media/news_images/main-17_j0hwvyy.jpg
Not Found: /media/news_images/main-46.jpg
Not Found: /media/news_images/main-47.jpg
Not Found: /media/news_images/main-5.jpg
Not Found: /media/news_images/main-48.jpg
Not Found: /media/news_images/main-31_DIJKZsQ.jpg
Not Found: /media/news_images/main-45.jpg
Not Found: /media/news_images/main-17_BnlQ6TE.jpg
Not Found: /media/news_images/main-43.jpg
Not Found: /media/news_images/main-44.jpg
Popup Ad Object: Popup Ad - http://www.aronnonews.com
Ad Object: Popup Ad - http://www.aronnonews.com
Not Found: /category/law/
Not Found: /favicon.ico
/home/ystridin/virtualenv/aronno/3.10/lib/python3.10/site-packages/django/db/models/fields/__init__.py:1665: RuntimeWarning: DateTimeField Ad.end_date received a naive datetime (2024-10-14 14:12:00.198041) while time zone support is active.
  warnings.warn(
/home/ystridin/virtualenv/aronno/3.10/lib/python3.10/site-packages/django/db/models/fields/__init__.py:1665: RuntimeWarning: DateTimeField Ad.start_date received a naive datetime (2024-10-14 14:12:00.198041) while time zone support is active.
  warnings.warn(
Not Found: /media/news_images/main-17_BnlQ6TE.jpg
Not Found: /media/news_images/main-48.jpg
Not Found: /media/news_images/main-47_3S69iPC.jpg
Not Found: /media/news_images/main-47.jpg
Not Found: /media/news_images/main-46.jpg
Not Found: /static/vendor/bootstrap/js/bootstrap.bundle.min.js
Not Found: /media/news_images/main-43.jpg
Not Found: /media/news_images/main-31_DIJKZsQ.jpg
Not Found: /media/news_images/main-17_j0hwvyy.jpg
Not Found: /media/news_images/main-45.jpg
Not Found: /media/news_images/main-44.jpg
Not Found: /cart.json
Popup Ad Object: Popup Ad - http://www.aronnonews.com
Ad Object: Popup Ad - http://www.aronnonews.com
Not Found: /media/news_images/main-47_3S69iPC.jpg
Not Found: /media/news_images/main-47.jpg
Not Found: /media/news_images/main-46.jpg
Not Found: /media/news_images/main-48.jpg
Not Found: /media/news_images/main-17_BnlQ6TE.jpg
Not Found: /media/news_images/main-31_DIJKZsQ.jpg
Not Found: /media/news_images/main-5.jpg
Not Found: /media/news_images/main-10_zgF4C3q.jpg
Not Found: /media/news_images/main-29_kDilAMe.jpg
Not Found: /media/news_images/main-45.jpg
Not Found: /media/news_images/main-17_j0hwvyy.jpg
Not Found: /static/vendor/bootstrap/js/bootstrap.bundle.min.js
Not Found: /media/gallery/main-24.jpg
Not Found: /media/news_images/main-43.jpg
Not Found: /media/news_images/main-44.jpg
Not Found: /cart.json
Popup Ad Object: Popup Ad - http://www.aronnonews.com
Ad Object: Popup Ad - http://www.aronnonews.com
Not Found: /category/countrywide/
Not Found: /media/news_images/main-48.jpg
Not Found: /media/news_images/main-46.jpg
Not Found: /media/news_images/main-31_DIJKZsQ.jpg
Not Found: /media/news_images/main-17_BnlQ6TE.jpg
Not Found: /media/news_images/main-47.jpg
Not Found: /media/news_images/main-47_3S69iPC.jpg
Not Found: /static/vendor/bootstrap/js/bootstrap.bundle.min.js
Not Found: /media/news_images/main-44.jpg
Not Found: /cart.json
Not Found: /media/news_images/main-47_3S69iPC.jpg
Not Found: /media/news_images/main-47.jpg
Not Found: /media/news_images/main-48.jpg
Not Found: /media/news_images/main-46.jpg
Not Found: /media/news_images/main-17_BnlQ6TE.jpg
Not Found: /media/news_images/main-31_DIJKZsQ.jpg
Not Found: /media/news_images/main-17_j0hwvyy.jpg
Not Found: /media/news_images/main-5.jpg
Not Found: /media/news_images/main-10_zgF4C3q.jpg
Not Found: /media/news_images/main-29_kDilAMe.jpg
Not Found: /media/gallery/main-24.jpg
Not Found: /static/vendor/bootstrap/js/bootstrap.bundle.min.js
Not Found: /media/news_images/main-44.jpg
Not Found: /media/news_images/main-45.jpg
Not Found: /media/news_images/main-43.jpg
Not Found: /media/news_images/main-29_kDilAMe.jpg
Not Found: /media/news_images/main-17_j0hwvyy.jpg
Not Found: /media/news_images/main-47_3S69iPC.jpg
Not Found: /media/news_images/main-46.jpg
Not Found: /media/news_images/main-10_zgF4C3q.jpg
Not Found: /media/news_images/main-48.jpg
Not Found: /media/news_images/main-31_DIJKZsQ.jpg
Not Found: /media/news_images/main-5.jpg
Not Found: /media/news_images/main-47.jpg
Not Found: /media/news_images/main-45.jpg
Not Found: /media/news_images/main-44.jpg
Not Found: /media/news_images/main-17_BnlQ6TE.jpg
Not Found: /media/news_images/main-43.jpg
Not Found: /media/news_images/main-47_3S69iPC.jpg
Not Found: /media/news_images/main-46.jpg
Not Found: /static/vendor/bootstrap/js/bootstrap.bundle.min.js
Not Found: /media/news_images/main-45.jpg
Not Found: /media/news_images/main-17_j0hwvyy.jpg
Not Found: /media/news_images/main-43.jpg
Not Found: /media/news_images/main-44.jpg
Not Found: /media/news_images/main-5.jpg
Not Found: /media/news_images/main-47.jpg
Not Found: /media/news_images/main-17_BnlQ6TE.jpg
Not Found: /media/news_images/main-31_DIJKZsQ.jpg
Not Found: /media/news_images/main-10_zgF4C3q.jpg
Not Found: /media/gallery/main-24.jpg
Not Found: /media/news_images/main-48.jpg
Not Found: /media/news_images/main-29_kDilAMe.jpg
Not Found: /media/news_images/main-31_DIJKZsQ.jpg
Not Found: /media/news_images/main-17_BnlQ6TE.jpg
Not Found: /media/news_images/main-29_kDilAMe.jpg
Not Found: /media/news_images/main-10_zgF4C3q.jpg
Not Found: /media/news_images/main-47_3S69iPC.jpg
Not Found: /media/news_images/main-47.jpg
Not Found: /media/news_images/main-46.jpg
Not Found: /media/news_images/main-48.jpg
Not Found: /media/news_images/main-17_j0hwvyy.jpg
Not Found: /media/news_images/main-5.jpg
Not Found: /media/news_images/main-44.jpg
Not Found: /media/news_images/main-45.jpg
Not Found: /media/news_images/main-43.jpg
Popup Ad Object: Popup Ad - http://www.aronnonews.com
Ad Object: Popup Ad - http://www.aronnonews.com
Not Found: /media/news_images/main-47_3S69iPC.jpg
Not Found: /media/news_images/main-47.jpg
Not Found: /static/vendor/bootstrap/js/bootstrap.bundle.min.js
Not Found: /media/news_images/main-46.jpg
Not Found: /media/news_images/main-44.jpg
Not Found: /media/news_images/main-43.jpg
Not Found: /media/news_images/main-31_DIJKZsQ.jpg
Not Found: /media/news_images/main-5.jpg
Not Found: /media/news_images/main-10_zgF4C3q.jpg
Not Found: /media/news_images/main-29_kDilAMe.jpg
Not Found: /media/gallery/main-24.jpg
Not Found: /media/news_images/main-17_j0hwvyy.jpg
Not Found: /media/news_images/main-48.jpg
Not Found: /media/news_images/main-45.jpg
Not Found: /media/news_images/main-17_BnlQ6TE.jpg
Not Found: /media/news_images/main-17_BnlQ6TE.jpg
Not Found: /media/news_images/main-31_DIJKZsQ.jpg
Not Found: /media/news_images/main-29_kDilAMe.jpg
Not Found: /media/news_images/main-10_zgF4C3q.jpg
Not Found: /media/news_images/main-47_3S69iPC.jpg
Not Found: /media/news_images/main-17_j0hwvyy.jpg
Not Found: /media/news_images/main-46.jpg
Not Found: /media/news_images/main-47.jpg
Not Found: /media/news_images/main-48.jpg
Not Found: /media/news_images/main-31_DIJKZsQ.jpg
Not Found: /media/news_images/main-44.jpg
Not Found: /media/news_images/main-45.jpg
Not Found: /media/news_images/main-5.jpg
Not Found: /media/news_images/main-17_BnlQ6TE.jpg
Not Found: /media/news_images/main-43.jpg
Popup Ad Object: Popup Ad - http://www.aronnonews.com
Ad Object: Popup Ad - http://www.aronnonews.com
Popup Ad Object: Popup Ad - http://www.aronnonews.com
Ad Object: Popup Ad - http://www.aronnonews.com
Popup Ad Object: Popup Ad - http://www.aronnonews.com
Ad Object: Popup Ad - http://www.aronnonews.com
Popup Ad Object: Popup Ad - http://www.aronnonews.com
Ad Object: Popup Ad - http://www.aronnonews.com
Not Found: /media/news_images/main-47_3S69iPC.jpg
Not Found: /media/news_images/main-47.jpg
Not Found: /static/vendor/bootstrap/js/bootstrap.bundle.min.js
Not Found: /media/news_images/main-46.jpg
Not Found: /media/news_images/main-44.jpg
Not Found: /media/news_images/main-48.jpg
Not Found: /media/news_images/main-17_j0hwvyy.jpg
Not Found: /media/news_images/main-45.jpg
Not Found: /media/news_images/main-43.jpg
Not Found: /media/news_images/main-5.jpg
Not Found: /media/news_images/main-31_DIJKZsQ.jpg
Not Found: /media/news_images/main-17_BnlQ6TE.jpg
Not Found: /media/news_images/main-10_zgF4C3q.jpg
Not Found: /media/news_images/main-29_kDilAMe.jpg
Not Found: /media/gallery/main-24.jpg
Not Found: /media/news_images/main-47_3S69iPC.jpg
Not Found: /media/news_images/main-47.jpg
Not Found: /media/news_images/main-31_DIJKZsQ.jpg
Not Found: /media/news_images/main-45.jpg
Not Found: /media/news_images/main-17_BnlQ6TE.jpg
Not Found: /media/news_images/main-31_DIJKZsQ.jpg
Not Found: /media/news_images/main-10_zgF4C3q.jpg
Not Found: /media/news_images/main-29_kDilAMe.jpg
Not Found: /media/news_images/main-47_3S69iPC.jpg
Not Found: /media/news_images/main-17_j0hwvyy.jpg
Popup Ad Object: Popup Ad - http://www.aronnonews.com
Ad Object: Popup Ad - http://www.aronnonews.com
Popup Ad Object: Popup Ad - http://www.aronnonews.com
Ad Object: Popup Ad - http://www.aronnonews.com
Popup Ad Object: Popup Ad - http://www.aronnonews.com
Ad Object: Popup Ad - http://www.aronnonews.com
Not Found: /media/news_images/main-44.jpg
Not Found: /media/news_images/main-5.jpg
Not Found: /media/news_images/main-43.jpg
Not Found: /media/news_images/main-46.jpg
Not Found: /media/news_images/main-48.jpg
Not Found: /media/news_images/main-45.jpg
Not Found: /media/news_images/main-47.jpg
Popup Ad Object: Popup Ad - http://www.aronnonews.com
Ad Object: Popup Ad - http://www.aronnonews.com
Popup Ad Object: Popup Ad - http://www.aronnonews.com
Ad Object: Popup Ad - http://www.aronnonews.com
Popup Ad Object: Popup Ad - http://www.aronnonews.com
Ad Object: Popup Ad - http://www.aronnonews.com
Not Found: /media/news_images/main-47.jpg
Not Found: /media/news_images/main-47_3S69iPC.jpg
Not Found: /android-icon.png
Not Found: /static/vendor/bootstrap/js/bootstrap.bundle.min.js
Not Found: /media/news_images/main-46.jpg
Not Found: /media/news_images/main-48.jpg
Not Found: /media/news_images/main-17_j0hwvyy.jpg
Not Found: /media/news_images/main-45.jpg
Not Found: /media/news_images/main-44.jpg
Not Found: /media/news_images/main-43.jpg
Not Found: /media/news_images/main-17_BnlQ6TE.jpg
Not Found: /media/news_images/main-31_DIJKZsQ.jpg
Not Found: /media/news_images/main-5.jpg
Not Found: /media/news_images/main-10_zgF4C3q.jpg
Not Found: /media/news_images/main-29_kDilAMe.jpg
Not Found: /media/gallery/main-24.jpg
Not Found: /media/news_images/main-47.jpg
Not Found: /media/news_images/main-47_3S69iPC.jpg
Not Found: /static/vendor/bootstrap/js/bootstrap.bundle.min.js
Not Found: /media/news_images/main-46.jpg
Not Found: /media/news_images/main-48.jpg
Not Found: /media/news_images/main-44.jpg
Not Found: /media/news_images/main-17_BnlQ6TE.jpg
Not Found: /media/news_images/main-5.jpg
Not Found: /media/news_images/main-31_DIJKZsQ.jpg
Not Found: /media/news_images/main-10_zgF4C3q.jpg
Not Found: /media/news_images/main-29_kDilAMe.jpg
Not Found: /media/gallery/main-24.jpg
Not Found: /media/news_images/main-17_j0hwvyy.jpg
Not Found: /media/news_images/main-45.jpg
Not Found: /media/news_images/main-43.jpg
[UID:1472][165075] Reached max children process limit: 6, extra: 2, current: 8, busy: 8, please increase LSAPI_CHILDREN.
[UID:1472][165075] Reached max children process limit: 6, extra: 2, current: 8, busy: 8, please increase LSAPI_CHILDREN.
Not Found: /media/news_images/main-29_kDilAMe.jpg
Not Found: /media/news_images/main-17_j0hwvyy.jpg
Not Found: /media/news_images/main-10_zgF4C3q.jpg
Not Found: /media/news_images/main-43.jpg
Not Found: /media/news_images/main-5.jpg
Not Found: /media/news_images/main-47.jpg
Not Found: /media/news_images/main-46.jpg
Not Found: /media/news_images/main-47_3S69iPC.jpg
Not Found: /media/news_images/main-44.jpg
Not Found: /media/news_images/main-48.jpg
Not Found: /media/news_images/main-31_DIJKZsQ.jpg
Not Found: /media/news_images/main-45.jpg
[UID:1472][165075] Reached max children process limit: 6, extra: 2, current: 8, busy: 8, please increase LSAPI_CHILDREN.
[UID:1472][165075] Reached max children process limit: 6, extra: 2, current: 8, busy: 8, please increase LSAPI_CHILDREN.
[UID:1472][165075] Reached max children process limit: 6, extra: 2, current: 8, busy: 8, please increase LSAPI_CHILDREN.
[UID:1472][165075] Reached max children process limit: 6, extra: 2, current: 8, busy: 8, please increase LSAPI_CHILDREN.
[UID:1472][165075] Reached max children process limit: 6, extra: 2, current: 8, busy: 8, please increase LSAPI_CHILDREN.
[UID:1472][165075] Reached max children process limit: 6, extra: 2, current: 8, busy: 8, please increase LSAPI_CHILDREN.
Not Found: /media/news_images/main-31_DIJKZsQ.jpg
Not Found: /media/news_images/main-17_BnlQ6TE.jpg
[UID:1472][165075] Reached max children process limit: 6, extra: 2, current: 8, busy: 8, please increase LSAPI_CHILDREN.
Not Found: /media/news_images/main-29_kDilAMe.jpg
Not Found: /media/news_images/main-10_zgF4C3q.jpg
[UID:1472][165075] Reached max children process limit: 6, extra: 2, current: 8, busy: 8, please increase LSAPI_CHILDREN.
Not Found: /media/news_images/main-47_3S69iPC.jpg
Not Found: /media/news_images/main-17_j0hwvyy.jpg
Not Found: /media/news_images/main-46.jpg
Not Found: /media/news_images/main-47.jpg
Not Found: /media/news_images/main-48.jpg
Not Found: /media/news_images/main-5.jpg
Not Found: /media/news_images/main-44.jpg
Not Found: /media/news_images/main-45.jpg
Not Found: /media/news_images/main-43.jpg
[UID:1472][165075] Reached max children process limit: 6, extra: 2, current: 8, busy: 8, please increase LSAPI_CHILDREN.
[UID:1472][165075] Reached max children process limit: 6, extra: 2, current: 8, busy: 8, please increase LSAPI_CHILDREN.
[UID:1472][165075] Reached max children process limit: 6, extra: 2, current: 8, busy: 8, please increase LSAPI_CHILDREN.
[UID:1472][165075] Reached max children process limit: 6, extra: 2, current: 8, busy: 8, please increase LSAPI_CHILDREN.
[UID:1472][165075] Reached max children process limit: 6, extra: 2, current: 8, busy: 8, please increase LSAPI_CHILDREN.
[UID:1472][165075] Reached max children process limit: 6, extra: 2, current: 8, busy: 8, please increase LSAPI_CHILDREN.
[UID:1472][165075] Reached max children process limit: 6, extra: 2, current: 8, busy: 8, please increase LSAPI_CHILDREN.
[UID:1472][165075] Reached max children process limit: 6, extra: 2, current: 8, busy: 8, please increase LSAPI_CHILDREN.
[UID:1472][165075] Reached max children process limit: 6, extra: 2, current: 8, busy: 8, please increase LSAPI_CHILDREN.
[UID:1472][165075] Reached max children process limit: 6, extra: 2, current: 8, busy: 8, please increase LSAPI_CHILDREN.
[UID:1472][165075] Reached max children process limit: 6, extra: 2, current: 8, busy: 8, please increase LSAPI_CHILDREN.
Popup Ad Object: Popup Ad - http://www.aronnonews.com
Ad Object: Popup Ad - http://www.aronnonews.com
Popup Ad Object: Popup Ad - http://www.aronnonews.com
Ad Object: Popup Ad - http://www.aronnonews.com
Popup Ad Object: Popup Ad - http://www.aronnonews.com
Ad Object: Popup Ad - http://www.aronnonews.com
Popup Ad Object: Popup Ad - http://www.aronnonews.com
Ad Object: Popup Ad - http://www.aronnonews.com
Popup Ad Object: Popup Ad - http://www.aronnonews.com
Ad Object: Popup Ad - http://www.aronnonews.com
Popup Ad Object: Popup Ad - http://www.aronnonews.com
Ad Object: Popup Ad - http://www.aronnonews.com
Popup Ad Object: Popup Ad - http://www.aronnonews.com
Ad Object: Popup Ad - http://www.aronnonews.com
Popup Ad Object: Popup Ad - http://www.aronnonews.com
Ad Object: Popup Ad - http://www.aronnonews.com
Not Found: /media/news_images/main-47_3S69iPC.jpg
Not Found: /media/news_images/main-46.jpg
Not Found: /media/news_images/main-17_BnlQ6TE.jpg
Not Found: /media/news_images/main-48.jpg
Not Found: /media/news_images/main-31_DIJKZsQ.jpg
Not Found: /media/news_images/main-5.jpg
Not Found: /media/news_images/main-10_zgF4C3q.jpg
Not Found: /media/news_images/main-29_kDilAMe.jpg
Not Found: /media/news_images/main-44.jpg
Not Found: /media/news_images/main-17_j0hwvyy.jpg
Not Found: /media/news_images/main-45.jpg
Not Found: /media/news_images/main-43.jpg
Not Found: /media/news_images/main-47.jpg
Not Found: /static/vendor/bootstrap/js/bootstrap.bundle.min.js
Not Found: /media/gallery/main-24.jpg
Not Found: /media/news_images/main-31_DIJKZsQ.jpg
Not Found: /media/news_images/main-17_BnlQ6TE.jpg
[UID:1472][165075] Reached max children process limit: 6, extra: 2, current: 8, busy: 8, please increase LSAPI_CHILDREN.
Not Found: /media/news_images/main-10_zgF4C3q.jpg
Not Found: /media/news_images/main-29_kDilAMe.jpg
Not Found: /media/news_images/main-46.jpg
Not Found: /media/news_images/main-47.jpg
Not Found: /media/news_images/main-44.jpg
Not Found: /media/news_images/main-45.jpg
Not Found: /media/news_images/main-43.jpg
[UID:1472][165075] Reached max children process limit: 6, extra: 2, current: 8, busy: 8, please increase LSAPI_CHILDREN.
[UID:1472][165075] Reached max children process limit: 6, extra: 2, current: 8, busy: 8, please increase LSAPI_CHILDREN.
[UID:1472][165075] Reached max children process limit: 6, extra: 2, current: 8, busy: 8, please increase LSAPI_CHILDREN.
[UID:1472][165075] Reached max children process limit: 6, extra: 2, current: 8, busy: 8, please increase LSAPI_CHILDREN.
[UID:1472][165075] Reached max children process limit: 6, extra: 2, current: 8, busy: 8, please increase LSAPI_CHILDREN.
[UID:1472][165075] Reached max children process limit: 6, extra: 2, current: 8, busy: 8, please increase LSAPI_CHILDREN.
[UID:1472][165075] Reached max children process limit: 6, extra: 2, current: 8, busy: 8, please increase LSAPI_CHILDREN.
[UID:1472][165075] Reached max children process limit: 6, extra: 2, current: 8, busy: 8, please increase LSAPI_CHILDREN.
[UID:1472][165075] Reached max children process limit: 6, extra: 2, current: 8, busy: 8, please increase LSAPI_CHILDREN.
[UID:1472][165075] Reached max children process limit: 6, extra: 2, current: 8, busy: 8, please increase LSAPI_CHILDREN.
[UID:1472][165075] Reached max children process limit: 6, extra: 2, current: 8, busy: 8, please increase LSAPI_CHILDREN.
Popup Ad Object: Popup Ad - http://www.aronnonews.com
Ad Object: Popup Ad - http://www.aronnonews.com
Popup Ad Object: Popup Ad - http://www.aronnonews.com
Ad Object: Popup Ad - http://www.aronnonews.com
Popup Ad Object: Popup Ad - http://www.aronnonews.com
Ad Object: Popup Ad - http://www.aronnonews.com
Popup Ad Object: Popup Ad - http://www.aronnonews.com
Ad Object: Popup Ad - http://www.aronnonews.com
[UID:1472][165075] Reached max children process limit: 6, extra: 2, current: 8, busy: 8, please increase LSAPI_CHILDREN.
[UID:1472][165075] Reached max children process limit: 6, extra: 2, current: 8, busy: 7, please increase LSAPI_CHILDREN.
[UID:1472][165075] Reached max children process limit: 6, extra: 2, current: 8, busy: 7, please increase LSAPI_CHILDREN.
Not Found: /media/news_images/main-47_3S69iPC.jpg
Not Found: /media/news_images/main-17_j0hwvyy.jpg
Not Found: /media/news_images/main-48.jpg
Not Found: /media/news_images/main-5.jpg
Popup Ad Object: Popup Ad - http://www.aronnonews.com
Ad Object: Popup Ad - http://www.aronnonews.com
[UID:1472][165075] Reached max children process limit: 6, extra: 2, current: 8, busy: 8, please increase LSAPI_CHILDREN.
[UID:1472][165075] Reached max children process limit: 6, extra: 2, current: 8, busy: 8, please increase LSAPI_CHILDREN.
[UID:1472][165075] Reached max children process limit: 6, extra: 2, current: 8, busy: 8, please increase LSAPI_CHILDREN.
Popup Ad Object: Popup Ad - http://www.aronnonews.com
Ad Object: Popup Ad - http://www.aronnonews.com
Popup Ad Object: Popup Ad - http://www.aronnonews.com
Ad Object: Popup Ad - http://www.aronnonews.com
Popup Ad Object: Popup Ad - http://www.aronnonews.com
Ad Object: Popup Ad - http://www.aronnonews.com
Popup Ad Object: Popup Ad - http://www.aronnonews.com
Not Found: /media/news_images/main-46.jpg
Not Found: /media/img/logo.png
[UID:1472][165075] Reached max children process limit: 6, extra: 2, current: 8, busy: 7, please increase LSAPI_CHILDREN.
Not Found: /media/news_images/main-48.jpg
Not Found: /media/news_images/main-5.jpg
Not Found: /media/news_images/main-10_zgF4C3q.jpg
Not Found: /media/news_images/main-29_kDilAMe.jpg
Not Found: /media/news_images/main-47_3S69iPC.jpg
Not Found: /media/news_images/main-45.jpg
Not Found: /media/news_images/main-17_j0hwvyy.jpg
Not Found: /media/news_images/main-43.jpg
Not Found: /media/news_images/main-17_BnlQ6TE.jpg
Not Found: /media/news_images/main-47.jpg
Not Found: /media/news_images/main-44.jpg
Not Found: /static/vendor/bootstrap/js/bootstrap.bundle.min.js
[UID:1472][165075] Reached max children process limit: 6, extra: 2, current: 8, busy: 8, please increase LSAPI_CHILDREN.
[UID:1472][165075] Reached max children process limit: 6, extra: 2, current: 8, busy: 8, please increase LSAPI_CHILDREN.
[UID:1472][165075] Reached max children process limit: 6, extra: 2, current: 8, busy: 8, please increase LSAPI_CHILDREN.
[UID:1472][165075] Reached max children process limit: 6, extra: 2, current: 8, busy: 8, please increase LSAPI_CHILDREN.
[UID:1472][165075] Reached max children process limit: 6, extra: 2, current: 8, busy: 8, please increase LSAPI_CHILDREN.
Not Found: /media/news_images/main-31_DIJKZsQ.jpg
Popup Ad Object: Popup Ad - http://www.aronnonews.com
Ad Object: Popup Ad - http://www.aronnonews.com
Not Found: /static/vendor/bootstrap/js/bootstrap.bundle.min.js
Not Found: /cart.json
Not Found: /media/news_images/main-47_3S69iPC.jpg
Not Found: /media/news_images/main-47.jpg
Not Found: /static/vendor/bootstrap/js/bootstrap.bundle.min.js
[UID:1472][165075] Reached max children process limit: 6, extra: 2, current: 8, busy: 8, please increase LSAPI_CHILDREN.
Not Found: /media/news_images/main-45.jpg
Not Found: /media/news_images/main-48.jpg
Not Found: /media/news_images/main-17_BnlQ6TE.jpg
Not Found: /media/news_images/main-31_DIJKZsQ.jpg
Not Found: /media/news_images/main-46.jpg
Not Found: /media/news_images/main-5.jpg
Not Found: /media/news_images/main-29_kDilAMe.jpg
Not Found: /media/gallery/main-24.jpg
Not Found: /media/news_images/main-10_zgF4C3q.jpg
Not Found: /media/news_images/main-17_j0hwvyy.jpg
[UID:1472][165075] Reached max children process limit: 6, extra: 2, current: 8, busy: 8, please increase LSAPI_CHILDREN.
[UID:1472][165075] Reached max children process limit: 6, extra: 2, current: 8, busy: 8, please increase LSAPI_CHILDREN.
[UID:1472][165075] Reached max children process limit: 6, extra: 2, current: 8, busy: 8, please increase LSAPI_CHILDREN.
Not Found: /media/news_images/main-17_BnlQ6TE.jpg
Not Found: /media/news_images/main-47_3S69iPC.jpg
Not Found: /media/news_images/main-46.jpg
Not Found: /media/news_images/main-5.jpg
Not Found: /media/news_images/main-47.jpg
Not Found: /media/news_images/main-31_DIJKZsQ.jpg
Not Found: /media/news_images/main-45.jpg
Not Found: /media/news_images/main-48.jpg
[UID:1472][165075] Reached max children process limit: 6, extra: 2, current: 8, busy: 8, please increase LSAPI_CHILDREN.
[UID:1472][165075] Reached max children process limit: 6, extra: 2, current: 8, busy: 7, please increase LSAPI_CHILDREN.
Not Found: /media/news_images/main-44.jpg
[UID:1472][165075] Reached max children process limit: 6, extra: 2, current: 8, busy: 8, please increase LSAPI_CHILDREN.
[UID:1472][165075] Reached max children process limit: 6, extra: 2, current: 8, busy: 8, please increase LSAPI_CHILDREN.
[UID:1472][165075] Reached max children process limit: 6, extra: 2, current: 8, busy: 8, please increase LSAPI_CHILDREN.
[UID:1472][165075] Reached max children process limit: 6, extra: 2, current: 8, busy: 8, please increase LSAPI_CHILDREN.
[UID:1472][165075] Reached max children process limit: 6, extra: 2, current: 8, busy: 8, please increase LSAPI_CHILDREN.
[UID:1472][165075] Reached max children process limit: 6, extra: 2, current: 8, busy: 8, please increase LSAPI_CHILDREN.
[UID:1472][165075] Reached max children process limit: 6, extra: 2, current: 8, busy: 8, please increase LSAPI_CHILDREN.
[UID:1472][165075] Reached max children process limit: 6, extra: 2, current: 8, busy: 8, please increase LSAPI_CHILDREN.
[UID:1472][165075] Reached max children process limit: 6, extra: 2, current: 8, busy: 7, please increase LSAPI_CHILDREN.
Not Found: /media/news_images/main-43.jpg
[UID:1472][165075] Reached max children process limit: 6, extra: 2, current: 8, busy: 8, please increase LSAPI_CHILDREN.
[UID:1472][165075] Reached max children process limit: 6, extra: 2, current: 8, busy: 8, please increase LSAPI_CHILDREN.
Popup Ad Object: Popup Ad - http://www.aronnonews.com
Ad Object: Popup Ad - http://www.aronnonews.com
[UID:1472][165075] Reached max children process limit: 6, extra: 2, current: 8, busy: 7, please increase LSAPI_CHILDREN.
[UID:1472][165075] Reached max children process limit: 6, extra: 2, current: 8, busy: 8, please increase LSAPI_CHILDREN.
[UID:1472][165075] Reached max children process limit: 6, extra: 2, current: 8, busy: 8, please increase LSAPI_CHILDREN.
[UID:1472][165075] Reached max children process limit: 6, extra: 2, current: 8, busy: 8, please increase LSAPI_CHILDREN.
[UID:1472][165075] Reached max children process limit: 6, extra: 2, current: 8, busy: 8, please increase LSAPI_CHILDREN.
Popup Ad Object: Popup Ad - http://www.aronnonews.com
Ad Object: Popup Ad - http://www.aronnonews.com
Popup Ad Object: Popup Ad - http://www.aronnonews.com
Ad Object: Popup Ad - http://www.aronnonews.com
[UID:1472][165075] Reached max children process limit: 6, extra: 2, current: 8, busy: 8, please increase LSAPI_CHILDREN.
Popup Ad Object: Popup Ad - http://www.aronnonews.com
Ad Object: Popup Ad - http://www.aronnonews.com
Popup Ad Object: Popup Ad - http://www.aronnonews.com
Ad Object: Popup Ad - http://www.aronnonews.com
Popup Ad Object: Popup Ad - http://www.aronnonews.com
Ad Object: Popup Ad - http://www.aronnonews.com
Popup Ad Object: Popup Ad - http://www.aronnonews.com
Ad Object: Popup Ad - http://www.aronnonews.com
Not Found: /media/news_images/main-47_3S69iPC.jpg
Not Found: /media/news_images/main-47.jpg
Not Found: /static/vendor/bootstrap/js/bootstrap.bundle.min.js
Not Found: /media/news_images/main-46.jpg
Not Found: /media/news_images/main-48.jpg
Not Found: /media/news_images/main-17_j0hwvyy.jpg
Not Found: /media/news_images/main-45.jpg
Not Found: /media/news_images/main-29_kDilAMe.jpg
Not Found: /media/news_images/main-44.jpg
Not Found: /media/news_images/main-17_BnlQ6TE.jpg
Not Found: /media/news_images/main-43.jpg
Not Found: /media/news_images/main-31_DIJKZsQ.jpg
Not Found: /media/news_images/main-5.jpg
Not Found: /media/news_images/main-10_zgF4C3q.jpg
Not Found: /cart.json
Not Found: /media/gallery/main-24.jpg
Not Found: /media/news_images/main-47.jpg
Not Found: /media/news_images/main-47_3S69iPC.jpg
Popup Ad Object: Popup Ad - http://www.aronnonews.com
Ad Object: Popup Ad - http://www.aronnonews.com
Popup Ad Object: Popup Ad - http://www.aronnonews.com
Ad Object: Popup Ad - http://www.aronnonews.com
Popup Ad Object: Popup Ad - http://www.aronnonews.com
Ad Object: Popup Ad - http://www.aronnonews.com
Popup Ad Object: Popup Ad - http://www.aronnonews.com
Ad Object: Popup Ad - http://www.aronnonews.com
Popup Ad Object: Popup Ad - http://www.aronnonews.com
Ad Object: Popup Ad - http://www.aronnonews.com
Popup Ad Object: Popup Ad - http://www.aronnonews.com
Ad Object: Popup Ad - http://www.aronnonews.com
Not Found: /media/news_images/main-47_3S69iPC.jpg
Not Found: /media/news_images/main-47.jpg
Not Found: /media/news_images/main-46.jpg
Not Found: /media/news_images/main-48.jpg
Not Found: /media/news_images/main-17_j0hwvyy.jpg
Not Found: /media/news_images/main-17_BnlQ6TE.jpg
Not Found: /media/news_images/main-31_DIJKZsQ.jpg
Not Found: /media/news_images/main-5.jpg
Not Found: /media/news_images/main-10_zgF4C3q.jpg
Not Found: /media/gallery/main-24.jpg
Not Found: /media/news_images/main-29_kDilAMe.jpg
Not Found: /static/vendor/bootstrap/js/bootstrap.bundle.min.js
Not Found: /media/news_images/main-45.jpg
Not Found: /media/news_images/main-44.jpg
Not Found: /media/news_images/main-43.jpg
Not Found: /cart.json
Popup Ad Object: Popup Ad - http://www.aronnonews.com
Ad Object: Popup Ad - http://www.aronnonews.com
Popup Ad Object: Popup Ad - http://www.aronnonews.com
Ad Object: Popup Ad - http://www.aronnonews.com
Popup Ad Object: Popup Ad - http://www.aronnonews.com
Ad Object: Popup Ad - http://www.aronnonews.com
Popup Ad Object: Popup Ad - http://www.aronnonews.com
Ad Object: Popup Ad - http://www.aronnonews.com
Popup Ad Object: Popup Ad - http://www.aronnonews.com
Ad Object: Popup Ad - http://www.aronnonews.com
Popup Ad Object: Popup Ad - http://www.aronnonews.com
Ad Object: Popup Ad - http://www.aronnonews.com
Not Found: /category/jobs/
Not Found: /favicon.ico
Not Found: /cart.json
Not Found: /cart.json
Not Found: /favicon.ico
Not Found: /cart.json
Not Found: /cart.json
Not Found: /media/news_images/main-47.jpg
Not Found: /media/news_images/main-47_3S69iPC.jpg
Not Found: /media/news_images/main-45.jpg
Not Found: /static/vendor/bootstrap/js/bootstrap.bundle.min.js
Not Found: /media/news_images/main-46.jpg
Not Found: /media/news_images/main-48.jpg
Not Found: /media/news_images/main-17_j0hwvyy.jpg
Not Found: /media/news_images/main-44.jpg
Not Found: /media/news_images/main-31_DIJKZsQ.jpg
Not Found: /media/news_images/main-17_BnlQ6TE.jpg
Not Found: /media/news_images/main-10_zgF4C3q.jpg
Not Found: /media/news_images/main-5.jpg
Not Found: /media/news_images/main-43.jpg
Not Found: /media/news_images/main-29_kDilAMe.jpg
Not Found: /media/gallery/main-24.jpg
Popup Ad Object: Popup Ad - http://www.aronnonews.com
Ad Object: Popup Ad - http://www.aronnonews.com
Not Found: /media/news_images/main-47.jpg
Not Found: /media/news_images/main-48.jpg
Not Found: /media/news_images/main-5.jpg
Not Found: /media/news_images/main-10_zgF4C3q.jpg
Not Found: /media/news_images/main-29_kDilAMe.jpg
Not Found: /media/news_images/main-31_DIJKZsQ.jpg
Not Found: /media/news_images/main-44.jpg
Not Found: /media/news_images/main-45.jpg
Not Found: /media/news_images/main-17_BnlQ6TE.jpg
Not Found: /media/news_images/main-43.jpg
Not Found: /media/news_images/main-47_3S69iPC.jpg
Not Found: /media/news_images/main-17_j0hwvyy.jpg
Not Found: /media/news_images/main-46.jpg
Popup Ad Object: Popup Ad - http://www.aronnonews.com
Ad Object: Popup Ad - http://www.aronnonews.com
Popup Ad Object: Popup Ad - http://www.aronnonews.com
Ad Object: Popup Ad - http://www.aronnonews.com
Popup Ad Object: Popup Ad - http://www.aronnonews.com
Ad Object: Popup Ad - http://www.aronnonews.com
Not Found: /media/news_images/main-47_3S69iPC.jpg
Not Found: /media/news_images/main-47.jpg
Not Found: /static/vendor/bootstrap/js/bootstrap.bundle.min.js
Not Found: /media/news_images/main-46.jpg
Not Found: /media/news_images/main-48.jpg
Not Found: /media/news_images/main-17_j0hwvyy.jpg
Not Found: /media/news_images/main-45.jpg
Not Found: /media/news_images/main-44.jpg
Not Found: /media/news_images/main-43.jpg
Not Found: /media/news_images/main-17_BnlQ6TE.jpg
Not Found: /media/news_images/main-31_DIJKZsQ.jpg
Not Found: /media/news_images/main-5.jpg
Not Found: /media/news_images/main-10_zgF4C3q.jpg
Not Found: /media/news_images/main-29_kDilAMe.jpg
Not Found: /media/gallery/main-24.jpg
Popup Ad Object: Popup Ad - http://www.aronnonews.com
Ad Object: Popup Ad - http://www.aronnonews.com
Not Found: /media/news_images/main-31_DIJKZsQ.jpg
Not Found: /media/news_images/main-10_zgF4C3q.jpg
Not Found: /media/news_images/main-29_kDilAMe.jpg
Not Found: /media/news_images/main-47_3S69iPC.jpg
Not Found: /media/news_images/main-46.jpg
Not Found: /media/news_images/main-17_j0hwvyy.jpg
Not Found: /media/news_images/main-47.jpg
Not Found: /media/news_images/main-48.jpg
Not Found: /media/news_images/main-5.jpg
Not Found: /media/news_images/main-31_DIJKZsQ.jpg
Not Found: /media/news_images/main-45.jpg
Not Found: /media/news_images/main-44.jpg
Not Found: /media/news_images/main-43.jpg
Not Found: /media/news_images/main-17_BnlQ6TE.jpg
Not Found: /media/news_images/main-47_3S69iPC.jpg
Not Found: /media/news_images/main-47.jpg
Not Found: /static/vendor/bootstrap/js/bootstrap.bundle.min.js
Not Found: /media/news_images/main-46.jpg
Not Found: /media/news_images/main-48.jpg
Not Found: /media/news_images/main-17_j0hwvyy.jpg
Not Found: /media/news_images/main-43.jpg
Not Found: /media/news_images/main-45.jpg
Not Found: /media/news_images/main-44.jpg
Not Found: /media/news_images/main-17_BnlQ6TE.jpg
Not Found: /media/news_images/main-31_DIJKZsQ.jpg
Not Found: /media/news_images/main-5.jpg
Not Found: /media/news_images/main-10_zgF4C3q.jpg
Not Found: /media/news_images/main-29_kDilAMe.jpg
Not Found: /media/gallery/main-24.jpg
Not Found: /media/news_images/main-47_3S69iPC.jpg
Not Found: /media/news_images/main-47.jpg
Not Found: /media/news_images/main-46.jpg
Not Found: /media/news_images/main-44.jpg
Not Found: /media/news_images/main-48.jpg
Not Found: /media/news_images/main-45.jpg
Not Found: /media/news_images/main-31_DIJKZsQ.jpg
Not Found: /media/news_images/main-17_BnlQ6TE.jpg
Not Found: /media/news_images/main-10_zgF4C3q.jpg
Not Found: /media/news_images/main-29_kDilAMe.jpg
Not Found: /media/news_images/main-47_3S69iPC.jpg
Not Found: /media/news_images/main-46.jpg
Not Found: /media/news_images/main-47.jpg
Not Found: /media/news_images/main-17_j0hwvyy.jpg
Not Found: /media/news_images/main-48.jpg
Not Found: /media/news_images/main-5.jpg
Not Found: /media/news_images/main-44.jpg
Not Found: /media/news_images/main-45.jpg
Not Found: /media/news_images/main-43.jpg
Not Found: /android-icon.png
Not Found: /apple-touch-icon.png
Not Found: /media/news_images/main-47_3S69iPC.jpg
Not Found: /media/news_images/main-47.jpg
Not Found: /media/news_images/main-48.jpg
Not Found: /static/vendor/bootstrap/js/bootstrap.bundle.min.js
Not Found: /media/news_images/main-46.jpg
Not Found: /media/news_images/main-44.jpg
Not Found: /media/news_images/main-45.jpg
Not Found: /media/news_images/main-17_j0hwvyy.jpg
Not Found: /media/news_images/main-43.jpg
Not Found: /media/news_images/main-17_BnlQ6TE.jpg
Not Found: /media/news_images/main-31_DIJKZsQ.jpg
Not Found: /media/news_images/main-5.jpg
Not Found: /media/news_images/main-10_zgF4C3q.jpg
Not Found: /media/news_images/main-29_kDilAMe.jpg
Not Found: /media/gallery/main-24.jpg
Not Found: /media/news_images/main-10_zgF4C3q.jpg
Not Found: /media/news_images/main-29_kDilAMe.jpg
Not Found: /media/news_images/main-47_3S69iPC.jpg
Not Found: /media/news_images/main-46.jpg
Not Found: /media/news_images/main-17_j0hwvyy.jpg
Not Found: /media/news_images/main-47.jpg
Not Found: /media/news_images/main-48.jpg
Not Found: /media/news_images/main-5.jpg
Not Found: /media/news_images/main-31_DIJKZsQ.jpg
Not Found: /media/news_images/main-44.jpg
Not Found: /media/news_images/main-45.jpg
Not Found: /media/news_images/main-17_BnlQ6TE.jpg
Not Found: /media/news_images/main-43.jpg
Not Found: /media/news_images/main-29_kDilAMe.jpg
Not Found: /media/news_images/main-47_3S69iPC.jpg
Not Found: /media/news_images/main-10_zgF4C3q.jpg
Not Found: /media/news_images/main-46.jpg
Not Found: /media/news_images/main-17_j0hwvyy.jpg
Not Found: /media/news_images/main-47_3S69iPC.jpg
Not Found: /media/news_images/main-47.jpg
Not Found: /static/vendor/bootstrap/js/bootstrap.bundle.min.js
Not Found: /media/news_images/main-46.jpg
Not Found: /media/news_images/main-48.jpg
Not Found: /media/news_images/main-17_j0hwvyy.jpg
Not Found: /media/news_images/main-45.jpg
Not Found: /media/news_images/main-44.jpg
Not Found: /media/news_images/main-43.jpg
Not Found: /media/news_images/main-17_BnlQ6TE.jpg
Not Found: /media/news_images/main-31_DIJKZsQ.jpg
Not Found: /media/news_images/main-5.jpg
Not Found: /media/news_images/main-10_zgF4C3q.jpg
Not Found: /media/news_images/main-29_kDilAMe.jpg
Not Found: /media/gallery/main-24.jpg
Not Found: /media/news_images/main-10_zgF4C3q.jpg
Not Found: /media/news_images/main-47_3S69iPC.jpg
Not Found: /media/news_images/main-46.jpg
Not Found: /media/news_images/main-47.jpg
Not Found: /media/news_images/main-17_j0hwvyy.jpg
Not Found: /media/news_images/main-48.jpg
Not Found: /media/news_images/main-5.jpg
Not Found: /media/news_images/main-31_DIJKZsQ.jpg
Not Found: /media/news_images/main-44.jpg
Not Found: /media/news_images/main-45.jpg
Not Found: /media/news_images/main-17_BnlQ6TE.jpg
Not Found: /media/news_images/main-43.jpg
Not Found: /media/news_images/main-17_BnlQ6TE.jpg
Not Found: /media/news_images/main-31_DIJKZsQ.jpg
Not Found: /media/news_images/main-10_zgF4C3q.jpg
Not Found: /media/news_images/main-29_kDilAMe.jpg
Not Found: /media/news_images/main-47_3S69iPC.jpg
Not Found: /media/news_images/main-46.jpg
Not Found: /media/news_images/main-17_j0hwvyy.jpg
Not Found: /media/news_images/main-47.jpg
Not Found: /media/news_images/main-48.jpg
Not Found: /media/news_images/main-5.jpg
Not Found: /media/news_images/main-31_DIJKZsQ.jpg
Not Found: /media/news_images/main-44.jpg
Not Found: /media/news_images/main-45.jpg
Not Found: /media/news_images/main-17_BnlQ6TE.jpg
Not Found: /media/news_images/main-43.jpg
Not Found: /media/news_images/main-47_3S69iPC.jpg
Not Found: /media/news_images/main-47.jpg
Not Found: /static/vendor/bootstrap/js/bootstrap.bundle.min.js
Not Found: /media/news_images/main-46.jpg
Not Found: /media/news_images/main-48.jpg
Not Found: /media/news_images/main-17_j0hwvyy.jpg
Not Found: /media/news_images/main-45.jpg
Not Found: /media/news_images/main-44.jpg
Not Found: /media/news_images/main-43.jpg
Not Found: /media/news_images/main-31_DIJKZsQ.jpg
Not Found: /media/news_images/main-17_BnlQ6TE.jpg
Not Found: /media/news_images/main-5.jpg
Not Found: /media/news_images/main-10_zgF4C3q.jpg
Not Found: /media/news_images/main-29_kDilAMe.jpg
Not Found: /media/news_images/main-47_3S69iPC.jpg
Not Found: /media/gallery/main-24.jpg
Not Found: /media/news_images/main-46.jpg
Not Found: /media/news_images/main-47.jpg
Not Found: /media/news_images/main-44.jpg
Not Found: /media/news_images/main-45.jpg
Not Found: /media/news_images/main-45.jpg
Not Found: /media/news_images/main-31_DIJKZsQ.jpg
Not Found: /media/news_images/main-17_BnlQ6TE.jpg
Not Found: /media/news_images/main-10_zgF4C3q.jpg
Not Found: /media/news_images/main-29_kDilAMe.jpg
Not Found: /media/news_images/main-47_3S69iPC.jpg
Not Found: /media/news_images/main-46.jpg
Not Found: /media/news_images/main-17_j0hwvyy.jpg
Not Found: /media/news_images/main-47.jpg
Not Found: /media/news_images/main-48.jpg
Not Found: /media/news_images/main-5.jpg
Not Found: /media/news_images/main-31_DIJKZsQ.jpg
Not Found: /media/news_images/main-44.jpg
Not Found: /media/news_images/main-45.jpg
Not Found: /media/news_images/main-17_BnlQ6TE.jpg
Not Found: /media/news_images/main-43.jpg
Not Found: /media/news_images/main-47.jpg
Not Found: /media/news_images/main-47_3S69iPC.jpg
Not Found: /media/news_images/main-46.jpg
Not Found: /media/news_images/main-48.jpg
Not Found: /media/news_images/main-17_j0hwvyy.jpg
Not Found: /media/news_images/main-17_BnlQ6TE.jpg
Not Found: /media/news_images/main-31_DIJKZsQ.jpg
Not Found: /media/news_images/main-5.jpg
Not Found: /media/news_images/main-29_kDilAMe.jpg
Not Found: /media/gallery/main-24.jpg
Not Found: /media/news_images/main-10_zgF4C3q.jpg
Not Found: /static/vendor/bootstrap/js/bootstrap.bundle.min.js
Not Found: /media/news_images/main-45.jpg
Not Found: /media/news_images/main-44.jpg
Not Found: /media/news_images/main-43.jpg
Not Found: /media/news_images/main-46.jpg
Not Found: /media/news_images/main-47_3S69iPC.jpg
Not Found: /media/news_images/main-47.jpg
Not Found: /media/news_images/main-48.jpg
Not Found: /media/news_images/main-46.jpg
Not Found: /static/vendor/bootstrap/js/bootstrap.bundle.min.js
Not Found: /media/news_images/main-17_j0hwvyy.jpg
Not Found: /media/news_images/main-45.jpg
Not Found: /media/news_images/main-17_BnlQ6TE.jpg
Not Found: /media/news_images/main-44.jpg
Not Found: /media/news_images/main-47_3S69iPC.jpg
Not Found: /media/news_images/main-43.jpg
Not Found: /media/news_images/main-31_DIJKZsQ.jpg
Not Found: /media/news_images/main-5.jpg
Not Found: /media/gallery/main-24.jpg
Not Found: /media/news_images/main-29_kDilAMe.jpg
Not Found: /media/news_images/main-47.jpg
Not Found: /media/news_images/main-10_zgF4C3q.jpg
Not Found: /media/news_images/main-31_DIJKZsQ.jpg
Not Found: /media/news_images/main-17_BnlQ6TE.jpg
Not Found: /media/news_images/main-10_zgF4C3q.jpg
Not Found: /media/news_images/main-29_kDilAMe.jpg
Not Found: /media/news_images/main-46.jpg
Not Found: /media/news_images/main-47_3S69iPC.jpg
Not Found: /media/news_images/main-48.jpg
Not Found: /media/news_images/main-17_j0hwvyy.jpg
Not Found: /media/news_images/main-47.jpg
Not Found: /media/news_images/main-5.jpg
Not Found: /media/news_images/main-43.jpg
Not Found: /media/news_images/main-44.jpg
Not Found: /media/news_images/main-45.jpg
Popup Ad Object: Popup Ad - http://www.aronnonews.com
Ad Object: Popup Ad - http://www.aronnonews.com
Not Found: /media/news_images/main-47_3S69iPC.jpg
[UID:1472][165075] Reached max children process limit: 6, extra: 2, current: 8, busy: 8, please increase LSAPI_CHILDREN.
Not Found: /static/vendor/bootstrap/js/bootstrap.bundle.min.js
Not Found: /media/news_images/main-47.jpg
Not Found: /media/news_images/main-44.jpg
Not Found: /media/news_images/main-43.jpg
Not Found: /media/news_images/main-17_BnlQ6TE.jpg
Not Found: /media/news_images/main-31_DIJKZsQ.jpg
Not Found: /media/news_images/main-46.jpg
Not Found: /media/news_images/main-48.jpg
Not Found: /media/news_images/main-5.jpg
Not Found: /media/news_images/main-17_j0hwvyy.jpg
Not Found: /media/news_images/main-10_zgF4C3q.jpg
Not Found: /media/gallery/main-24.jpg
Not Found: /media/news_images/main-29_kDilAMe.jpg
[UID:1472][165075] Reached max children process limit: 6, extra: 2, current: 8, busy: 8, please increase LSAPI_CHILDREN.
[UID:1472][165075] Reached max children process limit: 6, extra: 2, current: 8, busy: 8, please increase LSAPI_CHILDREN.
[UID:1472][165075] Reached max children process limit: 6, extra: 2, current: 8, busy: 8, please increase LSAPI_CHILDREN.
[UID:1472][165075] Reached max children process limit: 6, extra: 2, current: 8, busy: 8, please increase LSAPI_CHILDREN.
[UID:1472][165075] Reached max children process limit: 6, extra: 2, current: 8, busy: 8, please increase LSAPI_CHILDREN.
[UID:1472][165075] Reached max children process limit: 6, extra: 2, current: 8, busy: 8, please increase LSAPI_CHILDREN.
[UID:1472][165075] Reached max children process limit: 6, extra: 2, current: 8, busy: 8, please increase LSAPI_CHILDREN.
Popup Ad Object: Popup Ad - http://www.aronnonews.com
Ad Object: Popup Ad - http://www.aronnonews.com
Popup Ad Object: Popup Ad - http://www.aronnonews.com
Ad Object: Popup Ad - http://www.aronnonews.com
Popup Ad Object: Popup Ad - http://www.aronnonews.com
Ad Object: Popup Ad - http://www.aronnonews.com
Popup Ad Object: Popup Ad - http://www.aronnonews.com
Ad Object: Popup Ad - http://www.aronnonews.com
Popup Ad Object: Popup Ad - http://www.aronnonews.com
Ad Object: Popup Ad - http://www.aronnonews.com
Popup Ad Object: Popup Ad - http://www.aronnonews.com
Ad Object: Popup Ad - http://www.aronnonews.com
[UID:1472][165075] Reached max children process limit: 6, extra: 2, current: 8, busy: 8, please increase LSAPI_CHILDREN.
[UID:1472][165075] Reached max children process limit: 6, extra: 2, current: 8, busy: 7, please increase LSAPI_CHILDREN.
Not Found: /media/news_images/main-45.jpg
Not Found: /media/news_images/main-17_BnlQ6TE.jpg
Not Found: /media/news_images/main-31_DIJKZsQ.jpg
Not Found: /media/news_images/main-29_kDilAMe.jpg
Not Found: /media/news_images/main-10_zgF4C3q.jpg
Not Found: /media/news_images/main-46.jpg
Not Found: /media/news_images/main-17_j0hwvyy.jpg
Not Found: /media/news_images/main-47_3S69iPC.jpg
Not Found: /media/news_images/main-48.jpg
Not Found: /media/news_images/main-5.jpg
Not Found: /media/news_images/main-47.jpg
Not Found: /media/news_images/main-44.jpg
Not Found: /media/news_images/main-45.jpg
Not Found: /media/news_images/main-43.jpg
Popup Ad Object: Popup Ad - http://www.aronnonews.com
Ad Object: Popup Ad - http://www.aronnonews.com
Popup Ad Object: Popup Ad - http://www.aronnonews.com
Ad Object: Popup Ad - http://www.aronnonews.com
Not Found: /comment/3/
Not Found: /media/news_images/main-47_3S69iPC.jpg
Not Found: /media/news_images/main-48.jpg
Not Found: /media/news_images/main-44.jpg
Not Found: /media/news_images/main-43.jpg
Not Found: /media/news_images/main-46.jpg
Not Found: /media/news_images/main-45.jpg
Not Found: /media/news_images/main-17_BnlQ6TE.jpg
Not Found: /media/news_images/main-17_j0hwvyy.jpg
Not Found: /media/news_images/main-10_zgF4C3q.jpg
Not Found: /media/news_images/main-5.jpg
Not Found: /media/news_images/main-31_DIJKZsQ.jpg
Not Found: /media/news_images/main-47.jpg
Not Found: /media/gallery/main-24.jpg
Not Found: /media/news_images/main-29_kDilAMe.jpg
Not Found: /static/vendor/bootstrap/js/bootstrap.bundle.min.js
Not Found: /media/news_images/main-47_3S69iPC.jpg
Popup Ad Object: Popup Ad - http://www.aronnonews.com
Ad Object: Popup Ad - http://www.aronnonews.com
Popup Ad Object: Popup Ad - http://www.aronnonews.com
Ad Object: Popup Ad - http://www.aronnonews.com
Popup Ad Object: Popup Ad - http://www.aronnonews.com
Ad Object: Popup Ad - http://www.aronnonews.com
Popup Ad Object: Popup Ad - http://www.aronnonews.com
Ad Object: Popup Ad - http://www.aronnonews.com
Popup Ad Object: Popup Ad - http://www.aronnonews.com
Ad Object: Popup Ad - http://www.aronnonews.com
Popup Ad Object: Popup Ad - http://www.aronnonews.com
Ad Object: Popup Ad - http://www.aronnonews.com
Popup Ad Object: Popup Ad - http://www.aronnonews.com
Ad Object: Popup Ad - http://www.aronnonews.com
Popup Ad Object: Popup Ad - http://www.aronnonews.com
Ad Object: Popup Ad - http://www.aronnonews.com
Not Found: /media/news_images/main-47.jpg
Not Found: /media/news_images/main-47_3S69iPC.jpg
Not Found: /static/vendor/bootstrap/js/bootstrap.bundle.min.js
Not Found: /media/news_images/main-46.jpg
Not Found: /media/news_images/main-48.jpg
Not Found: /media/news_images/main-31_DIJKZsQ.jpg
Not Found: /media/news_images/main-45.jpg
Not Found: /media/news_images/main-17_j0hwvyy.jpg
Not Found: /media/news_images/main-44.jpg
Not Found: /media/news_images/main-17_BnlQ6TE.jpg
Not Found: /media/news_images/main-5.jpg
Not Found: /media/gallery/main-24.jpg
Not Found: /media/news_images/main-29_kDilAMe.jpg
Not Found: /media/news_images/main-10_zgF4C3q.jpg
Not Found: /media/news_images/main-43.jpg
Not Found: /media/news_images/main-46.jpg
Not Found: /media/news_images/main-47_3S69iPC.jpg
Not Found: /media/news_images/main-47.jpg
Not Found: /cart.json
Not Found: /media/news_images/main-47_3S69iPC.jpg
Not Found: /media/news_images/main-47.jpg
Not Found: /static/vendor/bootstrap/js/bootstrap.bundle.min.js
Not Found: /media/news_images/main-46.jpg
Not Found: /media/news_images/main-48.jpg
[UID:1472][165075] Reached max children process limit: 6, extra: 2, current: 8, busy: 7, please increase LSAPI_CHILDREN.
Not Found: /media/news_images/main-45.jpg
Not Found: /media/news_images/main-31_DIJKZsQ.jpg
Not Found: /media/news_images/main-5.jpg
Not Found: /media/news_images/main-10_zgF4C3q.jpg
Not Found: /media/news_images/main-29_kDilAMe.jpg
Not Found: /media/gallery/main-24.jpg
Not Found: /media/news_images/main-17_j0hwvyy.jpg
Not Found: /media/news_images/main-44.jpg
Not Found: /media/news_images/main-43.jpg
[UID:1472][165075] Reached max children process limit: 6, extra: 2, current: 8, busy: 8, please increase LSAPI_CHILDREN.
Not Found: /media/news_images/main-47_3S69iPC.jpg
Not Found: /media/news_images/main-47.jpg
[UID:1472][165075] Reached max children process limit: 6, extra: 2, current: 8, busy: 8, please increase LSAPI_CHILDREN.
[UID:1472][165075] Reached max children process limit: 6, extra: 2, current: 8, busy: 8, please increase LSAPI_CHILDREN.
[UID:1472][165075] Reached max children process limit: 6, extra: 2, current: 8, busy: 8, please increase LSAPI_CHILDREN.
[UID:1472][165075] Reached max children process limit: 6, extra: 2, current: 8, busy: 8, please increase LSAPI_CHILDREN.
[UID:1472][165075] Reached max children process limit: 6, extra: 2, current: 8, busy: 8, please increase LSAPI_CHILDREN.
[UID:1472][165075] Reached max children process limit: 6, extra: 2, current: 8, busy: 8, please increase LSAPI_CHILDREN.
[UID:1472][165075] Reached max children process limit: 6, extra: 2, current: 8, busy: 8, please increase LSAPI_CHILDREN.
[UID:1472][165075] Reached max children process limit: 6, extra: 2, current: 8, busy: 8, please increase LSAPI_CHILDREN.
Popup Ad Object: Popup Ad - http://www.aronnonews.com
Ad Object: Popup Ad - http://www.aronnonews.com
Popup Ad Object: Popup Ad - http://www.aronnonews.com
Ad Object: Popup Ad - http://www.aronnonews.com
Popup Ad Object: Popup Ad - http://www.aronnonews.com
Ad Object: Popup Ad - http://www.aronnonews.com
Not Found: /media/news_images/main-31_DIJKZsQ.jpg
[UID:1472][165075] Reached max children process limit: 6, extra: 2, current: 8, busy: 7, please increase LSAPI_CHILDREN.
Not Found: /media/news_images/main-17_BnlQ6TE.jpg
[UID:1472][165075] Reached max children process limit: 6, extra: 2, current: 8, busy: 7, please increase LSAPI_CHILDREN.
Not Found: /media/news_images/main-10_zgF4C3q.jpg
Not Found: /media/news_images/main-29_kDilAMe.jpg
Not Found: /media/news_images/main-47_3S69iPC.jpg
Not Found: /media/news_images/main-46.jpg
Not Found: /media/news_images/main-17_j0hwvyy.jpg
Not Found: /media/news_images/main-47.jpg
Not Found: /media/news_images/main-48.jpg
Not Found: /media/news_images/main-5.jpg
Popup Ad Object: Popup Ad - http://www.aronnonews.com
Ad Object: Popup Ad - http://www.aronnonews.com
Not Found: /media/news_images/main-45.jpg
Not Found: /media/news_images/main-31_DIJKZsQ.jpg
Not Found: /media/news_images/main-17_BnlQ6TE.jpg
Not Found: /media/news_images/main-44.jpg
Not Found: /media/news_images/main-43.jpg
Popup Ad Object: Popup Ad - http://www.aronnonews.com
Ad Object: Popup Ad - http://www.aronnonews.com
Not Found: /media/news_images/main-47_3S69iPC.jpg
Not Found: /media/news_images/main-47.jpg
Not Found: /static/vendor/bootstrap/js/bootstrap.bundle.min.js
Not Found: /media/news_images/main-46.jpg
Not Found: /media/news_images/main-45.jpg
Not Found: /media/news_images/main-43.jpg
Not Found: /media/news_images/main-31_DIJKZsQ.jpg
Not Found: /media/news_images/main-5.jpg
Not Found: /media/news_images/main-29_kDilAMe.jpg
Not Found: /media/news_images/main-48.jpg
Not Found: /media/news_images/main-17_j0hwvyy.jpg
Not Found: /media/news_images/main-10_zgF4C3q.jpg
Not Found: /media/news_images/main-44.jpg
Not Found: /media/gallery/main-24.jpg
Not Found: /media/news_images/main-17_BnlQ6TE.jpg
Not Found: /media/news_images/main-31_DIJKZsQ.jpg
Not Found: /media/news_images/main-17_BnlQ6TE.jpg
Not Found: /media/news_images/main-10_zgF4C3q.jpg
Not Found: /media/news_images/main-29_kDilAMe.jpg
Not Found: /media/news_images/main-47_3S69iPC.jpg
Not Found: /media/news_images/main-46.jpg
Not Found: /media/news_images/main-17_j0hwvyy.jpg
Not Found: /media/news_images/main-47.jpg
Not Found: /media/news_images/main-48.jpg
Not Found: /media/news_images/main-5.jpg
Not Found: /media/news_images/main-31_DIJKZsQ.jpg
Not Found: /media/news_images/main-44.jpg
Not Found: /media/news_images/main-17_BnlQ6TE.jpg
Not Found: /media/news_images/main-45.jpg
Not Found: /media/news_images/main-43.jpg
Popup Ad Object: Popup Ad - http://www.aronnonews.com
Ad Object: Popup Ad - http://www.aronnonews.com
Popup Ad Object: Popup Ad - http://www.aronnonews.com
Ad Object: Popup Ad - http://www.aronnonews.com
Popup Ad Object: Popup Ad - http://www.aronnonews.com
Ad Object: Popup Ad - http://www.aronnonews.com
Popup Ad Object: Popup Ad - http://www.aronnonews.com
Ad Object: Popup Ad - http://www.aronnonews.com
Not Found: /media/news_images/main-47_3S69iPC.jpg
Not Found: /media/news_images/main-47.jpg
Not Found: /static/vendor/bootstrap/js/bootstrap.bundle.min.js
Not Found: /media/news_images/main-46.jpg
Not Found: /media/news_images/main-48.jpg
Not Found: /media/news_images/main-44.jpg
Not Found: /media/news_images/main-31_DIJKZsQ.jpg
Not Found: /media/news_images/main-17_BnlQ6TE.jpg
Not Found: /media/news_images/main-10_zgF4C3q.jpg
Not Found: /media/news_images/main-29_kDilAMe.jpg
Not Found: /media/gallery/main-24.jpg
Not Found: /media/news_images/main-5.jpg
Not Found: /media/news_images/main-45.jpg
Not Found: /media/news_images/main-17_j0hwvyy.jpg
Not Found: /media/news_images/main-43.jpg
Not Found: /media/news_images/main-46.jpg
Not Found: /media/news_images/main-47_3S69iPC.jpg
Not Found: /media/news_images/main-47.jpg
Not Found: /cart.json
Popup Ad Object: Popup Ad - http://www.aronnonews.com
Ad Object: Popup Ad - http://www.aronnonews.com
Popup Ad Object: Popup Ad - http://www.aronnonews.com
Ad Object: Popup Ad - http://www.aronnonews.com
Popup Ad Object: Popup Ad - http://www.aronnonews.com
Ad Object: Popup Ad - http://www.aronnonews.com
Popup Ad Object: Popup Ad - http://www.aronnonews.com
Ad Object: Popup Ad - http://www.aronnonews.com
Popup Ad Object: Popup Ad - http://www.aronnonews.com
Ad Object: Popup Ad - http://www.aronnonews.com
Not Found: /media/news_images/main-47_3S69iPC.jpg
Not Found: /media/news_images/main-46.jpg
Not Found: /media/news_images/main-43.jpg
Not Found: /media/news_images/main-47.jpg
Not Found: /media/news_images/main-17_BnlQ6TE.jpg
Not Found: /media/news_images/main-31_DIJKZsQ.jpg
Not Found: /media/news_images/main-5.jpg
Not Found: /media/news_images/main-10_zgF4C3q.jpg
Not Found: /media/news_images/main-29_kDilAMe.jpg
Not Found: /media/news_images/main-17_j0hwvyy.jpg
Not Found: /media/news_images/main-48.jpg
Not Found: /media/news_images/main-45.jpg
Not Found: /media/gallery/main-24.jpg
Not Found: /media/news_images/main-44.jpg
Not Found: /static/vendor/bootstrap/js/bootstrap.bundle.min.js
Not Found: /media/news_images/main-47_3S69iPC.jpg
Popup Ad Object: Popup Ad - http://www.aronnonews.com
Ad Object: Popup Ad - http://www.aronnonews.com
Popup Ad Object: Popup Ad - http://www.aronnonews.com
Ad Object: Popup Ad - http://www.aronnonews.com
Popup Ad Object: Popup Ad - http://www.aronnonews.com
Ad Object: Popup Ad - http://www.aronnonews.com
Popup Ad Object: Popup Ad - http://www.aronnonews.com
Ad Object: Popup Ad - http://www.aronnonews.com
Popup Ad Object: Popup Ad - http://www.aronnonews.com
Ad Object: Popup Ad - http://www.aronnonews.com
Not Found: /favicon.ico
Not Found: /media/news_images/main-47_3S69iPC.jpg
Not Found: /media/news_images/main-45.jpg
Not Found: /media/news_images/main-47.jpg
Not Found: /media/news_images/main-44.jpg
Not Found: /media/news_images/main-43.jpg
Not Found: /media/news_images/main-17_BnlQ6TE.jpg
Not Found: /media/news_images/main-46.jpg
Not Found: /static/vendor/bootstrap/js/bootstrap.bundle.min.js
Not Found: /media/news_images/main-10_zgF4C3q.jpg
Not Found: /media/news_images/main-29_kDilAMe.jpg
Not Found: /media/news_images/main-31_DIJKZsQ.jpg
Not Found: /media/news_images/main-17_j0hwvyy.jpg
Not Found: /media/news_images/main-48.jpg
Not Found: /media/news_images/main-5.jpg
Not Found: /media/news_images/main-10_zgF4C3q.jpg
Not Found: /media/news_images/main-29_kDilAMe.jpg
Not Found: /media/news_images/main-47_3S69iPC.jpg
Not Found: /media/news_images/main-46.jpg
Not Found: /media/news_images/main-17_j0hwvyy.jpg
Not Found: /media/news_images/main-47.jpg
Not Found: /media/news_images/main-48.jpg
Not Found: /media/news_images/main-17_BnlQ6TE.jpg
Not Found: /media/news_images/main-5.jpg
Not Found: /media/news_images/main-31_DIJKZsQ.jpg
Not Found: /media/news_images/main-45.jpg
Not Found: /media/news_images/main-44.jpg
Not Found: /media/news_images/main-43.jpg
Popup Ad Object: Popup Ad - http://www.aronnonews.com
Ad Object: Popup Ad - http://www.aronnonews.com
Popup Ad Object: Popup Ad - http://www.aronnonews.com
Ad Object: Popup Ad - http://www.aronnonews.com
Popup Ad Object: Popup Ad - http://www.aronnonews.com
Ad Object: Popup Ad - http://www.aronnonews.com
Popup Ad Object: Popup Ad - http://www.aronnonews.com
Ad Object: Popup Ad - http://www.aronnonews.com
Popup Ad Object: Popup Ad - http://www.aronnonews.com
Ad Object: Popup Ad - http://www.aronnonews.com
Popup Ad Object: Popup Ad - http://www.aronnonews.com
Ad Object: Popup Ad - http://www.aronnonews.com
Popup Ad Object: Popup Ad - http://www.aronnonews.com
Ad Object: Popup Ad - http://www.aronnonews.com
Popup Ad Object: Popup Ad - http://www.aronnonews.com
Ad Object: Popup Ad - http://www.aronnonews.com
Popup Ad Object: Popup Ad - http://www.aronnonews.com
Ad Object: Popup Ad - http://www.aronnonews.com
Popup Ad Object: Popup Ad - http://www.aronnonews.com
Ad Object: Popup Ad - http://www.aronnonews.com
Popup Ad Object: Popup Ad - http://www.aronnonews.com
Ad Object: Popup Ad - http://www.aronnonews.com
Not Found: /media/news_images/main-17_j0hwvyy.jpg
Not Found: /media/news_images/main-47_3S69iPC.jpg
Not Found: /static/vendor/bootstrap/js/bootstrap.bundle.min.js
Not Found: /media/news_images/main-46.jpg
Not Found: /media/news_images/main-47.jpg
Not Found: /media/news_images/main-44.jpg
Not Found: /media/news_images/main-43.jpg
Not Found: /media/news_images/main-45.jpg
Not Found: /media/news_images/main-48.jpg
Not Found: /media/news_images/main-17_BnlQ6TE.jpg
Not Found: /media/news_images/main-31_DIJKZsQ.jpg
Not Found: /media/news_images/main-29_kDilAMe.jpg
Not Found: /media/news_images/main-5.jpg
Not Found: /media/news_images/main-10_zgF4C3q.jpg
Not Found: /media/news_images/main-47_3S69iPC.jpg
Not Found: /media/news_images/main-47.jpg
Not Found: /cart.json
Popup Ad Object: Popup Ad - http://www.aronnonews.com
Ad Object: Popup Ad - http://www.aronnonews.com
Not Found: /static/vendor/bootstrap/js/bootstrap.bundle.min.js
Not Found: /media/news_images/main-43.jpg
Not Found: /media/news_images/main-31_DIJKZsQ.jpg
Not Found: /media/news_images/main-47_3S69iPC.jpg
Not Found: /media/news_images/main-47.jpg
Not Found: /media/news_images/main-44.jpg
Not Found: /media/news_images/main-45.jpg
Not Found: /media/news_images/main-46.jpg
Not Found: /media/news_images/main-17_BnlQ6TE.jpg
Not Found: /media/news_images/main-10_zgF4C3q.jpg
Not Found: /media/news_images/main-29_kDilAMe.jpg
Not Found: /media/news_images/main-5.jpg
Not Found: /media/news_images/main-17_j0hwvyy.jpg
Not Found: /media/news_images/main-48.jpg
Not Found: /media/news_images/main-43.jpg
Not Found: /media/news_images/main-47_3S69iPC.jpg
Not Found: /media/news_images/main-47.jpg
Not Found: /cart.json
Popup Ad Object: Popup Ad - http://www.aronnonews.com
Ad Object: Popup Ad - http://www.aronnonews.com
Not Found: /media/news_images/main-47_3S69iPC.jpg
Not Found: /static/vendor/bootstrap/js/bootstrap.bundle.min.js
Not Found: /media/news_images/main-44.jpg
Not Found: /media/news_images/main-31_DIJKZsQ.jpg
Not Found: /media/news_images/main-47.jpg
Not Found: /media/news_images/main-5.jpg
Not Found: /media/news_images/main-17_BnlQ6TE.jpg
Not Found: /media/news_images/main-48.jpg
Not Found: /media/news_images/main-17_j0hwvyy.jpg
Not Found: /media/news_images/main-43.jpg
Not Found: /media/news_images/main-46.jpg
Not Found: /media/news_images/main-45.jpg
Not Found: /media/news_images/main-10_zgF4C3q.jpg
Not Found: /media/news_images/main-29_kDilAMe.jpg
Not Found: /media/news_images/main-47_3S69iPC.jpg
Not Found: /media/news_images/main-47.jpg
Not Found: /cart.json
Popup Ad Object: Popup Ad - http://www.aronnonews.com
Ad Object: Popup Ad - http://www.aronnonews.com
Not Found: /media/news_images/main-47_3S69iPC.jpg
Not Found: /static/vendor/bootstrap/js/bootstrap.bundle.min.js
Not Found: /media/news_images/main-47.jpg
Not Found: /media/news_images/main-44.jpg
Not Found: /media/news_images/main-43.jpg
Not Found: /media/news_images/main-17_BnlQ6TE.jpg
Not Found: /media/news_images/main-31_DIJKZsQ.jpg
Not Found: /media/news_images/main-46.jpg
Not Found: /media/news_images/main-48.jpg
Not Found: /media/news_images/main-5.jpg
Not Found: /media/news_images/main-10_zgF4C3q.jpg
Not Found: /media/news_images/main-17_j0hwvyy.jpg
Not Found: /media/news_images/main-45.jpg
Not Found: /media/news_images/main-29_kDilAMe.jpg
Not Found: /media/news_images/main-47_3S69iPC.jpg
Not Found: /media/news_images/main-47.jpg
Not Found: /media/news_images/main-29_kDilAMe.jpg
Not Found: /media/news_images/main-47_3S69iPC.jpg
Not Found: /media/news_images/main-10_zgF4C3q.jpg
Not Found: /media/news_images/main-46.jpg
Not Found: /media/news_images/main-17_j0hwvyy.jpg
Not Found: /media/news_images/main-47.jpg
Not Found: /media/news_images/main-5.jpg
Not Found: /media/news_images/main-48.jpg
Not Found: /media/news_images/main-31_DIJKZsQ.jpg
Not Found: /media/news_images/main-44.jpg
Not Found: /media/news_images/main-17_BnlQ6TE.jpg
Not Found: /media/news_images/main-45.jpg
Not Found: /media/news_images/main-43.jpg
Popup Ad Object: Popup Ad - http://www.aronnonews.com
Ad Object: Popup Ad - http://www.aronnonews.com
[UID:1472][165075] Reached max children process limit: 6, extra: 2, current: 8, busy: 7, please increase LSAPI_CHILDREN.
Not Found: /media/news_images/main-47_3S69iPC.jpg
Not Found: /media/news_images/main-45.jpg
Not Found: /media/news_images/main-46.jpg
Not Found: /static/vendor/bootstrap/js/bootstrap.bundle.min.js
Not Found: /media/news_images/main-44.jpg
Not Found: /media/news_images/main-47.jpg
Not Found: /media/news_images/main-48.jpg
Not Found: /media/news_images/main-31_DIJKZsQ.jpg
Not Found: /media/news_images/main-5.jpg
Not Found: /media/news_images/main-43.jpg
Not Found: /media/news_images/main-17_BnlQ6TE.jpg
Not Found: /media/news_images/main-29_kDilAMe.jpg
Not Found: /media/news_images/main-10_zgF4C3q.jpg
[UID:1472][165075] Reached max children process limit: 6, extra: 2, current: 8, busy: 8, please increase LSAPI_CHILDREN.
[UID:1472][165075] Reached max children process limit: 6, extra: 2, current: 8, busy: 8, please increase LSAPI_CHILDREN.
[UID:1472][165075] Reached max children process limit: 6, extra: 2, current: 8, busy: 8, please increase LSAPI_CHILDREN.
[UID:1472][165075] Reached max children process limit: 6, extra: 2, current: 8, busy: 8, please increase LSAPI_CHILDREN.
[UID:1472][165075] Reached max children process limit: 6, extra: 2, current: 8, busy: 8, please increase LSAPI_CHILDREN.
[UID:1472][165075] Reached max children process limit: 6, extra: 2, current: 8, busy: 8, please increase LSAPI_CHILDREN.
Not Found: /media/news_images/main-17_j0hwvyy.jpg
[UID:1472][165075] Reached max children process limit: 6, extra: 2, current: 8, busy: 8, please increase LSAPI_CHILDREN.
[UID:1472][165075] Reached max children process limit: 6, extra: 2, current: 8, busy: 8, please increase LSAPI_CHILDREN.
[UID:1472][165075] Reached max children process limit: 6, extra: 2, current: 8, busy: 8, please increase LSAPI_CHILDREN.
[UID:1472][165075] Reached max children process limit: 6, extra: 2, current: 8, busy: 8, please increase LSAPI_CHILDREN.
[UID:1472][165075] Reached max children process limit: 6, extra: 2, current: 8, busy: 8, please increase LSAPI_CHILDREN.
Not Found: /cart.json
Popup Ad Object: Popup Ad - http://www.aronnonews.com
Ad Object: Popup Ad - http://www.aronnonews.com
Not Found: /media/news_images/main-47_3S69iPC.jpg
Not Found: /media/news_images/main-47.jpg
Not Found: /static/vendor/bootstrap/js/bootstrap.bundle.min.js
Not Found: /media/news_images/main-46.jpg
Not Found: /media/news_images/main-43.jpg
Not Found: /media/news_images/main-31_DIJKZsQ.jpg
Not Found: /media/news_images/main-17_BnlQ6TE.jpg
Not Found: /media/news_images/main-5.jpg
Not Found: /media/news_images/main-29_kDilAMe.jpg
Not Found: /media/news_images/main-48.jpg
Not Found: /media/news_images/main-17_j0hwvyy.jpg
Not Found: /media/news_images/main-10_zgF4C3q.jpg
Not Found: /media/news_images/main-44.jpg
Not Found: /media/news_images/main-45.jpg
Not Found: /media/news_images/main-47_3S69iPC.jpg
Not Found: /media/news_images/main-47.jpg
Not Found: /media/news_images/main-31_DIJKZsQ.jpg
Not Found: /media/news_images/main-17_BnlQ6TE.jpg
Not Found: /media/news_images/main-29_kDilAMe.jpg
Not Found: /media/news_images/main-10_zgF4C3q.jpg
Not Found: /media/news_images/main-46.jpg
Not Found: /media/news_images/main-17_j0hwvyy.jpg
Not Found: /media/news_images/main-48.jpg
Not Found: /media/news_images/main-47_3S69iPC.jpg
Not Found: /media/news_images/main-47.jpg
Not Found: /media/news_images/main-5.jpg
Not Found: /media/news_images/main-44.jpg
Not Found: /media/news_images/main-45.jpg
Not Found: /media/news_images/main-43.jpg
[UID:1472][165075] Reached max children process limit: 6, extra: 2, current: 8, busy: 8, please increase LSAPI_CHILDREN.
Not Found: /media/news_images/main-47_3S69iPC.jpg
Not Found: /media/news_images/main-45.jpg
Not Found: /static/vendor/bootstrap/js/bootstrap.bundle.min.js
Not Found: /media/news_images/main-47.jpg
Not Found: /media/news_images/main-46.jpg
Not Found: /media/news_images/main-44.jpg
Not Found: /media/news_images/main-31_DIJKZsQ.jpg
Not Found: /media/news_images/main-48.jpg
Not Found: /media/news_images/main-43.jpg
Not Found: /media/news_images/main-17_BnlQ6TE.jpg
Not Found: /media/news_images/main-10_zgF4C3q.jpg
Not Found: /media/news_images/main-29_kDilAMe.jpg
Not Found: /media/news_images/main-5.jpg
Not Found: /media/news_images/main-17_j0hwvyy.jpg
Popup Ad Object: Popup Ad - http://www.aronnonews.com
Ad Object: Popup Ad - http://www.aronnonews.com
Popup Ad Object: Popup Ad - http://www.aronnonews.com
Ad Object: Popup Ad - http://www.aronnonews.com
Not Found: /category/religion/
Not Found: /favicon.ico
Not Found: /favicon.ico
Popup Ad Object: Popup Ad - http://www.aronnonews.com
Popup Ad Object: Popup Ad - http://www.aronnonews.com
Ad Object: Popup Ad - http://www.aronnonews.com
Popup Ad Object: Popup Ad - http://www.aronnonews.com
Ad Object: Popup Ad - http://www.aronnonews.com
Popup Ad Object: Popup Ad - http://www.aronnonews.com
Ad Object: Popup Ad - http://www.aronnonews.com
Popup Ad Object: Popup Ad - http://www.aronnonews.com
Ad Object: Popup Ad - http://www.aronnonews.com
Popup Ad Object: Popup Ad - http://www.aronnonews.com
Ad Object: Popup Ad - http://www.aronnonews.com
Popup Ad Object: Popup Ad - http://www.aronnonews.com
Ad Object: Popup Ad - http://www.aronnonews.com
Popup Ad Object: Popup Ad - http://www.aronnonews.com
Ad Object: Popup Ad - http://www.aronnonews.com
Popup Ad Object: Popup Ad - http://www.aronnonews.com
Ad Object: Popup Ad - http://www.aronnonews.com
Popup Ad Object: Popup Ad - http://www.aronnonews.com
Ad Object: Popup Ad - http://www.aronnonews.com
Not Found: /static/vendor/bootstrap/js/bootstrap.bundle.min.js
Not Found: /static/vendor/bootstrap/js/bootstrap.bundle.min.js
Not Found: /media/news_images/main-45.jpg
Not Found: /media/news_images/main-47_3S69iPC.jpg
Not Found: /media/news_images/main-44.jpg
Not Found: /media/news_images/main-47.jpg
Not Found: /media/news_images/main-17_BnlQ6TE.jpg
Not Found: /media/news_images/main-43.jpg
Not Found: /media/news_images/main-5.jpg
Not Found: /media/news_images/main-31_DIJKZsQ.jpg
Not Found: /media/news_images/main-46.jpg
Not Found: /media/news_images/main-10_zgF4C3q.jpg
Not Found: /media/news_images/main-48.jpg
Not Found: /media/news_images/main-17_j0hwvyy.jpg
Not Found: /media/news_images/main-29_kDilAMe.jpg
Not Found: /media/news_images/main-31_DIJKZsQ.jpg
Not Found: /media/news_images/main-17_BnlQ6TE.jpg
Not Found: /media/news_images/main-10_zgF4C3q.jpg
Not Found: /media/news_images/main-48.jpg
Not Found: /media/news_images/main-29_kDilAMe.jpg
Not Found: /media/news_images/main-46.jpg
Not Found: /media/news_images/main-47_3S69iPC.jpg
Not Found: /media/news_images/main-17_j0hwvyy.jpg
Not Found: /media/news_images/main-47.jpg
Not Found: /media/news_images/main-5.jpg
Not Found: /media/news_images/main-44.jpg
Not Found: /media/news_images/main-45.jpg
Not Found: /media/news_images/main-43.jpg
Popup Ad Object: Popup Ad - http://www.aronnonews.com
Ad Object: Popup Ad - http://www.aronnonews.com
Popup Ad Object: Popup Ad - http://www.aronnonews.com
Ad Object: Popup Ad - http://www.aronnonews.com
/home/ystridin/virtualenv/aronno/3.10/lib/python3.10/site-packages/django/db/models/fields/__init__.py:1665: RuntimeWarning: DateTimeField Ad.end_date received a naive datetime (2024-10-14 15:32:48.312078) while time zone support is active.
  warnings.warn(
/home/ystridin/virtualenv/aronno/3.10/lib/python3.10/site-packages/django/db/models/fields/__init__.py:1665: RuntimeWarning: DateTimeField Ad.start_date received a naive datetime (2024-10-14 15:32:48.312078) while time zone support is active.
  warnings.warn(
/home/ystridin/virtualenv/aronno/3.10/lib/python3.10/site-packages/django/db/models/fields/__init__.py:1665: RuntimeWarning: DateTimeField Ad.end_date received a naive datetime (2024-10-14 15:32:55.066504) while time zone support is active.
  warnings.warn(
/home/ystridin/virtualenv/aronno/3.10/lib/python3.10/site-packages/django/db/models/fields/__init__.py:1665: RuntimeWarning: DateTimeField Ad.start_date received a naive datetime (2024-10-14 15:32:55.066504) while time zone support is active.
  warnings.warn(
Not Found: /category/technology/
Popup Ad Object: Popup Ad - http://www.aronnonews.com
Popup Ad Object: Popup Ad - http://www.aronnonews.com
Popup Ad Object: Popup Ad - http://www.aronnonews.com
Not Found: /sitemap.txt
Not Found: /sitemaps.xml
Not Found: /sitemap.xml.gz
Not Found: /sitemap.xml.gz
Not Found: /media/news_images/main-47_3S69iPC.jpg
Not Found: /media/news_images/main-47.jpg
Not Found: /static/vendor/bootstrap/js/bootstrap.bundle.min.js
Not Found: /media/news_images/main-46.jpg
Not Found: /media/news_images/main-48.jpg
Not Found: /media/news_images/main-17_j0hwvyy.jpg
Not Found: /media/news_images/main-45.jpg
Not Found: /media/news_images/main-44.jpg
Not Found: /media/news_images/main-43.jpg
Not Found: /media/news_images/main-17_BnlQ6TE.jpg
Not Found: /media/news_images/main-31_DIJKZsQ.jpg
Not Found: /media/news_images/main-5.jpg
Not Found: /media/news_images/main-10_zgF4C3q.jpg
Not Found: /media/news_images/main-29_kDilAMe.jpg
Not Found: /media/gallery/main-24.jpg
Not Found: /media/news_images/main-10_zgF4C3q.jpg
Not Found: /media/news_images/main-29_kDilAMe.jpg
Not Found: /media/news_images/main-47_3S69iPC.jpg
Not Found: /media/news_images/main-17_j0hwvyy.jpg
Not Found: /media/news_images/main-46.jpg
Not Found: /media/news_images/main-47.jpg
Not Found: /media/news_images/main-48.jpg
Not Found: /media/news_images/main-5.jpg
Not Found: /media/news_images/main-31_DIJKZsQ.jpg
Not Found: /media/news_images/main-44.jpg
Not Found: /media/news_images/main-45.jpg
Not Found: /media/news_images/main-17_BnlQ6TE.jpg
Not Found: /media/news_images/main-43.jpg
Not Found: /media/news_images/main-31_DIJKZsQ.jpg
Not Found: /media/news_images/main-17_BnlQ6TE.jpg
Not Found: /media/news_images/main-10_zgF4C3q.jpg
Not Found: /media/news_images/main-29_kDilAMe.jpg
Not Found: /media/news_images/main-47_3S69iPC.jpg
Not Found: /media/news_images/main-17_j0hwvyy.jpg
Not Found: /media/news_images/main-46.jpg
Not Found: /media/news_images/main-47.jpg
Not Found: /media/news_images/main-48.jpg
Not Found: /media/news_images/main-5.jpg
Not Found: /media/news_images/main-31_DIJKZsQ.jpg
Not Found: /media/news_images/main-44.jpg
Not Found: /media/news_images/main-17_BnlQ6TE.jpg
Not Found: /media/news_images/main-45.jpg
Not Found: /media/news_images/main-43.jpg
Not Found: /android-icon.png
Not Found: /apple-touch-icon.png
Not Found: /media/news_images/main-47_3S69iPC.jpg
Not Found: /media/news_images/main-47.jpg
Not Found: /static/vendor/bootstrap/js/bootstrap.bundle.min.js
Not Found: /media/news_images/main-46.jpg
Not Found: /media/news_images/main-48.jpg
Not Found: /media/news_images/main-17_j0hwvyy.jpg
Not Found: /media/news_images/main-45.jpg
Not Found: /media/news_images/main-44.jpg
Not Found: /media/news_images/main-31_DIJKZsQ.jpg
Not Found: /media/news_images/main-10_zgF4C3q.jpg
Not Found: /media/news_images/main-29_kDilAMe.jpg
Not Found: /media/news_images/main-5.jpg
Not Found: /media/news_images/main-17_BnlQ6TE.jpg
Not Found: /media/news_images/main-43.jpg
Not Found: /media/news_images/main-47_3S69iPC.jpg
Not Found: /media/news_images/main-46.jpg
Not Found: /media/news_images/main-47.jpg
Not Found: /media/news_images/main-47_3S69iPC.jpg
Not Found: /media/news_images/main-47.jpg
Not Found: /static/vendor/bootstrap/js/bootstrap.bundle.min.js
Not Found: /media/news_images/main-46.jpg
Not Found: /media/news_images/main-17_j0hwvyy.jpg
Not Found: /media/news_images/main-45.jpg
Not Found: /media/news_images/main-43.jpg
Not Found: /media/news_images/main-44.jpg
Not Found: /media/news_images/main-5.jpg
Not Found: /media/news_images/main-31_DIJKZsQ.jpg
Not Found: /media/news_images/main-29_kDilAMe.jpg
Not Found: /media/news_images/main-10_zgF4C3q.jpg
Not Found: /media/news_images/main-48.jpg
Not Found: /media/news_images/main-17_BnlQ6TE.jpg
Not Found: /media/news_images/main-10_zgF4C3q.jpg
Not Found: /media/news_images/main-29_kDilAMe.jpg
Not Found: /media/news_images/main-47_3S69iPC.jpg
Not Found: /media/news_images/main-44.jpg
Not Found: /media/news_images/main-17_j0hwvyy.jpg
Not Found: /media/news_images/main-47.jpg
Not Found: /media/news_images/main-48.jpg
Not Found: /media/news_images/main-5.jpg
Not Found: /media/news_images/main-31_DIJKZsQ.jpg
Not Found: /media/news_images/main-17_BnlQ6TE.jpg
Not Found: /media/news_images/main-45.jpg
Not Found: /media/news_images/main-43.jpg
Popup Ad Object: Popup Ad - http://www.aronnonews.com
Ad Object: Popup Ad - http://www.aronnonews.com
Not Found: /.well-known/traffic-advice
Not Found: /media/news_images/main-47_3S69iPC.jpg
Not Found: /media/news_images/main-47.jpg
[UID:1472][480890] Reached max children process limit: 6, extra: 2, current: 8, busy: 7, please increase LSAPI_CHILDREN.
Not Found: /static/vendor/bootstrap/js/bootstrap.bundle.min.js
Not Found: /media/news_images/main-43.jpg
Not Found: /media/news_images/main-17_BnlQ6TE.jpg
Not Found: /media/news_images/main-31_DIJKZsQ.jpg
Not Found: /media/news_images/main-5.jpg
Not Found: /media/news_images/main-46.jpg
Not Found: /media/news_images/main-48.jpg
Not Found: /media/news_images/main-10_zgF4C3q.jpg
Not Found: /media/news_images/main-29_kDilAMe.jpg
[UID:1472][480890] Reached max children process limit: 6, extra: 2, current: 8, busy: 8, please increase LSAPI_CHILDREN.
[UID:1472][480890] Reached max children process limit: 6, extra: 2, current: 8, busy: 8, please increase LSAPI_CHILDREN.
[UID:1472][480890] Reached max children process limit: 6, extra: 2, current: 8, busy: 8, please increase LSAPI_CHILDREN.
[UID:1472][480890] Reached max children process limit: 6, extra: 2, current: 8, busy: 8, please increase LSAPI_CHILDREN.
Not Found: /media/news_images/main-47_3S69iPC.jpg
Not Found: /media/news_images/main-47.jpg
[UID:1472][480890] Reached max children process limit: 6, extra: 2, current: 8, busy: 8, please increase LSAPI_CHILDREN.
[UID:1472][480890] Reached max children process limit: 6, extra: 2, current: 8, busy: 8, please increase LSAPI_CHILDREN.
[UID:1472][480890] Reached max children process limit: 6, extra: 2, current: 8, busy: 8, please increase LSAPI_CHILDREN.
[UID:1472][480890] Reached max children process limit: 6, extra: 2, current: 8, busy: 8, please increase LSAPI_CHILDREN.
[UID:1472][480890] Reached max children process limit: 6, extra: 2, current: 8, busy: 8, please increase LSAPI_CHILDREN.
[UID:1472][480890] Reached max children process limit: 6, extra: 2, current: 8, busy: 8, please increase LSAPI_CHILDREN.
[UID:1472][480890] Reached max children process limit: 6, extra: 2, current: 8, busy: 8, please increase LSAPI_CHILDREN.
[UID:1472][480890] Reached max children process limit: 6, extra: 2, current: 8, busy: 8, please increase LSAPI_CHILDREN.
[UID:1472][480890] Reached max children process limit: 6, extra: 2, current: 8, busy: 8, please increase LSAPI_CHILDREN.
[UID:1472][480890] Reached max children process limit: 6, extra: 2, current: 8, busy: 8, please increase LSAPI_CHILDREN.
[UID:1472][480890] Reached max children process limit: 6, extra: 2, current: 8, busy: 7, please increase LSAPI_CHILDREN.
Popup Ad Object: Popup Ad - http://www.aronnonews.com
Ad Object: Popup Ad - http://www.aronnonews.com
Not Found: /media/news_images/main-17_j0hwvyy.jpg
[UID:1472][480890] Reached max children process limit: 6, extra: 2, current: 8, busy: 7, please increase LSAPI_CHILDREN.
Not Found: /media/news_images/main-44.jpg
Not Found: /media/news_images/main-45.jpg
Popup Ad Object: Popup Ad - http://www.aronnonews.com
Ad Object: Popup Ad - http://www.aronnonews.com
Popup Ad Object: Popup Ad - http://www.aronnonews.com
Ad Object: Popup Ad - http://www.aronnonews.com
Popup Ad Object: Popup Ad - http://www.aronnonews.com
Ad Object: Popup Ad - http://www.aronnonews.com
Popup Ad Object: Popup Ad - http://www.aronnonews.com
Ad Object: Popup Ad - http://www.aronnonews.com
Popup Ad Object: Popup Ad - http://www.aronnonews.com
Ad Object: Popup Ad - http://www.aronnonews.com
Not Found: /sitemap.txt
Not Found: /static/vendor/bootstrap/js/bootstrap.bundle.min.js
Not Found: /media/news_images/main-47_3S69iPC.jpg
Not Found: /media/news_images/main-47.jpg
Not Found: /media/news_images/main-45.jpg
Not Found: /media/news_images/main-10_zgF4C3q.jpg
Not Found: /media/news_images/main-48.jpg
Not Found: /media/news_images/main-17_j0hwvyy.jpg
Not Found: /media/news_images/main-17_BnlQ6TE.jpg
Not Found: /media/news_images/main-43.jpg
Not Found: /media/news_images/main-5.jpg
Not Found: /media/news_images/main-44.jpg
Not Found: /media/news_images/main-29_kDilAMe.jpg
Not Found: /media/news_images/main-31_DIJKZsQ.jpg
Not Found: /media/news_images/main-46.jpg
Not Found: /media/news_images/main-47.jpg
Not Found: /atom.xml
Popup Ad Object: Popup Ad - http://www.aronnonews.com
Ad Object: Popup Ad - http://www.aronnonews.com
Not Found: /sitemap.xml
Not Found: /media/news_images/main-45.jpg
Not Found: /media/news_images/main-44.jpg
Not Found: /media/news_images/main-43.jpg
Not Found: /media/news_images/main-47_3S69iPC.jpg
Not Found: /media/news_images/main-47.jpg
Not Found: /media/news_images/main-46.jpg
Not Found: /media/news_images/main-48.jpg
Not Found: /media/news_images/main-45.jpg
Not Found: /media/news_images/main-31_DIJKZsQ.jpg
Not Found: /media/news_images/main-17_j0hwvyy.jpg
Not Found: /media/news_images/main-5.jpg
Not Found: /media/news_images/main-10_zgF4C3q.jpg
Not Found: /media/news_images/main-44.jpg
Not Found: /media/news_images/main-43.jpg
Not Found: /media/news_images/main-17_BnlQ6TE.jpg
Not Found: /media/news_images/main-29_kDilAMe.jpg
Not Found: /static/vendor/bootstrap/js/bootstrap.bundle.min.js
Not Found: /media/news_images/main-47_3S69iPC.jpg
Not Found: /media/news_images/main-47.jpg
Not Found: /static/vendor/bootstrap/js/bootstrap.bundle.min.js
Not Found: /media/news_images/main-17_j0hwvyy.jpg
Not Found: /media/news_images/main-45.jpg
Not Found: /media/news_images/main-48.jpg
Not Found: /media/news_images/main-46.jpg
Not Found: /media/news_images/main-44.jpg
Not Found: /media/news_images/main-43.jpg
Not Found: /media/news_images/main-17_BnlQ6TE.jpg
Not Found: /media/news_images/main-31_DIJKZsQ.jpg
Not Found: /media/news_images/main-10_zgF4C3q.jpg
Not Found: /media/news_images/main-5.jpg
Not Found: /media/news_images/main-29_kDilAMe.jpg
Not Found: /media/news_images/main-17_BnlQ6TE.jpg
Not Found: /media/news_images/main-10_zgF4C3q.jpg
Not Found: /media/news_images/main-29_kDilAMe.jpg
Not Found: /media/news_images/main-47_3S69iPC.jpg
Not Found: /media/news_images/main-46.jpg
Not Found: /media/news_images/main-44.jpg
Not Found: /media/news_images/main-5.jpg
Not Found: /media/news_images/main-47.jpg
Not Found: /media/news_images/main-43.jpg
Not Found: /media/news_images/main-45.jpg
Not Found: /media/news_images/main-17_j0hwvyy.jpg
Popup Ad Object: Popup Ad - http://www.aronnonews.com
Ad Object: Popup Ad - http://www.aronnonews.com
Popup Ad Object: Popup Ad - http://www.aronnonews.com
Ad Object: Popup Ad - http://www.aronnonews.com
Not Found: /atom.xml
Popup Ad Object: Popup Ad - http://www.aronnonews.com
Ad Object: Popup Ad - http://www.aronnonews.com
Popup Ad Object: Popup Ad - http://www.aronnonews.com
Ad Object: Popup Ad - http://www.aronnonews.com
Popup Ad Object: Popup Ad - http://www.aronnonews.com
Ad Object: Popup Ad - http://www.aronnonews.com
Popup Ad Object: Popup Ad - http://www.aronnonews.com
Not Found: /sitemap_index.xml
Not Found: /sitemap.xml
Popup Ad Object: Popup Ad - http://www.aronnonews.com
Not Found: /sitemap_index.xml
Not Found: /sitemaps.xml
Popup Ad Object: Popup Ad - http://www.aronnonews.com
Ad Object: Popup Ad - http://www.aronnonews.com
Not Found: /robots.txt
/home/ystridin/virtualenv/aronno/3.10/lib/python3.10/site-packages/django/db/models/fields/__init__.py:1665: RuntimeWarning: DateTimeField Ad.end_date received a naive datetime (2024-10-14 18:28:26.208596) while time zone support is active.
  warnings.warn(
/home/ystridin/virtualenv/aronno/3.10/lib/python3.10/site-packages/django/db/models/fields/__init__.py:1665: RuntimeWarning: DateTimeField Ad.start_date received a naive datetime (2024-10-14 18:28:26.208596) while time zone support is active.
  warnings.warn(
Not Found: /category/law/
Not Found: /static/vendor/bootstrap/js/bootstrap.bundle.min.js
Not Found: /category/other_sports/
Popup Ad Object: Popup Ad - http://www.aronnonews.com
Ad Object: Popup Ad - http://www.aronnonews.com
Popup Ad Object: Popup Ad - http://www.aronnonews.com
Not Found: /media/news_images/main-47.jpg
Not Found: /media/news_images/main-47_3S69iPC.jpg
Not Found: /media/news_images/main-46.jpg
Not Found: /media/news_images/main-48.jpg
Not Found: /media/news_images/main-17_j0hwvyy.jpg
Not Found: /media/news_images/main-45.jpg
Not Found: /media/news_images/main-44.jpg
Not Found: /media/news_images/main-17_BnlQ6TE.jpg
Not Found: /media/news_images/main-5.jpg
Not Found: /media/news_images/main-43.jpg
Not Found: /media/news_images/main-31_DIJKZsQ.jpg
Not Found: /media/news_images/main-29_kDilAMe.jpg
Not Found: /static/vendor/bootstrap/js/bootstrap.bundle.min.js
Not Found: /media/news_images/main-10_zgF4C3q.jpg
Not Found: /media/news_images/main-10_zgF4C3q.jpg
Not Found: /media/news_images/main-29_kDilAMe.jpg
Not Found: /media/news_images/main-47_3S69iPC.jpg
Not Found: /media/news_images/main-46.jpg
Not Found: /media/news_images/main-44.jpg
Not Found: /media/news_images/main-47.jpg
Not Found: /media/news_images/main-17_j0hwvyy.jpg
Not Found: /media/news_images/main-48.jpg
Not Found: /media/news_images/main-5.jpg
Not Found: /media/news_images/main-31_DIJKZsQ.jpg
Not Found: /media/news_images/main-45.jpg
Not Found: /media/news_images/main-43.jpg
Not Found: /media/news_images/main-17_BnlQ6TE.jpg
Not Found: /android-icon.png
Not Found: /apple-touch-icon.png
Not Found: /.well-known/traffic-advice
Popup Ad Object: Popup Ad - http://www.aronnonews.com
Ad Object: Popup Ad - http://www.aronnonews.com
Not Found: /media/news_images/main-47_3S69iPC.jpg
Not Found: /media/img/logo.png
Not Found: /static/vendor/bootstrap/js/bootstrap.bundle.min.js
Not Found: /media/news_images/main-48.jpg
Not Found: /media/news_images/main-17_j0hwvyy.jpg
Not Found: /media/img/logo.png
Not Found: /media/news_images/main-47_3S69iPC.jpg
Not Found: /media/news_images/main-43.jpg
Not Found: /media/news_images/main-45.jpg
Not Found: /media/news_images/main-17_BnlQ6TE.jpg
Not Found: /media/news_images/main-5.jpg
Not Found: /media/news_images/main-31_DIJKZsQ.jpg
Not Found: /media/news_images/main-10_zgF4C3q.jpg
Not Found: /media/news_images/main-29_kDilAMe.jpg
Not Found: /media/news_images/main-47.jpg
Not Found: /media/news_images/main-46.jpg
Not Found: /media/news_images/main-44.jpg
Not Found: /news/12/android-icon.png
Not Found: /media/news_images/main-47.jpg
Not Found: /media/news_images/main-47_3S69iPC.jpg
Not Found: /static/vendor/bootstrap/js/bootstrap.bundle.min.js
Not Found: /media/news_images/main-45.jpg
Not Found: /media/news_images/main-10_zgF4C3q.jpg
Not Found: /media/news_images/main-48.jpg
Not Found: /media/news_images/main-44.jpg
Not Found: /media/news_images/main-17_BnlQ6TE.jpg
Not Found: /media/news_images/main-17_j0hwvyy.jpg
Not Found: /media/news_images/main-29_kDilAMe.jpg
Not Found: /media/news_images/main-31_DIJKZsQ.jpg
Not Found: /media/news_images/main-46.jpg
Not Found: /media/news_images/main-5.jpg
Not Found: /media/news_images/main-43.jpg
Not Found: /media/news_images/main-47_3S69iPC.jpg
Not Found: /media/news_images/main-47.jpg
Popup Ad Object: Popup Ad - http://www.aronnonews.com
Popup Ad Object: Popup Ad - http://www.aronnonews.com
Ad Object: Popup Ad - http://www.aronnonews.com
Not Found: /.well-known/traffic-advice
Popup Ad Object: Popup Ad - http://www.aronnonews.com
Ad Object: Popup Ad - http://www.aronnonews.com
Not Found: /robots.txt
Not Found: /news/60/
Popup Ad Object: Popup Ad - http://www.aronnonews.com
Ad Object: Popup Ad - http://www.aronnonews.com
Not Found: /media/news_images/main-48.jpg
Not Found: /media/news_images/main-10_zgF4C3q.jpg
Not Found: /media/news_images/main-5.jpg
Not Found: /media/news_images/main-46.jpg
Not Found: /media/news_images/main-43.jpg
Not Found: /media/news_images/main-47.jpg
Not Found: /media/news_images/main-45.jpg
Not Found: /media/news_images/main-47_3S69iPC.jpg
Not Found: /media/news_images/main-44.jpg
Not Found: /static/vendor/bootstrap/js/bootstrap.bundle.min.js
Not Found: /media/news_images/main-17_j0hwvyy.jpg
Not Found: /media/news_images/main-17_BnlQ6TE.jpg
Not Found: /media/news_images/main-29_kDilAMe.jpg
Not Found: /media/news_images/main-31_DIJKZsQ.jpg
Popup Ad Object: Popup Ad - http://www.aronnonews.com
Ad Object: Popup Ad - http://www.aronnonews.com
Popup Ad Object: Popup Ad - http://www.aronnonews.com
Popup Ad Object: Popup Ad - http://www.aronnonews.com
Popup Ad Object: Popup Ad - http://www.aronnonews.com
Not Found: /robots.txt
/home/ystridin/virtualenv/aronno/3.10/lib/python3.10/site-packages/django/db/models/fields/__init__.py:1665: RuntimeWarning: DateTimeField Ad.end_date received a naive datetime (2024-10-14 21:44:42.516404) while time zone support is active.
  warnings.warn(
/home/ystridin/virtualenv/aronno/3.10/lib/python3.10/site-packages/django/db/models/fields/__init__.py:1665: RuntimeWarning: DateTimeField Ad.start_date received a naive datetime (2024-10-14 21:44:42.516404) while time zone support is active.
  warnings.warn(
/home/ystridin/virtualenv/aronno/3.10/lib/python3.10/site-packages/django/db/models/fields/__init__.py:1665: RuntimeWarning: DateTimeField Ad.end_date received a naive datetime (2024-10-14 22:03:01.627519) while time zone support is active.
  warnings.warn(
/home/ystridin/virtualenv/aronno/3.10/lib/python3.10/site-packages/django/db/models/fields/__init__.py:1665: RuntimeWarning: DateTimeField Ad.start_date received a naive datetime (2024-10-14 22:03:01.627519) while time zone support is active.
  warnings.warn(
Not Found: /category/chief Advisor/category/chief%20Advisor/
/home/ystridin/virtualenv/aronno/3.10/lib/python3.10/site-packages/django/db/models/fields/__init__.py:1665: RuntimeWarning: DateTimeField Ad.end_date received a naive datetime (2024-10-14 22:45:54.805595) while time zone support is active.
  warnings.warn(
/home/ystridin/virtualenv/aronno/3.10/lib/python3.10/site-packages/django/db/models/fields/__init__.py:1665: RuntimeWarning: DateTimeField Ad.start_date received a naive datetime (2024-10-14 22:45:54.805595) while time zone support is active.
  warnings.warn(
/home/ystridin/virtualenv/aronno/3.10/lib/python3.10/site-packages/django/db/models/fields/__init__.py:1665: RuntimeWarning: DateTimeField Ad.end_date received a naive datetime (2024-10-14 23:03:20.564352) while time zone support is active.
  warnings.warn(
/home/ystridin/virtualenv/aronno/3.10/lib/python3.10/site-packages/django/db/models/fields/__init__.py:1665: RuntimeWarning: DateTimeField Ad.start_date received a naive datetime (2024-10-14 23:03:20.564352) while time zone support is active.
  warnings.warn(
/home/ystridin/virtualenv/aronno/3.10/lib/python3.10/site-packages/django/db/models/fields/__init__.py:1665: RuntimeWarning: DateTimeField Ad.end_date received a naive datetime (2024-10-14 23:21:27.284071) while time zone support is active.
  warnings.warn(
/home/ystridin/virtualenv/aronno/3.10/lib/python3.10/site-packages/django/db/models/fields/__init__.py:1665: RuntimeWarning: DateTimeField Ad.start_date received a naive datetime (2024-10-14 23:21:27.284071) while time zone support is active.
  warnings.warn(
Popup Ad Object: Popup Ad - http://www.aronnonews.com
Ad Object: Popup Ad - http://www.aronnonews.com
/home/ystridin/virtualenv/aronno/3.10/lib/python3.10/site-packages/django/db/models/fields/__init__.py:1665: RuntimeWarning: DateTimeField Ad.end_date received a naive datetime (2024-10-14 23:40:15.095299) while time zone support is active.
  warnings.warn(
/home/ystridin/virtualenv/aronno/3.10/lib/python3.10/site-packages/django/db/models/fields/__init__.py:1665: RuntimeWarning: DateTimeField Ad.start_date received a naive datetime (2024-10-14 23:40:15.095299) while time zone support is active.
  warnings.warn(
Not Found: /category/countrywide/
/home/ystridin/virtualenv/aronno/3.10/lib/python3.10/site-packages/django/db/models/fields/__init__.py:1665: RuntimeWarning: DateTimeField Ad.end_date received a naive datetime (2024-10-15 00:19:27.483501) while time zone support is active.
  warnings.warn(
/home/ystridin/virtualenv/aronno/3.10/lib/python3.10/site-packages/django/db/models/fields/__init__.py:1665: RuntimeWarning: DateTimeField Ad.start_date received a naive datetime (2024-10-15 00:19:27.483501) while time zone support is active.
  warnings.warn(
Popup Ad Object: Popup Ad - http://www.aronnonews.com
Ad Object: Popup Ad - http://www.aronnonews.com
Not Found: /category/humanity/
Not Found: /category/religion/
Not Found: /section/religion/
Popup Ad Object: Popup Ad - http://www.aronnonews.com
/home/ystridin/virtualenv/aronno/3.10/lib/python3.10/site-packages/django/db/models/fields/__init__.py:1665: RuntimeWarning: DateTimeField Ad.end_date received a naive datetime (2024-10-15 00:37:09.506100) while time zone support is active.
  warnings.warn(
/home/ystridin/virtualenv/aronno/3.10/lib/python3.10/site-packages/django/db/models/fields/__init__.py:1665: RuntimeWarning: DateTimeField Ad.start_date received a naive datetime (2024-10-15 00:37:09.506100) while time zone support is active.
  warnings.warn(
Popup Ad Object: Popup Ad - http://www.aronnonews.com
Not Found: /category/fashion/
/home/ystridin/virtualenv/aronno/3.10/lib/python3.10/site-packages/django/db/models/fields/__init__.py:1665: RuntimeWarning: DateTimeField Ad.end_date received a naive datetime (2024-10-15 00:56:59.853184) while time zone support is active.
  warnings.warn(
/home/ystridin/virtualenv/aronno/3.10/lib/python3.10/site-packages/django/db/models/fields/__init__.py:1665: RuntimeWarning: DateTimeField Ad.start_date received a naive datetime (2024-10-15 00:56:59.853184) while time zone support is active.
  warnings.warn(
Not Found: /category/humanity/
Not Found: /category/international/
Popup Ad Object: Popup Ad - http://www.aronnonews.com
Ad Object: Popup Ad - http://www.aronnonews.com
Popup Ad Object: Popup Ad - http://www.aronnonews.com
Ad Object: Popup Ad - http://www.aronnonews.com
Not Found: /category/jobs/
Not Found: /category/literature_culture/
Not Found: /category/other_sports/
Not Found: /category/technology/
Popup Ad Object: Popup Ad - http://www.aronnonews.com
Ad Object: Popup Ad - http://www.aronnonews.com
Not Found: /category/travel/
Popup Ad Object: Popup Ad - http://www.aronnonews.com
Ad Object: Popup Ad - http://www.aronnonews.com
Not Found: /app/
Not Found: /app/
Not Found: /app/
Not Found: /login/
Not Found: /login/
Not Found: /login/
Not Found: /static/vendor/bootstrap/js/bootstrap.bundle.min.js
Not Found: /static/vendor/bootstrap/js/bootstrap.bundle.min.js
Not Found: /static/vendor/bootstrap/js/bootstrap.bundle.min.js
Popup Ad Object: Popup Ad - http://www.aronnonews.com
Not Found: /media/img/logo.png
Popup Ad Object: Popup Ad - http://www.aronnonews.com
Ad Object: Popup Ad - http://www.aronnonews.com
Popup Ad Object: Popup Ad - http://www.aronnonews.com
Ad Object: Popup Ad - http://www.aronnonews.com
Popup Ad Object: Popup Ad - http://www.aronnonews.com
Ad Object: Popup Ad - http://www.aronnonews.com
Not Found: /section/expatriate/
/home/ystridin/virtualenv/aronno/3.10/lib/python3.10/site-packages/django/db/models/fields/__init__.py:1665: RuntimeWarning: DateTimeField Ad.end_date received a naive datetime (2024-10-15 02:53:03.608733) while time zone support is active.
  warnings.warn(
/home/ystridin/virtualenv/aronno/3.10/lib/python3.10/site-packages/django/db/models/fields/__init__.py:1665: RuntimeWarning: DateTimeField Ad.start_date received a naive datetime (2024-10-15 02:53:03.608733) while time zone support is active.
  warnings.warn(
Not Found: /section/health/
Not Found: /section/law/
Not Found: /section/religion/
Popup Ad Object: Popup Ad - http://www.aronnonews.com
Ad Object: Popup Ad - http://www.aronnonews.com
/home/ystridin/virtualenv/aronno/3.10/lib/python3.10/site-packages/django/db/models/fields/__init__.py:1665: RuntimeWarning: DateTimeField Ad.end_date received a naive datetime (2024-10-15 03:24:49.441595) while time zone support is active.
  warnings.warn(
/home/ystridin/virtualenv/aronno/3.10/lib/python3.10/site-packages/django/db/models/fields/__init__.py:1665: RuntimeWarning: DateTimeField Ad.start_date received a naive datetime (2024-10-15 03:24:49.441595) while time zone support is active.
  warnings.warn(
Not Found: /static/vendor/bootstrap/js/bootstrap.bundle.min.js
Not Found: /media/news_images/main-45.jpg
Not Found: /media/news_images/main-5.jpg
Not Found: /media/news_images/main-10_zgF4C3q.jpg
Not Found: /media/news_images/main-46.jpg
Not Found: /media/news_images/main-43.jpg
Not Found: /media/news_images/main-44.jpg
Not Found: /media/news_images/main-17_j0hwvyy.jpg
Not Found: /media/news_images/main-17_BnlQ6TE.jpg
Not Found: /media/news_images/main-29_kDilAMe.jpg
Not Found: /media/news_images/main-31_DIJKZsQ.jpg
Not Found: /media/news_images/main-48.jpg
Not Found: /media/news_images/main-47.jpg
Not Found: /media/news_images/main-47_3S69iPC.jpg
Not Found: /category/travel/
Not Found: /category/literature_culture/
Popup Ad Object: Popup Ad - http://www.aronnonews.com
Ad Object: Popup Ad - http://www.aronnonews.com
Popup Ad Object: Popup Ad - http://www.aronnonews.com
Popup Ad Object: Popup Ad - http://www.aronnonews.com
Popup Ad Object: Popup Ad - http://www.aronnonews.com
Popup Ad Object: Popup Ad - http://www.aronnonews.com
Popup Ad Object: Popup Ad - http://www.aronnonews.com
Popup Ad Object: Popup Ad - http://www.aronnonews.com
Popup Ad Object: Popup Ad - http://www.aronnonews.com
Not Found: /media/news_images/main-5.jpg
Not Found: /media/news_images/main-45.jpg
Not Found: /static/vendor/bootstrap/js/bootstrap.bundle.min.js
Not Found: /media/news_images/main-47_3S69iPC.jpg
Not Found: /media/news_images/main-46.jpg
Not Found: /media/news_images/main-43.jpg
Not Found: /media/news_images/main-44.jpg
Not Found: /media/news_images/main-47.jpg
Not Found: /media/news_images/main-17_j0hwvyy.jpg
Not Found: /media/news_images/main-17_BnlQ6TE.jpg
Not Found: /media/news_images/main-29_kDilAMe.jpg
Not Found: /media/news_images/main-31_DIJKZsQ.jpg
Not Found: /media/news_images/main-10_zgF4C3q.jpg
Not Found: /media/news_images/main-48.jpg
Popup Ad Object: Popup Ad - http://www.aronnonews.com
Not Found: /static/vendor/bootstrap/js/bootstrap.bundle.min.js
Not Found: /advertisements/android-icon.png
Not Found: /media/media/ad-chart-janakantha.pdf
Not Found: /favicon.ico
Not Found: /static/vendor/bootstrap/js/bootstrap.bundle.min.js
Not Found: /amaderkotha/android-icon.png
Not Found: /static/vendor/bootstrap/js/bootstrap.bundle.min.js
Not Found: /jogajog/android-icon.png
Popup Ad Object: Popup Ad - http://www.aronnonews.com
Popup Ad Object: Popup Ad - http://www.aronnonews.com
Not Found: /.well-known/traffic-advice
Popup Ad Object: Popup Ad - http://www.aronnonews.com
Ad Object: Popup Ad - http://www.aronnonews.com
Not Found: /media/news_images/main-47_3S69iPC.jpg
Not Found: /media/news_images/main-47.jpg
Not Found: /static/vendor/bootstrap/js/bootstrap.bundle.min.js
Not Found: /media/news_images/main-46.jpg
Not Found: /media/news_images/main-48.jpg
Not Found: /media/news_images/main-17_j0hwvyy.jpg
Popup Ad Object: Popup Ad - http://www.aronnonews.com
Ad Object: Popup Ad - http://www.aronnonews.com
Not Found: /media/news_images/main-17_BnlQ6TE.jpg
Not Found: /media/news_images/main-31_DIJKZsQ.jpg
Not Found: /media/news_images/main-5.jpg
Not Found: /media/news_images/main-29_kDilAMe.jpg
Not Found: /media/news_images/main-47_3S69iPC.jpg
Not Found: /media/news_images/main-10_zgF4C3q.jpg
Not Found: /media/news_images/main-47.jpg
Not Found: /apple-touch-icon.png
Not Found: /android-icon.png
Popup Ad Object: Popup Ad - http://www.aronnonews.com
Popup Ad Object: Popup Ad - http://www.aronnonews.com
/home/ystridin/virtualenv/aronno/3.10/lib/python3.10/site-packages/django/db/models/fields/__init__.py:1665: RuntimeWarning: DateTimeField Ad.end_date received a naive datetime (2024-10-15 05:25:20.600581) while time zone support is active.
  warnings.warn(
/home/ystridin/virtualenv/aronno/3.10/lib/python3.10/site-packages/django/db/models/fields/__init__.py:1665: RuntimeWarning: DateTimeField Ad.start_date received a naive datetime (2024-10-15 05:25:20.600581) while time zone support is active.
  warnings.warn(
Not Found: /media/news_images/main-47_3S69iPC.jpg
Not Found: /media/news_images/main-47.jpg
Not Found: /media/news_images/main-46.jpg
Not Found: /media/news_images/main-48.jpg
Not Found: /media/news_images/main-17_j0hwvyy.jpg
Not Found: /media/news_images/main-45.jpg
Not Found: /media/news_images/main-44.jpg
Not Found: /media/news_images/main-43.jpg
Not Found: /media/news_images/main-17_BnlQ6TE.jpg
Not Found: /media/news_images/main-31_DIJKZsQ.jpg
Not Found: /media/news_images/main-5.jpg
Not Found: /media/news_images/main-10_zgF4C3q.jpg
Not Found: /media/news_images/main-29_kDilAMe.jpg
Not Found: /static/vendor/bootstrap/js/bootstrap.bundle.min.js
Not Found: /media/news_images/main-47_3S69iPC.jpg
Not Found: /media/news_images/main-47.jpg
Popup Ad Object: Popup Ad - http://www.aronnonews.com
Ad Object: Popup Ad - http://www.aronnonews.com
Not Found: /android-icon.png
Not Found: /apple-touch-icon.png
Not Found: /media/news_images/main-47_3S69iPC.jpg
Not Found: /media/news_images/main-47.jpg
Not Found: /media/news_images/main-46.jpg
Not Found: /media/news_images/main-48.jpg
Not Found: /static/vendor/bootstrap/js/bootstrap.bundle.min.js
Not Found: /media/news_images/main-43.jpg
Not Found: /media/news_images/main-31_DIJKZsQ.jpg
Not Found: /media/news_images/main-5.jpg
Not Found: /media/news_images/main-17_BnlQ6TE.jpg
Not Found: /media/news_images/main-29_kDilAMe.jpg
Not Found: /media/news_images/main-10_zgF4C3q.jpg
Not Found: /media/news_images/main-45.jpg
Not Found: /media/news_images/main-44.jpg
Not Found: /media/news_images/main-17_j0hwvyy.jpg
Not Found: /media/news_images/main-47_3S69iPC.jpg
Not Found: /media/news_images/main-47.jpg
Not Found: /static/vendor/bootstrap/js/bootstrap.bundle.min.js
Not Found: /media/news_images/main-46.jpg
Not Found: /media/news_images/main-17_j0hwvyy.jpg
Not Found: /media/news_images/main-48.jpg
Not Found: /media/news_images/main-45.jpg
Not Found: /media/news_images/main-44.jpg
Not Found: /media/news_images/main-43.jpg
Not Found: /media/news_images/main-31_DIJKZsQ.jpg
Not Found: /media/news_images/main-17_BnlQ6TE.jpg
Not Found: /media/news_images/main-5.jpg
Not Found: /media/news_images/main-29_kDilAMe.jpg
Not Found: /media/news_images/main-10_zgF4C3q.jpg
Not Found: /favicon.ico
Popup Ad Object: Popup Ad - http://www.aronnonews.com
Ad Object: Popup Ad - http://www.aronnonews.com
/home/ystridin/virtualenv/aronno/3.10/lib/python3.10/site-packages/django/contrib/admin/options.py:942: UnorderedObjectListWarning: Pagination may yield inconsistent results with an unordered object_list: <class 'home.models.NewsList'> QuerySet.
  return self.paginator(queryset, per_page, orphans, allow_empty_first_page)
Popup Ad Object: Popup Ad - http://www.aronnonews.com
Ad Object: Popup Ad - http://www.aronnonews.com
/home/ystridin/virtualenv/aronno/3.10/lib/python3.10/site-packages/django/db/models/fields/__init__.py:1665: RuntimeWarning: DateTimeField Ad.end_date received a naive datetime (2024-10-15 05:33:27.488741) while time zone support is active.
  warnings.warn(
/home/ystridin/virtualenv/aronno/3.10/lib/python3.10/site-packages/django/db/models/fields/__init__.py:1665: RuntimeWarning: DateTimeField Ad.start_date received a naive datetime (2024-10-15 05:33:27.488741) while time zone support is active.
  warnings.warn(
/home/ystridin/virtualenv/aronno/3.10/lib/python3.10/site-packages/django/db/models/fields/__init__.py:1665: RuntimeWarning: DateTimeField Ad.end_date received a naive datetime (2024-10-15 05:41:23.510320) while time zone support is active.
  warnings.warn(
/home/ystridin/virtualenv/aronno/3.10/lib/python3.10/site-packages/django/db/models/fields/__init__.py:1665: RuntimeWarning: DateTimeField Ad.start_date received a naive datetime (2024-10-15 05:41:23.510320) while time zone support is active.
  warnings.warn(
Not Found: /category/health/
Not Found: /category/law/
Not Found: /category/religion/
Popup Ad Object: Popup Ad - http://www.aronnonews.com
Ad Object: Popup Ad - http://www.aronnonews.com
Not Found: /media/news_images/main-47_3S69iPC.jpg
Not Found: /static/vendor/bootstrap/js/bootstrap.bundle.min.js
Not Found: /media/news_images/main-47.jpg
Not Found: /media/news_images/main-45.jpg
Not Found: /media/news_images/main-17_BnlQ6TE.jpg
Not Found: /media/news_images/main-43.jpg
Not Found: /media/news_images/main-44.jpg
Not Found: /media/news_images/main-31_DIJKZsQ.jpg
Not Found: /media/news_images/main-5.jpg
Not Found: /media/news_images/main-46.jpg
Not Found: /media/news_images/main-17_j0hwvyy.jpg
Not Found: /media/news_images/main-48.jpg
Not Found: /media/news_images/main-29_kDilAMe.jpg
Not Found: /media/news_images/main-10_zgF4C3q.jpg
Not Found: /media/news_images/main-17_BnlQ6TE.jpg
Not Found: /media/news_images/main-29_kDilAMe.jpg
Not Found: /media/news_images/main-47_3S69iPC.jpg
Not Found: /media/news_images/main-46.jpg
Not Found: /media/news_images/main-31_DIJKZsQ.jpg
Not Found: /media/news_images/main-10_zgF4C3q.jpg
Not Found: /media/news_images/main-44.jpg
Not Found: /media/news_images/main-17_j0hwvyy.jpg
Not Found: /media/news_images/main-48.jpg
Not Found: /media/news_images/main-47.jpg
Not Found: /media/news_images/main-5.jpg
Not Found: /media/news_images/main-45.jpg
Not Found: /media/news_images/main-43.jpg
Not Found: /media/news_images/main-47_3S69iPC.jpg
Not Found: /media/img/logo.png
Not Found: /static/vendor/bootstrap/js/bootstrap.bundle.min.js
Not Found: /media/news_images/main-48.jpg
Not Found: /media/news_images/main-17_j0hwvyy.jpg
Not Found: /media/news_images/main-31_DIJKZsQ.jpg
Not Found: /media/news_images/main-45.jpg
Not Found: /media/news_images/main-5.jpg
Not Found: /media/news_images/main-10_zgF4C3q.jpg
Not Found: /media/news_images/main-29_kDilAMe.jpg
Not Found: /media/news_images/main-46.jpg
Not Found: /media/news_images/main-44.jpg
Not Found: /media/news_images/main-47.jpg
Not Found: /media/news_images/main-43.jpg
Not Found: /media/news_images/main-17_BnlQ6TE.jpg
Not Found: /static/vendor/bootstrap/js/bootstrap.bundle.min.js
Popup Ad Object: Popup Ad - http://www.aronnonews.com
Not Found: /media/news_images/main-47_3S69iPC.jpg
Not Found: /static/vendor/bootstrap/js/bootstrap.bundle.min.js
Not Found: /media/news_images/main-47.jpg
Not Found: /media/news_images/main-44.jpg
Not Found: /media/news_images/main-46.jpg
Not Found: /media/news_images/main-43.jpg
Not Found: /media/news_images/main-17_BnlQ6TE.jpg
Not Found: /media/news_images/main-5.jpg
Not Found: /media/news_images/main-31_DIJKZsQ.jpg
Not Found: /media/news_images/main-10_zgF4C3q.jpg
Not Found: /media/news_images/main-29_kDilAMe.jpg
Not Found: /media/news_images/main-45.jpg
Not Found: /media/news_images/main-17_j0hwvyy.jpg
Not Found: /media/news_images/main-48.jpg
Not Found: /media/news_images/main-47_3S69iPC.jpg
Not Found: /media/news_images/main-44.jpg
Not Found: /media/news_images/main-43.jpg
Not Found: /media/news_images/main-47.jpg
Not Found: /media/news_images/main-46.jpg
Not Found: /media/news_images/main-47_3S69iPC.jpg
Not Found: /media/img/logo.png
Not Found: /static/vendor/bootstrap/js/bootstrap.bundle.min.js
Not Found: /media/news_images/main-45.jpg
Not Found: /media/news_images/main-43.jpg
Not Found: /media/news_images/main-31_DIJKZsQ.jpg
Not Found: /media/news_images/main-17_BnlQ6TE.jpg
Not Found: /media/news_images/main-10_zgF4C3q.jpg
Not Found: /media/news_images/main-5.jpg
Not Found: /media/news_images/main-29_kDilAMe.jpg
Not Found: /media/news_images/main-47.jpg
Not Found: /media/news_images/main-46.jpg
Not Found: /media/news_images/main-44.jpg
Not Found: /media/news_images/main-17_j0hwvyy.jpg
Not Found: /media/news_images/main-48.jpg
Not Found: /static/vendor/bootstrap/js/bootstrap.bundle.min.js
Popup Ad Object: Popup Ad - http://www.aronnonews.com
/home/ystridin/virtualenv/aronno/3.10/lib/python3.10/site-packages/django/db/models/fields/__init__.py:1665: RuntimeWarning: DateTimeField Ad.end_date received a naive datetime (2024-10-15 06:15:05.286645) while time zone support is active.
  warnings.warn(
/home/ystridin/virtualenv/aronno/3.10/lib/python3.10/site-packages/django/db/models/fields/__init__.py:1665: RuntimeWarning: DateTimeField Ad.start_date received a naive datetime (2024-10-15 06:15:05.286645) while time zone support is active.
  warnings.warn(
Popup Ad Object: Popup Ad - http://www.aronnonews.com
Ad Object: Popup Ad - http://www.aronnonews.com
Popup Ad Object: Popup Ad - http://www.aronnonews.com
Ad Object: Popup Ad - http://www.aronnonews.com
Popup Ad Object: Popup Ad - http://www.aronnonews.com
Ad Object: Popup Ad - http://www.aronnonews.com
Popup Ad Object: Popup Ad - http://www.aronnonews.com
Ad Object: Popup Ad - http://www.aronnonews.com
/home/ystridin/virtualenv/aronno/3.10/lib/python3.10/site-packages/django/db/models/fields/__init__.py:1665: RuntimeWarning: DateTimeField Ad.end_date received a naive datetime (2024-10-15 06:24:16.115764) while time zone support is active.
  warnings.warn(
/home/ystridin/virtualenv/aronno/3.10/lib/python3.10/site-packages/django/db/models/fields/__init__.py:1665: RuntimeWarning: DateTimeField Ad.start_date received a naive datetime (2024-10-15 06:24:16.115764) while time zone support is active.
  warnings.warn(
Not Found: /favicon.ico
/home/ystridin/virtualenv/aronno/3.10/lib/python3.10/site-packages/django/contrib/admin/options.py:942: UnorderedObjectListWarning: Pagination may yield inconsistent results with an unordered object_list: <class 'home.models.NewsList'> QuerySet.
  return self.paginator(queryset, per_page, orphans, allow_empty_first_page)
/home/ystridin/virtualenv/aronno/3.10/lib/python3.10/site-packages/django/db/models/fields/__init__.py:1665: RuntimeWarning: DateTimeField Ad.end_date received a naive datetime (2024-10-15 06:32:38.630794) while time zone support is active.
  warnings.warn(
/home/ystridin/virtualenv/aronno/3.10/lib/python3.10/site-packages/django/db/models/fields/__init__.py:1665: RuntimeWarning: DateTimeField Ad.start_date received a naive datetime (2024-10-15 06:32:38.630794) while time zone support is active.
  warnings.warn(
Not Found: /media/news_images/main-47.jpg
Not Found: /media/news_images/main-45.jpg
Not Found: /media/news_images/main-47_3S69iPC.jpg
Not Found: /media/news_images/main-44.jpg
Not Found: /static/vendor/bootstrap/js/bootstrap.bundle.min.js
Not Found: /media/news_images/main-46.jpg
Not Found: /media/news_images/main-48.jpg
Not Found: /media/news_images/main-17_BnlQ6TE.jpg
Not Found: /media/news_images/main-43.jpg
Not Found: /media/news_images/main-17_j0hwvyy.jpg
Not Found: /media/news_images/main-5.jpg
Not Found: /media/news_images/main-10_zgF4C3q.jpg
Not Found: /media/news_images/main-29_kDilAMe.jpg
Not Found: /media/news_images/main-31_DIJKZsQ.jpg
Not Found: /media/news_images/main-31_DIJKZsQ.jpg
Not Found: /media/news_images/main-17_BnlQ6TE.jpg
Not Found: /media/news_images/main-29_kDilAMe.jpg
Not Found: /media/news_images/main-10_zgF4C3q.jpg
Not Found: /media/news_images/main-47_3S69iPC.jpg
Not Found: /media/news_images/main-46.jpg
Not Found: /media/news_images/main-17_j0hwvyy.jpg
Not Found: /media/news_images/main-47.jpg
Not Found: /media/news_images/main-48.jpg
Not Found: /media/news_images/main-5.jpg
Not Found: /media/news_images/main-44.jpg
Not Found: /media/news_images/main-43.jpg
Not Found: /media/news_images/main-45.jpg
Not Found: /android-icon.png
Not Found: /apple-touch-icon.png
/home/ystridin/virtualenv/aronno/3.10/lib/python3.10/site-packages/django/db/models/fields/__init__.py:1665: RuntimeWarning: DateTimeField Ad.end_date received a naive datetime (2024-10-15 06:40:03.026482) while time zone support is active.
  warnings.warn(
/home/ystridin/virtualenv/aronno/3.10/lib/python3.10/site-packages/django/db/models/fields/__init__.py:1665: RuntimeWarning: DateTimeField Ad.start_date received a naive datetime (2024-10-15 06:40:03.026482) while time zone support is active.
  warnings.warn(
/home/ystridin/virtualenv/aronno/3.10/lib/python3.10/site-packages/django/contrib/admin/options.py:942: UnorderedObjectListWarning: Pagination may yield inconsistent results with an unordered object_list: <class 'home.models.NewsList'> QuerySet.
  return self.paginator(queryset, per_page, orphans, allow_empty_first_page)
/home/ystridin/virtualenv/aronno/3.10/lib/python3.10/site-packages/django/contrib/admin/options.py:942: UnorderedObjectListWarning: Pagination may yield inconsistent results with an unordered object_list: <class 'home.models.NewsList'> QuerySet.
  return self.paginator(queryset, per_page, orphans, allow_empty_first_page)
/home/ystridin/virtualenv/aronno/3.10/lib/python3.10/site-packages/django/contrib/admin/options.py:942: UnorderedObjectListWarning: Pagination may yield inconsistent results with an unordered object_list: <class 'home.models.NewsList'> QuerySet.
  return self.paginator(queryset, per_page, orphans, allow_empty_first_page)
[UID:1472][2808261] Child process with pid: 2863305 was killed by signal: 15, core dumped: no
[UID:1472][2808261] Child process with pid: 2863322 was killed by signal: 15, core dumped: no
/home/ystridin/virtualenv/aronno/3.10/lib/python3.10/site-packages/django/db/models/fields/__init__.py:1665: RuntimeWarning: DateTimeField Ad.end_date received a naive datetime (2024-10-15 06:47:46.622012) while time zone support is active.
  warnings.warn(
/home/ystridin/virtualenv/aronno/3.10/lib/python3.10/site-packages/django/db/models/fields/__init__.py:1665: RuntimeWarning: DateTimeField Ad.start_date received a naive datetime (2024-10-15 06:47:46.622012) while time zone support is active.
  warnings.warn(
Not Found: /media/news_images/main-47_3S69iPC.jpg
Not Found: /media/news_images/main-47.jpg
Not Found: /media/news_images/main-17_j0hwvyy.jpg
Not Found: /media/news_images/main-48.jpg
Not Found: /static/vendor/bootstrap/js/bootstrap.bundle.min.js
Not Found: /media/news_images/main-46.jpg
Not Found: /media/news_images/main-45.jpg
Not Found: /media/news_images/main-44.jpg
Not Found: /media/news_images/main-43.jpg
Not Found: /media/news_images/main-31_DIJKZsQ.jpg
Not Found: /media/news_images/main-5.jpg
Not Found: /media/news_images/main-10_zgF4C3q.jpg
Not Found: /media/news_images/main-29_kDilAMe.jpg
Not Found: /media/news_images/main-17_BnlQ6TE.jpg
Not Found: /media/news_images/main-17_BnlQ6TE.jpg
Not Found: /media/news_images/main-31_DIJKZsQ.jpg
Not Found: /media/news_images/main-10_zgF4C3q.jpg
Not Found: /media/news_images/main-29_kDilAMe.jpg
Not Found: /media/news_images/main-47_3S69iPC.jpg
Not Found: /media/news_images/main-46.jpg
Not Found: /media/news_images/main-31_DIJKZsQ.jpg
Not Found: /media/news_images/main-44.jpg
Not Found: /media/news_images/main-17_j0hwvyy.jpg
Not Found: /media/news_images/main-43.jpg
Not Found: /media/news_images/main-45.jpg
Not Found: /media/news_images/main-47.jpg
Not Found: /media/news_images/main-48.jpg
Not Found: /media/news_images/main-5.jpg
Not Found: /media/news_images/main-17_BnlQ6TE.jpg
Not Found: /news/62/
Not Found: /media/news_images/main-47.jpg
Not Found: /media/news_images/main-47_3S69iPC.jpg
Not Found: /media/news_images/main-46.jpg
Not Found: /media/news_images/main-44.jpg
Not Found: /media/news_images/main-48.jpg
Not Found: /media/news_images/main-17_j0hwvyy.jpg
Not Found: /media/news_images/main-45.jpg
Not Found: /media/news_images/main-43.jpg
Not Found: /media/news_images/main-17_BnlQ6TE.jpg
Not Found: /media/news_images/main-31_DIJKZsQ.jpg
Not Found: /media/news_images/main-5.jpg
Not Found: /media/news_images/main-10_zgF4C3q.jpg
Not Found: /media/news_images/main-29_kDilAMe.jpg
Not Found: /media/img/logo.png
Not Found: /static/vendor/bootstrap/js/bootstrap.bundle.min.js
Not Found: /media/news_images/main-31_DIJKZsQ.jpg
Not Found: /media/news_images/main-17_BnlQ6TE.jpg
Not Found: /media/news_images/main-10_zgF4C3q.jpg
Not Found: /media/news_images/main-29_kDilAMe.jpg
Not Found: /media/news_images/main-47_3S69iPC.jpg
Not Found: /media/news_images/main-31_DIJKZsQ.jpg
Not Found: /media/news_images/main-44.jpg
Not Found: /media/news_images/main-17_j0hwvyy.jpg
Not Found: /media/news_images/main-46.jpg
Not Found: /media/news_images/main-47.jpg
Not Found: /media/news_images/main-45.jpg
Not Found: /media/news_images/main-43.jpg
Not Found: /media/news_images/main-48.jpg
Not Found: /media/news_images/main-5.jpg
Not Found: /media/img/logo.png
Not Found: /media/news_images/main-17_BnlQ6TE.jpg
Not Found: /media/news_images/main-47_3S69iPC.jpg
Not Found: /static/vendor/bootstrap/js/bootstrap.bundle.min.js
Not Found: /media/news_images/main-47.jpg
Not Found: /media/news_images/main-46.jpg
Not Found: /media/news_images/main-48.jpg
Not Found: /media/news_images/main-45.jpg
Not Found: /media/news_images/main-44.jpg
Not Found: /media/news_images/main-43.jpg
Not Found: /media/news_images/main-17_BnlQ6TE.jpg
Not Found: /media/news_images/main-31_DIJKZsQ.jpg
Not Found: /media/news_images/main-5.jpg
Not Found: /media/news_images/main-17_j0hwvyy.jpg
Not Found: /media/news_images/main-10_zgF4C3q.jpg
Not Found: /media/img/logo.png
Not Found: /media/news_images/main-29_kDilAMe.jpg
Not Found: /media/news_images/main-47_3S69iPC.jpg
Not Found: /media/news_images/main-31_DIJKZsQ.jpg
Not Found: /media/news_images/main-17_BnlQ6TE.jpg
Not Found: /media/news_images/main-29_kDilAMe.jpg
Not Found: /media/news_images/main-10_zgF4C3q.jpg
Not Found: /media/news_images/main-44.jpg
Not Found: /media/news_images/main-47_3S69iPC.jpg
Not Found: /media/news_images/main-46.jpg
Not Found: /media/news_images/main-17_j0hwvyy.jpg
Not Found: /media/news_images/main-5.jpg
Not Found: /media/news_images/main-47.jpg
Not Found: /media/img/logo.png
Not Found: /media/news_images/main-48.jpg
Not Found: /media/news_images/main-43.jpg
Not Found: /media/news_images/main-45.jpg
/home/ystridin/virtualenv/aronno/3.10/lib/python3.10/site-packages/django/db/models/fields/__init__.py:1665: RuntimeWarning: DateTimeField Ad.end_date received a naive datetime (2024-10-15 07:00:07.320312) while time zone support is active.
  warnings.warn(
/home/ystridin/virtualenv/aronno/3.10/lib/python3.10/site-packages/django/db/models/fields/__init__.py:1665: RuntimeWarning: DateTimeField Ad.start_date received a naive datetime (2024-10-15 07:00:07.320312) while time zone support is active.
  warnings.warn(
Not Found: /media/news_images/main-48.jpg
Not Found: /static/vendor/bootstrap/js/bootstrap.bundle.min.js
Not Found: /media/news_images/main-47_3S69iPC.jpg
Not Found: /media/news_images/main-47.jpg
Not Found: /media/news_images/main-31_DIJKZsQ.jpg
Not Found: /media/news_images/main-46.jpg
Not Found: /media/news_images/main-44.jpg
Not Found: /media/news_images/main-17_j0hwvyy.jpg
Not Found: /media/news_images/main-10_zgF4C3q.jpg
Not Found: /media/news_images/main-29_kDilAMe.jpg
Not Found: /media/news_images/main-43.jpg
Not Found: /media/news_images/main-5.jpg
Not Found: /media/news_images/main-17_BnlQ6TE.jpg
Not Found: /media/news_images/main-45.jpg
Not Found: /media/img/logo.png
Not Found: /media/news_images/main-48.jpg
Not Found: /media/news_images/main-45.jpg
Not Found: /category/chief Advisor/category/chief%20Advisor/
Not Found: /category/chief Advisor/category/chief%20Advisor/
Not Found: /news/63/
Popup Ad Object: Popup Ad - http://www.aronnonews.com
Ad Object: Popup Ad - http://www.aronnonews.com
Popup Ad Object: Popup Ad - http://www.aronnonews.com
Ad Object: Popup Ad - http://www.aronnonews.com
Popup Ad Object: Popup Ad - http://www.aronnonews.com
Ad Object: Popup Ad - http://www.aronnonews.com
Not Found: /news/64/
Not Found: /news/66/
Not Found: /news/67/
Not Found: /news/59/
Popup Ad Object: Popup Ad - http://www.aronnonews.com
Not Found: /news/41/
Not Found: /robots.txt
Not Found: /news/33/
Not Found: /media/news_images/main-47.jpg
Not Found: /media/news_images/main-29_kDilAMe.jpg
Not Found: /media/news_images/main-48.jpg
Not Found: /media/news_images/main-10_zgF4C3q.jpg
Not Found: /media/news_images/main-17_j0hwvyy.jpg
Not Found: /media/news_images/main-44.jpg
Not Found: /media/news_images/main-45.jpg
Not Found: /static/vendor/bootstrap/js/bootstrap.bundle.min.js
Not Found: /media/news_images/main-43.jpg
Not Found: /media/news_images/main-17_BnlQ6TE.jpg
Not Found: /media/news_images/main-31_DIJKZsQ.jpg
Not Found: /media/news_images/main-5.jpg
Not Found: /media/news_images/main-46.jpg
Not Found: /media/news_images/main-47_3S69iPC.jpg
Not Found: /android-icon.png
Not Found: /apple-touch-icon.png
Popup Ad Object: Popup Ad - http://www.aronnonews.com
Ad Object: Popup Ad - http://www.aronnonews.com
Not Found: /media/news_images/main-46.jpg
Not Found: /media/news_images/main-31_DIJKZsQ.jpg
Not Found: /media/news_images/main-43.jpg
Not Found: /media/news_images/main-17_j0hwvyy.jpg
Not Found: /media/news_images/main-45.jpg
Not Found: /media/news_images/main-48.jpg
Not Found: /media/news_images/main-44.jpg
Not Found: /media/news_images/main-17_BnlQ6TE.jpg
Not Found: /media/news_images/main-47_3S69iPC.jpg
Not Found: /media/news_images/main-47.jpg
Not Found: /static/vendor/bootstrap/js/bootstrap.bundle.min.js
Not Found: /media/news_images/main-5.jpg
Not Found: /media/news_images/main-10_zgF4C3q.jpg
Not Found: /media/news_images/main-29_kDilAMe.jpg
Not Found: /media/img/logo.png
Not Found: /media/news_images/main-47_3S69iPC.jpg
Not Found: /media/news_images/main-47.jpg
Not Found: /media/news_images/main-31_DIJKZsQ.jpg
Not Found: /media/news_images/main-17_BnlQ6TE.jpg
Not Found: /media/news_images/main-10_zgF4C3q.jpg
Not Found: /media/news_images/main-29_kDilAMe.jpg
Not Found: /media/news_images/main-46.jpg
Not Found: /media/news_images/main-17_j0hwvyy.jpg
Not Found: /media/news_images/main-48.jpg
Not Found: /media/news_images/main-44.jpg
Not Found: /media/news_images/main-43.jpg
Not Found: /media/news_images/main-5.jpg
Not Found: /media/img/logo.png
Not Found: /media/news_images/main-45.jpg
Not Found: /android-icon.png
Popup Ad Object: Popup Ad - http://www.aronnonews.com
Ad Object: Popup Ad - http://www.aronnonews.com
Not Found: /news/52/
Not Found: /media/news_images/main-47_3S69iPC.jpg
Not Found: /media/news_images/main-47.jpg
Not Found: /static/vendor/bootstrap/js/bootstrap.bundle.min.js
Not Found: /media/news_images/main-46.jpg
Not Found: /media/news_images/main-45.jpg
Not Found: /media/news_images/main-29_kDilAMe.jpg
Not Found: /media/news_images/main-48.jpg
Not Found: /media/news_images/main-17_j0hwvyy.jpg
Not Found: /media/news_images/main-5.jpg
Not Found: /media/img/logo.png
Not Found: /media/news_images/main-43.jpg
Not Found: /media/news_images/main-31_DIJKZsQ.jpg
Not Found: /media/news_images/main-10_zgF4C3q.jpg
Not Found: /media/news_images/main-17_BnlQ6TE.jpg
Not Found: /media/news_images/main-44.jpg
Not Found: /media/news_images/main-44.jpg
Not Found: /media/news_images/main-48.jpg
Not Found: /media/news_images/main-31_DIJKZsQ.jpg
Not Found: /media/news_images/main-45.jpg
Not Found: /media/news_images/main-17_BnlQ6TE.jpg
Not Found: /media/news_images/main-10_zgF4C3q.jpg
Not Found: /media/news_images/main-29_kDilAMe.jpg
Not Found: /media/news_images/main-46.jpg
Not Found: /media/news_images/main-47_3S69iPC.jpg
Not Found: /media/news_images/main-17_j0hwvyy.jpg
Not Found: /media/news_images/main-47.jpg
Not Found: /media/news_images/main-5.jpg
Not Found: /media/news_images/main-43.jpg
Not Found: /media/img/logo.png
Not Found: /android-icon.png
Popup Ad Object: Popup Ad - http://www.aronnonews.com
Ad Object: Popup Ad - http://www.aronnonews.com
Not Found: /media/news_images/main-47_3S69iPC.jpg
Not Found: /media/news_images/main-47.jpg
Not Found: /static/vendor/bootstrap/js/bootstrap.bundle.min.js
Not Found: /media/news_images/main-46.jpg
Not Found: /media/news_images/main-48.jpg
Not Found: /media/news_images/main-17_j0hwvyy.jpg
Not Found: /media/news_images/main-43.jpg
Not Found: /media/news_images/main-45.jpg
Not Found: /media/news_images/main-44.jpg
Not Found: /media/news_images/main-17_BnlQ6TE.jpg
Not Found: /media/news_images/main-31_DIJKZsQ.jpg
Not Found: /media/news_images/main-5.jpg
Not Found: /media/news_images/main-10_zgF4C3q.jpg
Not Found: /media/news_images/main-29_kDilAMe.jpg
Not Found: /media/img/logo.png
Not Found: /media/news_images/main-47.jpg
Not Found: /media/news_images/main-47_3S69iPC.jpg
Not Found: /media/news_images/main-31_DIJKZsQ.jpg
Not Found: /media/news_images/main-17_BnlQ6TE.jpg
Not Found: /media/news_images/main-10_zgF4C3q.jpg
Not Found: /media/news_images/main-29_kDilAMe.jpg
Not Found: /media/news_images/main-44.jpg
Not Found: /media/news_images/main-46.jpg
Not Found: /media/news_images/main-17_j0hwvyy.jpg
Not Found: /media/news_images/main-43.jpg
Not Found: /media/news_images/main-5.jpg
Not Found: /media/news_images/main-45.jpg
Not Found: /media/img/logo.png
Not Found: /media/news_images/main-48.jpg
Not Found: /android-icon.png
Popup Ad Object: Popup Ad - http://www.aronnonews.com
Ad Object: Popup Ad - http://www.aronnonews.com
Not Found: /media/news_images/main-47_3S69iPC.jpg
Not Found: /media/news_images/main-47.jpg
Not Found: /media/news_images/main-46.jpg
Not Found: /media/news_images/main-48.jpg
Not Found: /media/news_images/main-17_j0hwvyy.jpg
Not Found: /media/news_images/main-43.jpg
Not Found: /media/news_images/main-45.jpg
Not Found: /static/vendor/bootstrap/js/bootstrap.bundle.min.js
Not Found: /media/news_images/main-29_kDilAMe.jpg
Not Found: /media/news_images/main-17_BnlQ6TE.jpg
Not Found: /media/news_images/main-44.jpg
Not Found: /media/news_images/main-5.jpg
Not Found: /media/news_images/main-31_DIJKZsQ.jpg
Not Found: /media/img/logo.png
Not Found: /media/news_images/main-10_zgF4C3q.jpg
Not Found: /media/news_images/main-31_DIJKZsQ.jpg
Not Found: /media/news_images/main-17_BnlQ6TE.jpg
Not Found: /media/news_images/main-10_zgF4C3q.jpg
Not Found: /media/news_images/main-29_kDilAMe.jpg
Not Found: /media/news_images/main-47_3S69iPC.jpg
Not Found: /media/news_images/main-46.jpg
Not Found: /media/news_images/main-47.jpg
Not Found: /media/news_images/main-44.jpg
Not Found: /media/news_images/main-17_j0hwvyy.jpg
Not Found: /media/news_images/main-48.jpg
Not Found: /media/news_images/main-45.jpg
Not Found: /media/news_images/main-43.jpg
Not Found: /media/news_images/main-5.jpg
Not Found: /media/img/logo.png
Not Found: /android-icon.png
Popup Ad Object: Popup Ad - http://www.aronnonews.com
Ad Object: Popup Ad - http://www.aronnonews.com
Not Found: /news/57/
Not Found: /news/48/
Not Found: /media/news_images/main-47_3S69iPC.jpg
Not Found: /media/news_images/main-48.jpg
Not Found: /media/news_images/main-17_j0hwvyy.jpg
Not Found: /media/news_images/main-45.jpg
Not Found: /media/news_images/main-47.jpg
Not Found: /media/news_images/main-44.jpg
Not Found: /media/news_images/main-43.jpg
Not Found: /media/news_images/main-17_BnlQ6TE.jpg
Not Found: /media/news_images/main-31_DIJKZsQ.jpg
Not Found: /media/news_images/main-5.jpg
Not Found: /media/news_images/main-10_zgF4C3q.jpg
Not Found: /media/news_images/main-29_kDilAMe.jpg
Not Found: /media/img/logo.png
Not Found: /media/news_images/main-31_DIJKZsQ.jpg
Not Found: /media/news_images/main-17_BnlQ6TE.jpg
Not Found: /media/news_images/main-10_zgF4C3q.jpg
Not Found: /media/news_images/main-29_kDilAMe.jpg
Not Found: /media/news_images/main-47_3S69iPC.jpg
Not Found: /media/news_images/main-46.jpg
Not Found: /media/news_images/main-44.jpg
Not Found: /media/news_images/main-17_j0hwvyy.jpg
Not Found: /media/news_images/main-43.jpg
Not Found: /media/news_images/main-45.jpg
Not Found: /media/news_images/main-47.jpg
Not Found: /media/news_images/main-48.jpg
Not Found: /media/news_images/main-5.jpg
Not Found: /media/img/logo.png
Not Found: /media/news_images/main-46.jpg
Not Found: /static/vendor/bootstrap/js/bootstrap.bundle.min.js
Not Found: /static/vendor/bootstrap/js/bootstrap.bundle.min.js
Not Found: /media/news_images/main-47_3S69iPC.jpg
Not Found: /media/news_images/main-47.jpg
Not Found: /media/news_images/main-46.jpg
Not Found: /media/news_images/main-48.jpg
Not Found: /media/news_images/main-17_j0hwvyy.jpg
Not Found: /media/news_images/main-44.jpg
Not Found: /media/news_images/main-45.jpg
Not Found: /media/news_images/main-43.jpg
Not Found: /media/news_images/main-17_BnlQ6TE.jpg
Not Found: /media/news_images/main-31_DIJKZsQ.jpg
Not Found: /media/news_images/main-10_zgF4C3q.jpg
Not Found: /media/news_images/main-5.jpg
Not Found: /media/news_images/main-29_kDilAMe.jpg
Not Found: /media/img/logo.png
Not Found: /media/news_images/main-45.jpg
Not Found: /media/news_images/main-5.jpg
Not Found: /media/news_images/main-48.jpg
Not Found: /media/img/logo.png
Not Found: /media/news_images/main-17_BnlQ6TE.jpg
/home/ystridin/virtualenv/aronno/3.10/lib/python3.10/site-packages/django/db/models/fields/__init__.py:1665: RuntimeWarning: DateTimeField Ad.end_date received a naive datetime (2024-10-15 09:01:33.513951) while time zone support is active.
  warnings.warn(
/home/ystridin/virtualenv/aronno/3.10/lib/python3.10/site-packages/django/db/models/fields/__init__.py:1665: RuntimeWarning: DateTimeField Ad.start_date received a naive datetime (2024-10-15 09:01:33.513951) while time zone support is active.
  warnings.warn(
Not Found: /media/news_images/main-48.jpg
Not Found: /static/vendor/bootstrap/js/bootstrap.bundle.min.js
Not Found: /media/news_images/main-47_3S69iPC.jpg
Not Found: /media/news_images/main-47.jpg
Not Found: /media/news_images/main-46.jpg
Not Found: /media/news_images/main-10_zgF4C3q.jpg
Not Found: /media/news_images/main-17_j0hwvyy.jpg
Not Found: /media/news_images/main-31_DIJKZsQ.jpg
Not Found: /media/news_images/main-29_kDilAMe.jpg
Not Found: /media/news_images/main-44.jpg
Not Found: /media/news_images/main-43.jpg
Not Found: /media/news_images/main-45.jpg
Not Found: /media/news_images/main-5.jpg
Not Found: /media/news_images/main-17_BnlQ6TE.jpg
Not Found: /media/img/logo.png
Not Found: /media/news_images/main-47_3S69iPC.jpg
Not Found: /media/news_images/main-17_j0hwvyy.jpg
Not Found: /media/news_images/main-46.jpg
Not Found: /media/news_images/main-47.jpg
Not Found: /media/news_images/main-5.jpg
Not Found: /media/news_images/main-48.jpg
Not Found: /news/56/
Popup Ad Object: Popup Ad - http://www.aronnonews.com
Ad Object: Popup Ad - http://www.aronnonews.com
/home/ystridin/virtualenv/aronno/3.10/lib/python3.10/site-packages/django/db/models/fields/__init__.py:1665: RuntimeWarning: DateTimeField Ad.end_date received a naive datetime (2024-10-15 09:07:59.636497) while time zone support is active.
  warnings.warn(
/home/ystridin/virtualenv/aronno/3.10/lib/python3.10/site-packages/django/db/models/fields/__init__.py:1665: RuntimeWarning: DateTimeField Ad.start_date received a naive datetime (2024-10-15 09:07:59.636497) while time zone support is active.
  warnings.warn(
Not Found: /media/news_images/main-48.jpg
Not Found: /static/vendor/bootstrap/js/bootstrap.bundle.min.js
Not Found: /media/news_images/main-46.jpg
Not Found: /media/news_images/main-17_j0hwvyy.jpg
Not Found: /media/news_images/main-47_3S69iPC.jpg
Not Found: /media/news_images/main-47.jpg
Not Found: /media/news_images/main-10_zgF4C3q.jpg
Not Found: /media/news_images/main-31_DIJKZsQ.jpg
Not Found: /media/news_images/main-29_kDilAMe.jpg
Not Found: /media/news_images/main-44.jpg
Not Found: /media/news_images/main-43.jpg
Not Found: /media/news_images/main-45.jpg
Not Found: /media/news_images/main-5.jpg
Not Found: /media/news_images/main-17_BnlQ6TE.jpg
Not Found: /media/img/logo.png
Not Found: /media/news_images/main-48.jpg
Not Found: /media/news_images/main-47_3S69iPC.jpg
Not Found: /media/news_images/main-47.jpg
Not Found: /media/news_images/main-48.jpg
Not Found: /media/news_images/main-46.jpg
Not Found: /media/news_images/main-45.jpg
Not Found: /media/news_images/main-17_j0hwvyy.jpg
Not Found: /media/news_images/main-44.jpg
Not Found: /media/news_images/main-43.jpg
Not Found: /media/news_images/main-31_DIJKZsQ.jpg
Not Found: /media/news_images/main-5.jpg
Not Found: /media/news_images/main-17_BnlQ6TE.jpg
Not Found: /media/news_images/main-10_zgF4C3q.jpg
Not Found: /media/news_images/main-29_kDilAMe.jpg
Not Found: /media/img/logo.png
Not Found: /static/vendor/bootstrap/js/bootstrap.bundle.min.js
Popup Ad Object: Popup Ad - http://www.aronnonews.com
Ad Object: Popup Ad - http://www.aronnonews.com
Not Found: /media/news_images/main-47_3S69iPC.jpg
Not Found: /media/news_images/main-47.jpg
Not Found: /static/vendor/bootstrap/js/bootstrap.bundle.min.js
Not Found: /media/news_images/main-46.jpg
Not Found: /media/news_images/main-48.jpg
Not Found: /media/news_images/main-17_j0hwvyy.jpg
Not Found: /media/news_images/main-44.jpg
Not Found: /media/news_images/main-45.jpg
Not Found: /media/news_images/main-43.jpg
Not Found: /media/news_images/main-31_DIJKZsQ.jpg
Not Found: /media/news_images/main-17_BnlQ6TE.jpg
Not Found: /media/news_images/main-5.jpg
Not Found: /media/news_images/main-10_zgF4C3q.jpg
Not Found: /media/news_images/main-29_kDilAMe.jpg
Not Found: /media/img/logo.png
Not Found: /media/news_images/main-47_3S69iPC.jpg
Not Found: /media/news_images/main-47.jpg
Not Found: /media/news_images/main-17_j0hwvyy.jpg
Not Found: /media/news_images/main-43.jpg
Not Found: /media/news_images/main-46.jpg
Not Found: /media/news_images/main-44.jpg
Not Found: /media/news_images/main-48.jpg
Not Found: /media/news_images/main-45.jpg
Not Found: /media/news_images/main-31_DIJKZsQ.jpg
Not Found: /media/news_images/main-17_BnlQ6TE.jpg
Not Found: /media/news_images/main-10_zgF4C3q.jpg
Not Found: /media/news_images/main-29_kDilAMe.jpg
Not Found: /media/news_images/main-47_3S69iPC.jpg
Not Found: /media/news_images/main-46.jpg
Not Found: /media/news_images/main-31_DIJKZsQ.jpg
Not Found: /media/news_images/main-17_j0hwvyy.jpg
Not Found: /media/news_images/main-44.jpg
Not Found: /media/news_images/main-47.jpg
Not Found: /media/news_images/main-43.jpg
Not Found: /media/news_images/main-45.jpg
Not Found: /media/news_images/main-5.jpg
Not Found: /media/news_images/main-48.jpg
Not Found: /media/img/logo.png
Not Found: /android-icon.png
Not Found: /apple-touch-icon.png
Not Found: /media/news_images/main-47_3S69iPC.jpg
Not Found: /media/news_images/main-47.jpg
Not Found: /static/vendor/bootstrap/js/bootstrap.bundle.min.js
Not Found: /media/news_images/main-46.jpg
Not Found: /media/news_images/main-48.jpg
Not Found: /media/news_images/main-17_j0hwvyy.jpg
Not Found: /media/news_images/main-45.jpg
Not Found: /media/news_images/main-44.jpg
Not Found: /media/news_images/main-43.jpg
Not Found: /media/news_images/main-17_BnlQ6TE.jpg
Not Found: /media/news_images/main-31_DIJKZsQ.jpg
Not Found: /media/news_images/main-5.jpg
Not Found: /media/news_images/main-10_zgF4C3q.jpg
Not Found: /media/news_images/main-29_kDilAMe.jpg
Not Found: /media/img/logo.png
Not Found: /media/news_images/main-10_zgF4C3q.jpg
Not Found: /media/news_images/main-29_kDilAMe.jpg
Not Found: /media/news_images/main-47_3S69iPC.jpg
Not Found: /media/news_images/main-46.jpg
Not Found: /media/news_images/main-31_DIJKZsQ.jpg
Not Found: /media/news_images/main-44.jpg
Not Found: /media/news_images/main-17_j0hwvyy.jpg
Not Found: /media/news_images/main-47.jpg
Not Found: /media/news_images/main-43.jpg
Not Found: /media/news_images/main-45.jpg
Not Found: /media/news_images/main-48.jpg
Not Found: /media/news_images/main-5.jpg
Not Found: /media/news_images/main-17_BnlQ6TE.jpg
Not Found: /media/img/logo.png
Not Found: /media/news_images/main-47_3S69iPC.jpg
Not Found: /media/news_images/main-47.jpg
Not Found: /static/vendor/bootstrap/js/bootstrap.bundle.min.js
Not Found: /media/news_images/main-46.jpg
Not Found: /media/news_images/main-48.jpg
Not Found: /media/news_images/main-17_j0hwvyy.jpg
Not Found: /media/news_images/main-45.jpg
Not Found: /media/news_images/main-44.jpg
Not Found: /media/news_images/main-43.jpg
Not Found: /media/news_images/main-17_BnlQ6TE.jpg
Not Found: /media/news_images/main-31_DIJKZsQ.jpg
Not Found: /media/news_images/main-5.jpg
Not Found: /media/news_images/main-10_zgF4C3q.jpg
Not Found: /media/news_images/main-29_kDilAMe.jpg
Not Found: /media/img/logo.png
Not Found: /media/news_images/main-47_3S69iPC.jpg
Not Found: /media/news_images/main-46.jpg
Not Found: /media/news_images/main-44.jpg
Not Found: /media/news_images/main-17_j0hwvyy.jpg
Not Found: /media/news_images/main-47.jpg
Not Found: /media/news_images/main-43.jpg
Not Found: /media/news_images/main-45.jpg
Not Found: /media/news_images/main-48.jpg
Not Found: /static/vendor/bootstrap/js/bootstrap.bundle.min.js
Not Found: /amaderkotha/android-icon.png
Not Found: /amaderkotha/apple-touch-icon.png
Not Found: /static/vendor/bootstrap/js/bootstrap.bundle.min.js
Popup Ad Object: Popup Ad - http://www.aronnonews.com
Ad Object: Popup Ad - http://www.aronnonews.com
Popup Ad Object: Popup Ad - http://www.aronnonews.com
Ad Object: Popup Ad - http://www.aronnonews.com
Popup Ad Object: Popup Ad - http://www.aronnonews.com
Ad Object: Popup Ad - http://www.aronnonews.com
Not Found: /robots.txt
Not Found: /media/news_images/main-47_3S69iPC.jpg
Not Found: /media/news_images/main-47.jpg
Not Found: /static/vendor/bootstrap/js/bootstrap.bundle.min.js
Not Found: /media/news_images/main-46.jpg
Not Found: /media/news_images/main-48.jpg
Not Found: /media/news_images/main-17_j0hwvyy.jpg
Not Found: /media/news_images/main-45.jpg
Not Found: /media/news_images/main-29_kDilAMe.jpg
Not Found: /media/news_images/main-44.jpg
Not Found: /media/img/logo.png
Not Found: /media/news_images/main-10_zgF4C3q.jpg
Not Found: /media/news_images/main-46.jpg
Not Found: /media/news_images/main-17_BnlQ6TE.jpg
Not Found: /media/news_images/main-43.jpg
Not Found: /media/news_images/main-47_3S69iPC.jpg
Not Found: /media/news_images/main-5.jpg
Not Found: /media/news_images/main-47.jpg
Not Found: /media/news_images/main-31_DIJKZsQ.jpg
Not Found: /cart.json
Popup Ad Object: Popup Ad - http://www.aronnonews.com
Ad Object: Popup Ad - http://www.aronnonews.com
Not Found: /media/news_images/main-47_3S69iPC.jpg
Not Found: /static/vendor/bootstrap/js/bootstrap.bundle.min.js
Not Found: /media/news_images/main-48.jpg
Not Found: /media/news_images/main-43.jpg
Not Found: /media/news_images/main-47.jpg
Not Found: /media/news_images/main-17_BnlQ6TE.jpg
Not Found: /media/news_images/main-31_DIJKZsQ.jpg
Not Found: /media/news_images/main-46.jpg
Not Found: /media/news_images/main-5.jpg
Not Found: /media/news_images/main-10_zgF4C3q.jpg
Not Found: /media/news_images/main-17_j0hwvyy.jpg
Not Found: /media/news_images/main-29_kDilAMe.jpg
Not Found: /media/news_images/main-45.jpg
Not Found: /media/news_images/main-44.jpg
Not Found: /media/img/logo.png
Not Found: /media/news_images/main-47_3S69iPC.jpg
Not Found: /cart.json
Popup Ad Object: Popup Ad - http://www.aronnonews.com
Ad Object: Popup Ad - http://www.aronnonews.com
Not Found: /cart.json
Not Found: /media/news_images/main-44.jpg
Not Found: /cart.json
Not Found: /cart.json
/home/ystridin/virtualenv/aronno/3.10/lib/python3.10/site-packages/django/db/models/fields/__init__.py:1665: RuntimeWarning: DateTimeField Ad.end_date received a naive datetime (2024-10-15 09:25:15.469177) while time zone support is active.
  warnings.warn(
/home/ystridin/virtualenv/aronno/3.10/lib/python3.10/site-packages/django/db/models/fields/__init__.py:1665: RuntimeWarning: DateTimeField Ad.start_date received a naive datetime (2024-10-15 09:25:15.469177) while time zone support is active.
  warnings.warn(
Not Found: /media/news_images/main-17_BnlQ6TE.jpg
Not Found: /media/news_images/main-45.jpg
Not Found: /media/news_images/main-44.jpg
Not Found: /media/news_images/main-43.jpg
Not Found: /media/news_images/main-47_3S69iPC.jpg
Not Found: /media/news_images/main-48.jpg
Not Found: /media/news_images/main-46.jpg
Not Found: /media/news_images/main-17_j0hwvyy.jpg
Not Found: /media/news_images/main-31_DIJKZsQ.jpg
Not Found: /media/news_images/main-47.jpg
Not Found: /static/vendor/bootstrap/js/bootstrap.bundle.min.js
Not Found: /cart.json
Not Found: /static/vendor/bootstrap/js/bootstrap.bundle.min.js
Not Found: /cart.json
Not Found: /media/media/ad-chart-janakantha.pdf
Not Found: /cart.json
Not Found: /favicon.ico
[UID:1472][3243704] Child process with pid: 3332988 was killed by signal: 9, core dumped: no
[UID:1472][3243704] Child process with pid: 3332260 was killed by signal: 15, core dumped: no
Not Found: /static/vendor/bootstrap/js/bootstrap.bundle.min.js
Not Found: /media/news_images/main-47_3S69iPC.jpg
Not Found: /media/news_images/main-44.jpg
Not Found: /media/news_images/main-43.jpg
Not Found: /media/news_images/main-17_BnlQ6TE.jpg
Not Found: /media/news_images/main-47.jpg
Not Found: /media/news_images/main-46.jpg
Not Found: /media/news_images/main-48.jpg
Not Found: /media/news_images/main-31_DIJKZsQ.jpg
Not Found: /media/news_images/main-17_j0hwvyy.jpg
Not Found: /media/news_images/main-45.jpg
Not Found: /media/news_images/main-5.jpg
Not Found: /media/news_images/main-10_zgF4C3q.jpg
Not Found: /media/news_images/main-29_kDilAMe.jpg
Not Found: /media/img/logo.png
Not Found: /static/vendor/bootstrap/js/bootstrap.bundle.min.js
Not Found: /cart.json
Not Found: /media/media/ad-chart-janakantha.pdf
Not Found: /cart.json
Not Found: /favicon.ico
[UID:1472][3243704] Reached max children process limit: 6, extra: 2, current: 8, busy: 7, please increase LSAPI_CHILDREN.
Not Found: /media/news_images/main-47_3S69iPC.jpg
Not Found: /media/news_images/main-47.jpg
Not Found: /media/news_images/main-46.jpg
Not Found: /media/news_images/main-44.jpg
Not Found: /media/news_images/main-45.jpg
Not Found: /media/news_images/main-43.jpg
Not Found: /media/news_images/main-17_BnlQ6TE.jpg
Not Found: /media/news_images/main-31_DIJKZsQ.jpg
Not Found: /media/news_images/main-5.jpg
Not Found: /media/news_images/main-10_zgF4C3q.jpg
Not Found: /media/img/logo.png
Not Found: /media/news_images/main-29_kDilAMe.jpg
Not Found: /static/vendor/bootstrap/js/bootstrap.bundle.min.js
[UID:1472][3243704] Reached max children process limit: 6, extra: 2, current: 8, busy: 8, please increase LSAPI_CHILDREN.
[UID:1472][3243704] Reached max children process limit: 6, extra: 2, current: 8, busy: 8, please increase LSAPI_CHILDREN.
[UID:1472][3243704] Reached max children process limit: 6, extra: 2, current: 8, busy: 8, please increase LSAPI_CHILDREN.
[UID:1472][3243704] Reached max children process limit: 6, extra: 2, current: 8, busy: 8, please increase LSAPI_CHILDREN.
[UID:1472][3243704] Reached max children process limit: 6, extra: 2, current: 8, busy: 8, please increase LSAPI_CHILDREN.
[UID:1472][3243704] Reached max children process limit: 6, extra: 2, current: 8, busy: 8, please increase LSAPI_CHILDREN.
[UID:1472][3243704] Reached max children process limit: 6, extra: 2, current: 8, busy: 8, please increase LSAPI_CHILDREN.
[UID:1472][3243704] Reached max children process limit: 6, extra: 2, current: 8, busy: 8, please increase LSAPI_CHILDREN.
[UID:1472][3243704] Reached max children process limit: 6, extra: 2, current: 8, busy: 8, please increase LSAPI_CHILDREN.
[UID:1472][3243704] Reached max children process limit: 6, extra: 2, current: 8, busy: 8, please increase LSAPI_CHILDREN.
Not Found: /media/news_images/main-17_BnlQ6TE.jpg
Not Found: /media/news_images/main-31_DIJKZsQ.jpg
Popup Ad Object: Popup Ad - http://www.aronnonews.com
Ad Object: Popup Ad - http://www.aronnonews.com
[UID:1472][3243704] Reached max children process limit: 6, extra: 2, current: 8, busy: 8, please increase LSAPI_CHILDREN.
Not Found: /media/news_images/main-17_j0hwvyy.jpg
Not Found: /media/news_images/main-48.jpg
Not Found: /media/news_images/main-47_3S69iPC.jpg
Not Found: /media/news_images/main-29_kDilAMe.jpg
Not Found: /media/news_images/main-46.jpg
Not Found: /media/news_images/main-10_zgF4C3q.jpg
Not Found: /media/news_images/main-43.jpg
Not Found: /media/news_images/main-44.jpg
Not Found: /media/news_images/main-45.jpg
Not Found: /media/news_images/main-5.jpg
Not Found: /media/news_images/main-47.jpg
Not Found: /media/img/logo.png
Not Found: /static/vendor/bootstrap/js/bootstrap.bundle.min.js
Not Found: /android-icon.png
Popup Ad Object: Popup Ad - http://www.aronnonews.com
Ad Object: Popup Ad - http://www.aronnonews.com
Not Found: /section/health/
Not Found: /favicon.ico
Not Found: /media/news_images/main-47_3S69iPC.jpg
Not Found: /static/vendor/bootstrap/js/bootstrap.bundle.min.js
Not Found: /media/news_images/main-44.jpg
Not Found: /media/news_images/main-43.jpg
Not Found: /media/news_images/main-5.jpg
Not Found: /media/news_images/main-17_j0hwvyy.jpg
Not Found: /media/news_images/main-48.jpg
Not Found: /media/news_images/main-46.jpg
Not Found: /media/news_images/main-47.jpg
Not Found: /media/news_images/main-45.jpg
Not Found: /media/news_images/main-17_BnlQ6TE.jpg
Not Found: /media/news_images/main-31_DIJKZsQ.jpg
Not Found: /media/news_images/main-10_zgF4C3q.jpg
Not Found: /media/news_images/main-29_kDilAMe.jpg
Not Found: /media/img/logo.png
Not Found: /media/news_images/main-10_zgF4C3q.jpg
Not Found: /media/news_images/main-29_kDilAMe.jpg
Not Found: /media/news_images/main-47_3S69iPC.jpg
Not Found: /media/news_images/main-31_DIJKZsQ.jpg
Not Found: /media/news_images/main-44.jpg
Not Found: /media/news_images/main-17_j0hwvyy.jpg
Not Found: /media/news_images/main-43.jpg
Not Found: /media/news_images/main-46.jpg
Not Found: /media/news_images/main-45.jpg
Not Found: /media/news_images/main-48.jpg
Not Found: /media/news_images/main-47.jpg
Not Found: /media/news_images/main-5.jpg
Not Found: /media/news_images/main-17_BnlQ6TE.jpg
Not Found: /media/news_images/main-31_DIJKZsQ.jpg
Not Found: /media/news_images/main-17_BnlQ6TE.jpg
Not Found: /media/news_images/main-10_zgF4C3q.jpg
Not Found: /media/news_images/main-29_kDilAMe.jpg
Not Found: /media/news_images/main-47_3S69iPC.jpg
Not Found: /media/news_images/main-46.jpg
Not Found: /media/news_images/main-44.jpg
Not Found: /media/news_images/main-17_j0hwvyy.jpg
Not Found: /media/news_images/main-47.jpg
Not Found: /media/news_images/main-43.jpg
Not Found: /media/news_images/main-45.jpg
Not Found: /media/news_images/main-48.jpg
Not Found: /media/img/logo.png
Not Found: /media/news_images/main-5.jpg
Popup Ad Object: Popup Ad - http://www.aronnonews.com
Ad Object: Popup Ad - http://www.aronnonews.com
Not Found: /static/vendor/bootstrap/js/bootstrap.bundle.min.js
Not Found: /media/news_images/main-17_j0hwvyy.jpg
Not Found: /media/news_images/main-47.jpg
Not Found: /media/news_images/main-47_3S69iPC.jpg
Not Found: /media/news_images/main-48.jpg
Not Found: /media/news_images/main-46.jpg
Not Found: /media/news_images/main-45.jpg
Not Found: /media/news_images/main-44.jpg
Not Found: /media/news_images/main-43.jpg
Not Found: /media/news_images/main-17_BnlQ6TE.jpg
Not Found: /media/news_images/main-31_DIJKZsQ.jpg
Not Found: /media/news_images/main-5.jpg
Not Found: /media/news_images/main-10_zgF4C3q.jpg
Not Found: /media/news_images/main-29_kDilAMe.jpg
Not Found: /media/img/logo.png
Not Found: /media/news_images/main-47_3S69iPC.jpg
Not Found: /media/news_images/main-17_j0hwvyy.jpg
Not Found: /media/news_images/main-46.jpg
Not Found: /media/news_images/main-47.jpg
Not Found: /media/news_images/main-48.jpg
Not Found: /media/news_images/main-45.jpg
Not Found: /media/news_images/main-17_BnlQ6TE.jpg
Not Found: /media/news_images/main-31_DIJKZsQ.jpg
Not Found: /media/news_images/main-10_zgF4C3q.jpg
Not Found: /media/news_images/main-29_kDilAMe.jpg
Not Found: /media/news_images/main-47_3S69iPC.jpg
Not Found: /media/news_images/main-46.jpg
Not Found: /media/news_images/main-44.jpg
Not Found: /media/news_images/main-17_j0hwvyy.jpg
Not Found: /media/news_images/main-47.jpg
Not Found: /media/news_images/main-43.jpg
Not Found: /media/news_images/main-45.jpg
Not Found: /media/news_images/main-48.jpg
Not Found: /media/img/logo.png
Not Found: /media/news_images/main-5.jpg
Not Found: /media/news_images/main-47_3S69iPC.jpg
Not Found: /static/vendor/bootstrap/js/bootstrap.bundle.min.js
Not Found: /media/news_images/main-48.jpg
Not Found: /media/news_images/main-47.jpg
Not Found: /media/news_images/main-46.jpg
Not Found: /media/news_images/main-44.jpg
Not Found: /media/news_images/main-43.jpg
Not Found: /media/news_images/main-17_BnlQ6TE.jpg
Not Found: /media/news_images/main-31_DIJKZsQ.jpg
Not Found: /media/news_images/main-5.jpg
Not Found: /media/news_images/main-29_kDilAMe.jpg
Not Found: /media/news_images/main-17_j0hwvyy.jpg
Not Found: /media/news_images/main-45.jpg
Not Found: /media/news_images/main-10_zgF4C3q.jpg
Not Found: /media/img/logo.png
Not Found: /media/news_images/main-10_zgF4C3q.jpg
Not Found: /media/news_images/main-29_kDilAMe.jpg
Not Found: /media/news_images/main-47_3S69iPC.jpg
Not Found: /media/news_images/main-46.jpg
Not Found: /media/news_images/main-44.jpg
Not Found: /media/news_images/main-17_j0hwvyy.jpg
Not Found: /media/news_images/main-47.jpg
Not Found: /media/news_images/main-43.jpg
Not Found: /media/news_images/main-45.jpg
Not Found: /media/news_images/main-48.jpg
Not Found: /media/news_images/main-5.jpg
Not Found: /media/news_images/main-17_BnlQ6TE.jpg
Not Found: /media/news_images/main-31_DIJKZsQ.jpg
Not Found: /media/img/logo.png
Not Found: /static/vendor/bootstrap/js/bootstrap.bundle.min.js
Not Found: /media/img/logo.png
Not Found: /media/news_images/main-48.jpg
Not Found: /media/news_images/main-47_3S69iPC.jpg
Not Found: /media/news_images/main-47.jpg
Not Found: /media/news_images/main-46.jpg
Not Found: /media/news_images/main-17_j0hwvyy.jpg
Not Found: /media/news_images/main-45.jpg
Not Found: /static/vendor/bootstrap/js/bootstrap.bundle.min.js
Not Found: /media/news_images/main-44.jpg
Not Found: /media/news_images/main-17_BnlQ6TE.jpg
Not Found: /media/news_images/main-31_DIJKZsQ.jpg
Not Found: /media/news_images/main-5.jpg
Not Found: /media/news_images/main-10_zgF4C3q.jpg
Not Found: /media/news_images/main-29_kDilAMe.jpg
Not Found: /media/news_images/main-43.jpg
Not Found: /static/vendor/bootstrap/js/bootstrap.bundle.min.js
Not Found: /media/img/logo.png
Not Found: /media/news_images/main-48.jpg
Not Found: /media/news_images/main-47_3S69iPC.jpg
Not Found: /media/news_images/main-47.jpg
Not Found: /media/news_images/main-46.jpg
Not Found: /media/news_images/main-45.jpg
Not Found: /media/news_images/main-44.jpg
Not Found: /media/news_images/main-17_j0hwvyy.jpg
Not Found: /media/news_images/main-10_zgF4C3q.jpg
Not Found: /media/news_images/main-17_BnlQ6TE.jpg
Not Found: /media/news_images/main-29_kDilAMe.jpg
Not Found: /media/news_images/main-43.jpg
Not Found: /media/news_images/main-5.jpg
Not Found: /media/news_images/main-31_DIJKZsQ.jpg
Not Found: /static/vendor/bootstrap/js/bootstrap.bundle.min.js
Popup Ad Object: Popup Ad - http://www.aronnonews.com
Popup Ad Object: Popup Ad - http://www.aronnonews.com
Ad Object: Popup Ad - http://www.aronnonews.com
Popup Ad Object: Popup Ad - http://www.aronnonews.com
Ad Object: Popup Ad - http://www.aronnonews.com
Popup Ad Object: Popup Ad - http://www.aronnonews.com
Popup Ad Object: Popup Ad - http://www.aronnonews.com
Popup Ad Object: Popup Ad - http://www.aronnonews.com
Ad Object: Popup Ad - http://www.aronnonews.com
Popup Ad Object: Popup Ad - http://www.aronnonews.com
Popup Ad Object: Popup Ad - http://www.aronnonews.com
Ad Object: Popup Ad - http://www.aronnonews.com
Popup Ad Object: None
Popup Ad Object: None
Popup Ad Object: None
Ad Object: None
Popup Ad Object: None
Popup Ad Object: None
Ad Object: None
Popup Ad Object: None
Popup Ad Object: None
Popup Ad Object: None
Ad Object: None
Popup Ad Object: None
Ad Object: None
Popup Ad Object: None
Ad Object: None
Popup Ad Object: None
Popup Ad Object: None
Ad Object: None
Popup Ad Object: None
Ad Object: None
/home/ystridin/virtualenv/aronno/3.10/lib/python3.10/site-packages/django/db/models/fields/__init__.py:1665: RuntimeWarning: DateTimeField Ad.end_date received a naive datetime (2024-10-15 11:31:47.675306) while time zone support is active.
  warnings.warn(
/home/ystridin/virtualenv/aronno/3.10/lib/python3.10/site-packages/django/db/models/fields/__init__.py:1665: RuntimeWarning: DateTimeField Ad.start_date received a naive datetime (2024-10-15 11:31:47.675306) while time zone support is active.
  warnings.warn(
Popup Ad Object: None
Ad Object: None
Popup Ad Object: None
Ad Object: None
Popup Ad Object: None
Ad Object: None
Popup Ad Object: None
Ad Object: None
Popup Ad Object: None
Ad Object: None
Popup Ad Object: None
Ad Object: None
Popup Ad Object: None
Ad Object: None
Popup Ad Object: None
Ad Object: None
Popup Ad Object: None
Popup Ad Object: None
Ad Object: None
Popup Ad Object: None
Ad Object: None
Popup Ad Object: None
Ad Object: None
Popup Ad Object: None
[UID:1472][80745] Reached max children process limit: 6, extra: 2, current: 8, busy: 7, please increase LSAPI_CHILDREN.
[UID:1472][80745] Reached max children process limit: 6, extra: 2, current: 8, busy: 8, please increase LSAPI_CHILDREN.
[UID:1472][80745] Reached max children process limit: 6, extra: 2, current: 8, busy: 8, please increase LSAPI_CHILDREN.
[UID:1472][80745] Reached max children process limit: 6, extra: 2, current: 8, busy: 8, please increase LSAPI_CHILDREN.
[UID:1472][80745] Reached max children process limit: 6, extra: 2, current: 8, busy: 8, please increase LSAPI_CHILDREN.
[UID:1472][80745] Reached max children process limit: 6, extra: 2, current: 8, busy: 8, please increase LSAPI_CHILDREN.
[UID:1472][80745] Reached max children process limit: 6, extra: 2, current: 8, busy: 8, please increase LSAPI_CHILDREN.
[UID:1472][80745] Reached max children process limit: 6, extra: 2, current: 8, busy: 8, please increase LSAPI_CHILDREN.
[UID:1472][80745] Reached max children process limit: 6, extra: 2, current: 8, busy: 8, please increase LSAPI_CHILDREN.
[UID:1472][80745] Reached max children process limit: 6, extra: 2, current: 8, busy: 8, please increase LSAPI_CHILDREN.
Popup Ad Object: None
Ad Object: None
[UID:1472][80745] Reached max children process limit: 6, extra: 2, current: 8, busy: 8, please increase LSAPI_CHILDREN.
[UID:1472][80745] Reached max children process limit: 6, extra: 2, current: 8, busy: 8, please increase LSAPI_CHILDREN.
[UID:1472][80745] Reached max children process limit: 6, extra: 2, current: 8, busy: 7, please increase LSAPI_CHILDREN.
[UID:1472][80745] Reached max children process limit: 6, extra: 2, current: 8, busy: 7, please increase LSAPI_CHILDREN.
[UID:1472][80745] Reached max children process limit: 6, extra: 2, current: 8, busy: 7, please increase LSAPI_CHILDREN.
Popup Ad Object: None
Ad Object: None
/home/ystridin/virtualenv/aronno/3.10/lib/python3.10/site-packages/django/db/models/fields/__init__.py:1665: RuntimeWarning: DateTimeField Ad.end_date received a naive datetime (2024-10-15 15:32:05.973577) while time zone support is active.
  warnings.warn(
/home/ystridin/virtualenv/aronno/3.10/lib/python3.10/site-packages/django/db/models/fields/__init__.py:1665: RuntimeWarning: DateTimeField Ad.start_date received a naive datetime (2024-10-15 15:32:05.973577) while time zone support is active.
  warnings.warn(
/home/ystridin/virtualenv/aronno/3.10/lib/python3.10/site-packages/django/db/models/fields/__init__.py:1665: RuntimeWarning: DateTimeField Ad.end_date received a naive datetime (2024-10-15 15:32:47.514048) while time zone support is active.
  warnings.warn(
/home/ystridin/virtualenv/aronno/3.10/lib/python3.10/site-packages/django/db/models/fields/__init__.py:1665: RuntimeWarning: DateTimeField Ad.start_date received a naive datetime (2024-10-15 15:32:47.514048) while time zone support is active.
  warnings.warn(
Popup Ad Object: None
Ad Object: None
Popup Ad Object: None
/home/ystridin/virtualenv/aronno/3.10/lib/python3.10/site-packages/django/db/models/fields/__init__.py:1665: RuntimeWarning: DateTimeField Ad.end_date received a naive datetime (2024-10-15 16:22:03.772907) while time zone support is active.
  warnings.warn(
/home/ystridin/virtualenv/aronno/3.10/lib/python3.10/site-packages/django/db/models/fields/__init__.py:1665: RuntimeWarning: DateTimeField Ad.start_date received a naive datetime (2024-10-15 16:22:03.772907) while time zone support is active.
  warnings.warn(
/home/ystridin/virtualenv/aronno/3.10/lib/python3.10/site-packages/django/db/models/fields/__init__.py:1665: RuntimeWarning: DateTimeField Ad.end_date received a naive datetime (2024-10-15 16:22:09.735812) while time zone support is active.
  warnings.warn(
/home/ystridin/virtualenv/aronno/3.10/lib/python3.10/site-packages/django/db/models/fields/__init__.py:1665: RuntimeWarning: DateTimeField Ad.start_date received a naive datetime (2024-10-15 16:22:09.735812) while time zone support is active.
  warnings.warn(
Popup Ad Object: None
Popup Ad Object: None
Ad Object: None
Popup Ad Object: None
Popup Ad Object: None
Ad Object: None
/home/ystridin/virtualenv/aronno/3.10/lib/python3.10/site-packages/django/db/models/fields/__init__.py:1665: RuntimeWarning: DateTimeField Ad.end_date received a naive datetime (2024-10-15 18:44:25.628832) while time zone support is active.
  warnings.warn(
/home/ystridin/virtualenv/aronno/3.10/lib/python3.10/site-packages/django/db/models/fields/__init__.py:1665: RuntimeWarning: DateTimeField Ad.start_date received a naive datetime (2024-10-15 18:44:25.628832) while time zone support is active.
  warnings.warn(
/home/ystridin/virtualenv/aronno/3.10/lib/python3.10/site-packages/django/db/models/fields/__init__.py:1665: RuntimeWarning: DateTimeField Ad.end_date received a naive datetime (2024-10-15 18:44:26.175391) while time zone support is active.
  warnings.warn(
/home/ystridin/virtualenv/aronno/3.10/lib/python3.10/site-packages/django/db/models/fields/__init__.py:1665: RuntimeWarning: DateTimeField Ad.start_date received a naive datetime (2024-10-15 18:44:26.175391) while time zone support is active.
  warnings.warn(
Popup Ad Object: None
Popup Ad Object: None
Ad Object: None
Popup Ad Object: None
Popup Ad Object: None
Popup Ad Object: None
Popup Ad Object: None
Popup Ad Object: None
/home/ystridin/virtualenv/aronno/3.10/lib/python3.10/site-packages/django/db/models/fields/__init__.py:1665: RuntimeWarning: DateTimeField Ad.end_date received a naive datetime (2024-10-15 21:22:54.131327) while time zone support is active.
  warnings.warn(
/home/ystridin/virtualenv/aronno/3.10/lib/python3.10/site-packages/django/db/models/fields/__init__.py:1665: RuntimeWarning: DateTimeField Ad.start_date received a naive datetime (2024-10-15 21:22:54.131327) while time zone support is active.
  warnings.warn(
Popup Ad Object: None
Popup Ad Object: None
Ad Object: None
Popup Ad Object: None
Ad Object: None
Popup Ad Object: None
/home/ystridin/virtualenv/aronno/3.10/lib/python3.10/site-packages/django/db/models/fields/__init__.py:1665: RuntimeWarning: DateTimeField Ad.end_date received a naive datetime (2024-10-15 23:49:19.704925) while time zone support is active.
  warnings.warn(
/home/ystridin/virtualenv/aronno/3.10/lib/python3.10/site-packages/django/db/models/fields/__init__.py:1665: RuntimeWarning: DateTimeField Ad.start_date received a naive datetime (2024-10-15 23:49:19.704925) while time zone support is active.
  warnings.warn(
/home/ystridin/virtualenv/aronno/3.10/lib/python3.10/site-packages/django/db/models/fields/__init__.py:1665: RuntimeWarning: DateTimeField Ad.end_date received a naive datetime (2024-10-15 23:58:42.139666) while time zone support is active.
  warnings.warn(
/home/ystridin/virtualenv/aronno/3.10/lib/python3.10/site-packages/django/db/models/fields/__init__.py:1665: RuntimeWarning: DateTimeField Ad.start_date received a naive datetime (2024-10-15 23:58:42.139666) while time zone support is active.
  warnings.warn(
Popup Ad Object: None
Ad Object: None
Popup Ad Object: None
Ad Object: None
Popup Ad Object: None
Ad Object: None
Popup Ad Object: None
Ad Object: None
/home/ystridin/virtualenv/aronno/3.10/lib/python3.10/site-packages/django/db/models/fields/__init__.py:1665: RuntimeWarning: DateTimeField Ad.end_date received a naive datetime (2024-10-16 00:42:04.396603) while time zone support is active.
  warnings.warn(
/home/ystridin/virtualenv/aronno/3.10/lib/python3.10/site-packages/django/db/models/fields/__init__.py:1665: RuntimeWarning: DateTimeField Ad.start_date received a naive datetime (2024-10-16 00:42:04.396603) while time zone support is active.
  warnings.warn(
/home/ystridin/virtualenv/aronno/3.10/lib/python3.10/site-packages/django/db/models/fields/__init__.py:1665: RuntimeWarning: DateTimeField Ad.end_date received a naive datetime (2024-10-16 00:42:04.982199) while time zone support is active.
  warnings.warn(
/home/ystridin/virtualenv/aronno/3.10/lib/python3.10/site-packages/django/db/models/fields/__init__.py:1665: RuntimeWarning: DateTimeField Ad.start_date received a naive datetime (2024-10-16 00:42:04.982199) while time zone support is active.
  warnings.warn(
Popup Ad Object: None
Popup Ad Object: None
Ad Object: None
Popup Ad Object: None
Popup Ad Object: None
Ad Object: None
Popup Ad Object: None
Popup Ad Object: None
Ad Object: None
Popup Ad Object: None
Ad Object: None
/home/ystridin/virtualenv/aronno/3.10/lib/python3.10/site-packages/django/db/models/fields/__init__.py:1665: RuntimeWarning: DateTimeField Ad.end_date received a naive datetime (2024-10-16 03:18:50.623788) while time zone support is active.
  warnings.warn(
/home/ystridin/virtualenv/aronno/3.10/lib/python3.10/site-packages/django/db/models/fields/__init__.py:1665: RuntimeWarning: DateTimeField Ad.start_date received a naive datetime (2024-10-16 03:18:50.623788) while time zone support is active.
  warnings.warn(
/home/ystridin/virtualenv/aronno/3.10/lib/python3.10/site-packages/django/db/models/fields/__init__.py:1665: RuntimeWarning: DateTimeField Ad.end_date received a naive datetime (2024-10-16 03:19:39.674720) while time zone support is active.
  warnings.warn(
/home/ystridin/virtualenv/aronno/3.10/lib/python3.10/site-packages/django/db/models/fields/__init__.py:1665: RuntimeWarning: DateTimeField Ad.start_date received a naive datetime (2024-10-16 03:19:39.674720) while time zone support is active.
  warnings.warn(
Popup Ad Object: None
Popup Ad Object: None
Popup Ad Object: None
Popup Ad Object: None
Ad Object: None
Popup Ad Object: None
Ad Object: None
Popup Ad Object: None
Popup Ad Object: None
Ad Object: None
Popup Ad Object: None
Ad Object: None
Popup Ad Object: None
Popup Ad Object: None
Ad Object: None
Popup Ad Object: None
Ad Object: None
Popup Ad Object: None
Ad Object: None
[UID:1472][2571254] Child process with pid: 2574074 was killed by signal: 15, core dumped: no
Popup Ad Object: None
Ad Object: None
Popup Ad Object: None
Ad Object: None
Popup Ad Object: None
Ad Object: None
Popup Ad Object: None
Ad Object: None
Popup Ad Object: None
Ad Object: None
Popup Ad Object: None
Ad Object: None
Popup Ad Object: None
Ad Object: None
Popup Ad Object: None
Ad Object: None
Popup Ad Object: None
Ad Object: None
Popup Ad Object: None
Ad Object: None
Popup Ad Object: None
Ad Object: None
Popup Ad Object: None
Ad Object: None
Popup Ad Object: None
Ad Object: None
Popup Ad Object: None
Popup Ad Object: None
Popup Ad Object: None
Ad Object: None
Popup Ad Object: None
Ad Object: None
Popup Ad Object: None
Popup Ad Object: None
Ad Object: None
Popup Ad Object: None
Ad Object: None
Popup Ad Object: None
Ad Object: None
Popup Ad Object: None
Ad Object: None
Popup Ad Object: None
Ad Object: None
/home/ystridin/virtualenv/aronno/3.10/lib/python3.10/site-packages/django/db/models/fields/__init__.py:1665: RuntimeWarning: DateTimeField Ad.end_date received a naive datetime (2024-10-16 14:35:47.664582) while time zone support is active.
  warnings.warn(
/home/ystridin/virtualenv/aronno/3.10/lib/python3.10/site-packages/django/db/models/fields/__init__.py:1665: RuntimeWarning: DateTimeField Ad.start_date received a naive datetime (2024-10-16 14:35:47.664582) while time zone support is active.
  warnings.warn(
/home/ystridin/virtualenv/aronno/3.10/lib/python3.10/site-packages/django/db/models/fields/__init__.py:1665: RuntimeWarning: DateTimeField Ad.end_date received a naive datetime (2024-10-16 14:35:49.936542) while time zone support is active.
  warnings.warn(
/home/ystridin/virtualenv/aronno/3.10/lib/python3.10/site-packages/django/db/models/fields/__init__.py:1665: RuntimeWarning: DateTimeField Ad.start_date received a naive datetime (2024-10-16 14:35:49.936542) while time zone support is active.
  warnings.warn(
/home/ystridin/virtualenv/aronno/3.10/lib/python3.10/site-packages/django/db/models/fields/__init__.py:1665: RuntimeWarning: DateTimeField Ad.end_date received a naive datetime (2024-10-16 14:35:51.425644) while time zone support is active.
  warnings.warn(
/home/ystridin/virtualenv/aronno/3.10/lib/python3.10/site-packages/django/db/models/fields/__init__.py:1665: RuntimeWarning: DateTimeField Ad.start_date received a naive datetime (2024-10-16 14:35:51.425644) while time zone support is active.
  warnings.warn(
Popup Ad Object: None
Popup Ad Object: None
Ad Object: None
[UID:1472][285983] Reached max children process limit: 6, extra: 2, current: 8, busy: 7, please increase LSAPI_CHILDREN.
[UID:1472][285983] Reached max children process limit: 6, extra: 2, current: 8, busy: 8, please increase LSAPI_CHILDREN.
[UID:1472][285983] Reached max children process limit: 6, extra: 2, current: 8, busy: 8, please increase LSAPI_CHILDREN.
[UID:1472][285983] Reached max children process limit: 6, extra: 2, current: 8, busy: 8, please increase LSAPI_CHILDREN.
[UID:1472][285983] Reached max children process limit: 6, extra: 2, current: 8, busy: 8, please increase LSAPI_CHILDREN.
[UID:1472][285983] Reached max children process limit: 6, extra: 2, current: 8, busy: 8, please increase LSAPI_CHILDREN.
Popup Ad Object: None
Ad Object: None
[UID:1472][285983] Reached max children process limit: 6, extra: 2, current: 8, busy: 7, please increase LSAPI_CHILDREN.
[UID:1472][285983] Reached max children process limit: 6, extra: 2, current: 8, busy: 8, please increase LSAPI_CHILDREN.
[UID:1472][285983] Reached max children process limit: 6, extra: 2, current: 8, busy: 8, please increase LSAPI_CHILDREN.
[UID:1472][285983] Reached max children process limit: 6, extra: 2, current: 8, busy: 8, please increase LSAPI_CHILDREN.
[UID:1472][285983] Reached max children process limit: 6, extra: 2, current: 8, busy: 8, please increase LSAPI_CHILDREN.
[UID:1472][285983] Reached max children process limit: 6, extra: 2, current: 8, busy: 8, please increase LSAPI_CHILDREN.
[UID:1472][285983] Reached max children process limit: 6, extra: 2, current: 8, busy: 8, please increase LSAPI_CHILDREN.
[UID:1472][285983] Reached max children process limit: 6, extra: 2, current: 8, busy: 8, please increase LSAPI_CHILDREN.
[UID:1472][285983] Reached max children process limit: 6, extra: 2, current: 8, busy: 8, please increase LSAPI_CHILDREN.
[UID:1472][285983] Reached max children process limit: 6, extra: 2, current: 8, busy: 8, please increase LSAPI_CHILDREN.
[UID:1472][285983] Reached max children process limit: 6, extra: 2, current: 8, busy: 8, please increase LSAPI_CHILDREN.
[UID:1472][285983] Reached max children process limit: 6, extra: 2, current: 8, busy: 8, please increase LSAPI_CHILDREN.
[UID:1472][285983] Reached max children process limit: 6, extra: 2, current: 8, busy: 8, please increase LSAPI_CHILDREN.
[UID:1472][285983] Reached max children process limit: 6, extra: 2, current: 8, busy: 7, please increase LSAPI_CHILDREN.
[UID:1472][285983] Reached max children process limit: 6, extra: 2, current: 8, busy: 6, please increase LSAPI_CHILDREN.
Popup Ad Object: None
Ad Object: None
Popup Ad Object: None
Ad Object: None
Popup Ad Object: None
Ad Object: None
Popup Ad Object: None
Ad Object: None
Popup Ad Object: None
Ad Object: None
Popup Ad Object: None
Ad Object: None
Popup Ad Object: None
Ad Object: None
Popup Ad Object: None
Ad Object: None
Popup Ad Object: None
Ad Object: None
Popup Ad Object: None
Ad Object: None
Popup Ad Object: None
Ad Object: None
Popup Ad Object: None
Ad Object: None
Popup Ad Object: None
Ad Object: None
Popup Ad Object: None
Ad Object: None
Popup Ad Object: None
Ad Object: None
Popup Ad Object: None
Ad Object: None
Popup Ad Object: None
Ad Object: None
Popup Ad Object: None
Ad Object: None
Popup Ad Object: None
Ad Object: None
Popup Ad Object: None
Ad Object: None
Popup Ad Object: None
Ad Object: None
Popup Ad Object: None
Ad Object: None
Popup Ad Object: None
Ad Object: None
Popup Ad Object: None
Ad Object: None
Popup Ad Object: Popup Ad - https://aronnonews.com/
Ad Object: Popup Ad - https://aronnonews.com/
/home/ystridin/virtualenv/aronno/3.10/lib/python3.10/site-packages/django/db/models/fields/__init__.py:1665: RuntimeWarning: DateTimeField Ad.end_date received a naive datetime (2024-10-16 15:11:31.011998) while time zone support is active.
  warnings.warn(
/home/ystridin/virtualenv/aronno/3.10/lib/python3.10/site-packages/django/db/models/fields/__init__.py:1665: RuntimeWarning: DateTimeField Ad.start_date received a naive datetime (2024-10-16 15:11:31.011998) while time zone support is active.
  warnings.warn(
Popup Ad Object: None
Ad Object: None
Popup Ad Object: None
Ad Object: None
Popup Ad Object: None
Ad Object: None
Popup Ad Object: None
Ad Object: None
Popup Ad Object: None
Ad Object: None
Popup Ad Object: None
Ad Object: None
Popup Ad Object: None
Ad Object: None
Popup Ad Object: None
Ad Object: None
Popup Ad Object: None
Ad Object: None
Popup Ad Object: None
Ad Object: None
Popup Ad Object: None
Ad Object: None
Popup Ad Object: None
Ad Object: None
Popup Ad Object: None
Ad Object: None
Popup Ad Object: None
Ad Object: None
Popup Ad Object: None
Ad Object: None
Popup Ad Object: None
Ad Object: None
Popup Ad Object: None
Ad Object: None
Popup Ad Object: None
Ad Object: None
Popup Ad Object: Popup Ad - https://aronnonews.com/
Ad Object: Popup Ad - https://aronnonews.com/
Popup Ad Object: Popup Ad - https://aronnonews.com/
Ad Object: Popup Ad - https://aronnonews.com/
Popup Ad Object: Popup Ad - https://aronnonews.com/
Ad Object: Popup Ad - https://aronnonews.com/
Popup Ad Object: Popup Ad - https://aronnonews.com/
Ad Object: Popup Ad - https://aronnonews.com/
Popup Ad Object: Popup Ad - https://aronnonews.com/
Ad Object: Popup Ad - https://aronnonews.com/
Popup Ad Object: None
Ad Object: None
Popup Ad Object: None
Ad Object: None
Popup Ad Object: None
Ad Object: None
Popup Ad Object: None
Ad Object: None
Popup Ad Object: Popup Ad - https://aronnonews.com/
Ad Object: Popup Ad - https://aronnonews.com/
Popup Ad Object: Popup Ad - https://aronnonews.com/
Ad Object: Popup Ad - https://aronnonews.com/
Popup Ad Object: Popup Ad - https://aronnonews.com/
Ad Object: Popup Ad - https://aronnonews.com/
Popup Ad Object: Popup Ad - https://aronnonews.com/
Ad Object: Popup Ad - https://aronnonews.com/
Popup Ad Object: None
Ad Object: None
Popup Ad Object: None
Ad Object: None
Popup Ad Object: None
Ad Object: None
Popup Ad Object: None
Ad Object: None
Popup Ad Object: None
Ad Object: None
Popup Ad Object: None
Ad Object: None
Popup Ad Object: None
Ad Object: None
Popup Ad Object: None
Ad Object: None
Popup Ad Object: None
Ad Object: None
Popup Ad Object: None
Ad Object: None
Popup Ad Object: None
Ad Object: None
Popup Ad Object: Popup Ad - https://aronnonews.com/
Ad Object: Popup Ad - https://aronnonews.com/
Popup Ad Object: Popup Ad - https://aronnonews.com/
Ad Object: Popup Ad - https://aronnonews.com/
Popup Ad Object: Popup Ad - https://aronnonews.com/
Ad Object: Popup Ad - https://aronnonews.com/
Popup Ad Object: Popup Ad - https://aronnonews.com/
Ad Object: Popup Ad - https://aronnonews.com/
Popup Ad Object: Popup Ad - https://aronnonews.com/
Ad Object: Popup Ad - https://aronnonews.com/
Popup Ad Object: Popup Ad - https://aronnonews.com/
Ad Object: Popup Ad - https://aronnonews.com/
Popup Ad Object: Popup Ad - https://aronnonews.com/
Ad Object: Popup Ad - https://aronnonews.com/
Popup Ad Object: Popup Ad - https://aronnonews.com/
Ad Object: Popup Ad - https://aronnonews.com/
Popup Ad Object: Popup Ad - https://aronnonews.com/
Ad Object: Popup Ad - https://aronnonews.com/
Popup Ad Object: Popup Ad - https://aronnonews.com/
Ad Object: Popup Ad - https://aronnonews.com/
Popup Ad Object: Popup Ad - https://aronnonews.com/
Ad Object: Popup Ad - https://aronnonews.com/
Popup Ad Object: Popup Ad - https://aronnonews.com/
Ad Object: Popup Ad - https://aronnonews.com/
Popup Ad Object: Popup Ad - https://aronnonews.com/
Ad Object: Popup Ad - https://aronnonews.com/
Popup Ad Object: Popup Ad - https://aronnonews.com/
Popup Ad Object: Popup Ad - https://aronnonews.com/
Ad Object: Popup Ad - https://aronnonews.com/
Popup Ad Object: Popup Ad - https://aronnonews.com/
Ad Object: Popup Ad - https://aronnonews.com/
Popup Ad Object: Popup Ad - https://aronnonews.com/
Ad Object: Popup Ad - https://aronnonews.com/
Popup Ad Object: Popup Ad - https://aronnonews.com/
Ad Object: Popup Ad - https://aronnonews.com/
Popup Ad Object: Popup Ad - https://aronnonews.com/
Ad Object: Popup Ad - https://aronnonews.com/
Popup Ad Object: Popup Ad - https://aronnonews.com/
Ad Object: Popup Ad - https://aronnonews.com/
Popup Ad Object: Popup Ad - https://aronnonews.com/
Ad Object: Popup Ad - https://aronnonews.com/
Popup Ad Object: Popup Ad - https://aronnonews.com/
Ad Object: Popup Ad - https://aronnonews.com/
Popup Ad Object: Popup Ad - https://aronnonews.com/
Ad Object: Popup Ad - https://aronnonews.com/
Popup Ad Object: Popup Ad - https://aronnonews.com/
Ad Object: Popup Ad - https://aronnonews.com/
Popup Ad Object: Popup Ad - https://aronnonews.com/
Ad Object: Popup Ad - https://aronnonews.com/
Popup Ad Object: Popup Ad - https://aronnonews.com/
Ad Object: Popup Ad - https://aronnonews.com/
Popup Ad Object: Popup Ad - https://aronnonews.com/
Ad Object: Popup Ad - https://aronnonews.com/
Popup Ad Object: Popup Ad - https://aronnonews.com/
Ad Object: Popup Ad - https://aronnonews.com/
Popup Ad Object: Popup Ad - https://aronnonews.com/
Ad Object: Popup Ad - https://aronnonews.com/
Popup Ad Object: Popup Ad - https://aronnonews.com/
Ad Object: Popup Ad - https://aronnonews.com/
Popup Ad Object: Popup Ad - https://aronnonews.com/
Ad Object: Popup Ad - https://aronnonews.com/
Popup Ad Object: Popup Ad - https://aronnonews.com/
Ad Object: Popup Ad - https://aronnonews.com/
Popup Ad Object: Popup Ad - https://aronnonews.com/
Ad Object: Popup Ad - https://aronnonews.com/
Popup Ad Object: Popup Ad - https://aronnonews.com/
Ad Object: Popup Ad - https://aronnonews.com/
Popup Ad Object: Popup Ad - https://aronnonews.com/
Ad Object: Popup Ad - https://aronnonews.com/
Popup Ad Object: Popup Ad - https://aronnonews.com/
Ad Object: Popup Ad - https://aronnonews.com/
Popup Ad Object: Popup Ad - https://aronnonews.com/
Ad Object: Popup Ad - https://aronnonews.com/
Popup Ad Object: Popup Ad - https://aronnonews.com/
Ad Object: Popup Ad - https://aronnonews.com/
Popup Ad Object: Popup Ad - https://aronnonews.com/
Ad Object: Popup Ad - https://aronnonews.com/
Popup Ad Object: Popup Ad - https://aronnonews.com/
Ad Object: Popup Ad - https://aronnonews.com/
Popup Ad Object: Popup Ad - https://aronnonews.com/
Ad Object: Popup Ad - https://aronnonews.com/
Popup Ad Object: Popup Ad - https://aronnonews.com/
Ad Object: Popup Ad - https://aronnonews.com/
Popup Ad Object: Popup Ad - https://aronnonews.com/
Ad Object: Popup Ad - https://aronnonews.com/
Popup Ad Object: Popup Ad - https://aronnonews.com/
Ad Object: Popup Ad - https://aronnonews.com/
Popup Ad Object: Popup Ad - https://aronnonews.com/
Ad Object: Popup Ad - https://aronnonews.com/
Popup Ad Object: Popup Ad - https://aronnonews.com/
Ad Object: Popup Ad - https://aronnonews.com/
Popup Ad Object: Popup Ad - https://aronnonews.com/
Ad Object: Popup Ad - https://aronnonews.com/
Popup Ad Object: Popup Ad - https://aronnonews.com/
Ad Object: Popup Ad - https://aronnonews.com/
Popup Ad Object: Popup Ad - https://aronnonews.com/
Ad Object: Popup Ad - https://aronnonews.com/
Popup Ad Object: Popup Ad - https://aronnonews.com/
Ad Object: Popup Ad - https://aronnonews.com/
Popup Ad Object: Popup Ad - https://aronnonews.com/
Ad Object: Popup Ad - https://aronnonews.com/
Popup Ad Object: Popup Ad - https://aronnonews.com/
Ad Object: Popup Ad - https://aronnonews.com/
Popup Ad Object: Popup Ad - https://aronnonews.com/
Ad Object: Popup Ad - https://aronnonews.com/
Popup Ad Object: Popup Ad - https://aronnonews.com/
Ad Object: Popup Ad - https://aronnonews.com/
Popup Ad Object: Popup Ad - https://aronnonews.com/
Ad Object: Popup Ad - https://aronnonews.com/
Popup Ad Object: Popup Ad - https://aronnonews.com/
Ad Object: Popup Ad - https://aronnonews.com/
Popup Ad Object: Popup Ad - https://aronnonews.com/
Ad Object: Popup Ad - https://aronnonews.com/
Popup Ad Object: Popup Ad - https://aronnonews.com/
Ad Object: Popup Ad - https://aronnonews.com/
Popup Ad Object: Popup Ad - https://aronnonews.com/
Ad Object: Popup Ad - https://aronnonews.com/
Popup Ad Object: Popup Ad - https://aronnonews.com/
Ad Object: Popup Ad - https://aronnonews.com/
Popup Ad Object: Popup Ad - https://aronnonews.com/
Ad Object: Popup Ad - https://aronnonews.com/
Popup Ad Object: Popup Ad - https://aronnonews.com/
Ad Object: Popup Ad - https://aronnonews.com/
Popup Ad Object: Popup Ad - https://aronnonews.com/
Ad Object: Popup Ad - https://aronnonews.com/
Popup Ad Object: Popup Ad - https://aronnonews.com/
Ad Object: Popup Ad - https://aronnonews.com/
Popup Ad Object: Popup Ad - https://aronnonews.com/
Ad Object: Popup Ad - https://aronnonews.com/
Popup Ad Object: Popup Ad - https://aronnonews.com/
Ad Object: Popup Ad - https://aronnonews.com/
Popup Ad Object: Popup Ad - https://aronnonews.com/
Ad Object: Popup Ad - https://aronnonews.com/
Popup Ad Object: Popup Ad - https://aronnonews.com/
Ad Object: Popup Ad - https://aronnonews.com/
Popup Ad Object: Popup Ad - https://aronnonews.com/
Ad Object: Popup Ad - https://aronnonews.com/
Popup Ad Object: Popup Ad - https://aronnonews.com/
Ad Object: Popup Ad - https://aronnonews.com/
Popup Ad Object: Popup Ad - https://aronnonews.com/
Ad Object: Popup Ad - https://aronnonews.com/
Popup Ad Object: Popup Ad - https://aronnonews.com/
Ad Object: Popup Ad - https://aronnonews.com/
Popup Ad Object: Popup Ad - https://aronnonews.com/
Ad Object: Popup Ad - https://aronnonews.com/
Popup Ad Object: Popup Ad - https://aronnonews.com/
Ad Object: Popup Ad - https://aronnonews.com/
Popup Ad Object: Popup Ad - https://aronnonews.com/
Ad Object: Popup Ad - https://aronnonews.com/
Popup Ad Object: Popup Ad - https://aronnonews.com/
Ad Object: Popup Ad - https://aronnonews.com/
Popup Ad Object: Popup Ad - https://aronnonews.com/
Ad Object: Popup Ad - https://aronnonews.com/
Popup Ad Object: Popup Ad - https://aronnonews.com/
Ad Object: Popup Ad - https://aronnonews.com/
Popup Ad Object: Popup Ad - https://aronnonews.com/
Ad Object: Popup Ad - https://aronnonews.com/
Popup Ad Object: Popup Ad - https://aronnonews.com/
Ad Object: Popup Ad - https://aronnonews.com/
Popup Ad Object: Popup Ad - https://aronnonews.com/
Ad Object: Popup Ad - https://aronnonews.com/
Popup Ad Object: Popup Ad - https://aronnonews.com/
Ad Object: Popup Ad - https://aronnonews.com/
Popup Ad Object: Popup Ad - https://aronnonews.com/
Ad Object: Popup Ad - https://aronnonews.com/
Popup Ad Object: Popup Ad - https://aronnonews.com/
Ad Object: Popup Ad - https://aronnonews.com/
Popup Ad Object: Popup Ad - https://aronnonews.com/
Ad Object: Popup Ad - https://aronnonews.com/
Popup Ad Object: Popup Ad - https://aronnonews.com/
Ad Object: Popup Ad - https://aronnonews.com/
Popup Ad Object: Popup Ad - https://aronnonews.com/
Ad Object: Popup Ad - https://aronnonews.com/
Popup Ad Object: Popup Ad - https://aronnonews.com/
Ad Object: Popup Ad - https://aronnonews.com/
Popup Ad Object: Popup Ad - https://aronnonews.com/
Ad Object: Popup Ad - https://aronnonews.com/
Popup Ad Object: Popup Ad - https://aronnonews.com/
Ad Object: Popup Ad - https://aronnonews.com/
Popup Ad Object: Popup Ad - https://aronnonews.com/
Ad Object: Popup Ad - https://aronnonews.com/
Popup Ad Object: Popup Ad - https://aronnonews.com/
Ad Object: Popup Ad - https://aronnonews.com/
Popup Ad Object: Popup Ad - https://aronnonews.com/
Ad Object: Popup Ad - https://aronnonews.com/
Popup Ad Object: Popup Ad - https://aronnonews.com/
Ad Object: Popup Ad - https://aronnonews.com/
Popup Ad Object: Popup Ad - https://aronnonews.com/
Ad Object: Popup Ad - https://aronnonews.com/
Popup Ad Object: Popup Ad - https://aronnonews.com/
Ad Object: Popup Ad - https://aronnonews.com/
Popup Ad Object: Popup Ad - https://aronnonews.com/
Ad Object: Popup Ad - https://aronnonews.com/
Popup Ad Object: Popup Ad - https://aronnonews.com/
Ad Object: Popup Ad - https://aronnonews.com/
Popup Ad Object: Popup Ad - https://aronnonews.com/
Ad Object: Popup Ad - https://aronnonews.com/
Popup Ad Object: Popup Ad - https://aronnonews.com/
Ad Object: Popup Ad - https://aronnonews.com/
Popup Ad Object: Popup Ad - https://aronnonews.com/
Ad Object: Popup Ad - https://aronnonews.com/
Popup Ad Object: Popup Ad - https://aronnonews.com/
Ad Object: Popup Ad - https://aronnonews.com/
Popup Ad Object: Popup Ad - https://aronnonews.com/
Ad Object: Popup Ad - https://aronnonews.com/
Popup Ad Object: Popup Ad - https://aronnonews.com/
Ad Object: Popup Ad - https://aronnonews.com/
Popup Ad Object: Popup Ad - https://aronnonews.com/
Ad Object: Popup Ad - https://aronnonews.com/
Popup Ad Object: Popup Ad - https://aronnonews.com/
Ad Object: Popup Ad - https://aronnonews.com/
Popup Ad Object: Popup Ad - https://aronnonews.com/
Ad Object: Popup Ad - https://aronnonews.com/
Popup Ad Object: Popup Ad - https://aronnonews.com/
Ad Object: Popup Ad - https://aronnonews.com/
Popup Ad Object: Popup Ad - https://aronnonews.com/
Ad Object: Popup Ad - https://aronnonews.com/
Popup Ad Object: Popup Ad - https://aronnonews.com/
Ad Object: Popup Ad - https://aronnonews.com/
Popup Ad Object: Popup Ad - https://aronnonews.com/
Ad Object: Popup Ad - https://aronnonews.com/
Popup Ad Object: Popup Ad - https://aronnonews.com/
Ad Object: Popup Ad - https://aronnonews.com/
Popup Ad Object: Popup Ad - https://aronnonews.com/
Ad Object: Popup Ad - https://aronnonews.com/
Popup Ad Object: Popup Ad - https://aronnonews.com/
Ad Object: Popup Ad - https://aronnonews.com/
Popup Ad Object: Popup Ad - https://aronnonews.com/
Ad Object: Popup Ad - https://aronnonews.com/
Popup Ad Object: Popup Ad - https://aronnonews.com/
Ad Object: Popup Ad - https://aronnonews.com/
Popup Ad Object: Popup Ad - https://aronnonews.com/
Ad Object: Popup Ad - https://aronnonews.com/
Popup Ad Object: Popup Ad - https://aronnonews.com/
Popup Ad Object: Popup Ad - https://aronnonews.com/
Ad Object: Popup Ad - https://aronnonews.com/
Popup Ad Object: Popup Ad - https://aronnonews.com/
Ad Object: Popup Ad - https://aronnonews.com/
/home/ystridin/virtualenv/aronno/3.10/lib/python3.10/site-packages/django/db/models/fields/__init__.py:1665: RuntimeWarning: DateTimeField Ad.end_date received a naive datetime (2024-10-16 18:14:16.833679) while time zone support is active.
  warnings.warn(
/home/ystridin/virtualenv/aronno/3.10/lib/python3.10/site-packages/django/db/models/fields/__init__.py:1665: RuntimeWarning: DateTimeField Ad.start_date received a naive datetime (2024-10-16 18:14:16.833679) while time zone support is active.
  warnings.warn(
Popup Ad Object: Popup Ad - https://aronnonews.com/
Ad Object: Popup Ad - https://aronnonews.com/
/home/ystridin/virtualenv/aronno/3.10/lib/python3.10/site-packages/django/db/models/fields/__init__.py:1665: RuntimeWarning: DateTimeField Ad.end_date received a naive datetime (2024-10-16 18:39:25.080786) while time zone support is active.
  warnings.warn(
/home/ystridin/virtualenv/aronno/3.10/lib/python3.10/site-packages/django/db/models/fields/__init__.py:1665: RuntimeWarning: DateTimeField Ad.start_date received a naive datetime (2024-10-16 18:39:25.080786) while time zone support is active.
  warnings.warn(
Popup Ad Object: Popup Ad - https://aronnonews.com/
Popup Ad Object: Popup Ad - https://aronnonews.com/
Ad Object: Popup Ad - https://aronnonews.com/
/home/ystridin/virtualenv/aronno/3.10/lib/python3.10/site-packages/django/db/models/fields/__init__.py:1665: RuntimeWarning: DateTimeField Ad.end_date received a naive datetime (2024-10-16 19:54:07.909093) while time zone support is active.
  warnings.warn(
/home/ystridin/virtualenv/aronno/3.10/lib/python3.10/site-packages/django/db/models/fields/__init__.py:1665: RuntimeWarning: DateTimeField Ad.start_date received a naive datetime (2024-10-16 19:54:07.909093) while time zone support is active.
  warnings.warn(
/home/ystridin/virtualenv/aronno/3.10/lib/python3.10/site-packages/django/db/models/fields/__init__.py:1665: RuntimeWarning: DateTimeField Ad.end_date received a naive datetime (2024-10-16 22:21:52.366186) while time zone support is active.
  warnings.warn(
/home/ystridin/virtualenv/aronno/3.10/lib/python3.10/site-packages/django/db/models/fields/__init__.py:1665: RuntimeWarning: DateTimeField Ad.start_date received a naive datetime (2024-10-16 22:21:52.366186) while time zone support is active.
  warnings.warn(
Popup Ad Object: Popup Ad - https://aronnonews.com/
Ad Object: Popup Ad - https://aronnonews.com/
/home/ystridin/virtualenv/aronno/3.10/lib/python3.10/site-packages/django/db/models/fields/__init__.py:1665: RuntimeWarning: DateTimeField Ad.end_date received a naive datetime (2024-10-16 23:29:00.764398) while time zone support is active.
  warnings.warn(
/home/ystridin/virtualenv/aronno/3.10/lib/python3.10/site-packages/django/db/models/fields/__init__.py:1665: RuntimeWarning: DateTimeField Ad.start_date received a naive datetime (2024-10-16 23:29:00.764398) while time zone support is active.
  warnings.warn(
Popup Ad Object: Popup Ad - https://aronnonews.com/
Ad Object: Popup Ad - https://aronnonews.com/
Popup Ad Object: Popup Ad - https://aronnonews.com/
Ad Object: Popup Ad - https://aronnonews.com/
/home/ystridin/virtualenv/aronno/3.10/lib/python3.10/site-packages/django/db/models/fields/__init__.py:1665: RuntimeWarning: DateTimeField Ad.end_date received a naive datetime (2024-10-16 23:53:40.599282) while time zone support is active.
  warnings.warn(
/home/ystridin/virtualenv/aronno/3.10/lib/python3.10/site-packages/django/db/models/fields/__init__.py:1665: RuntimeWarning: DateTimeField Ad.start_date received a naive datetime (2024-10-16 23:53:40.599282) while time zone support is active.
  warnings.warn(
/home/ystridin/virtualenv/aronno/3.10/lib/python3.10/site-packages/django/db/models/fields/__init__.py:1665: RuntimeWarning: DateTimeField Ad.end_date received a naive datetime (2024-10-17 00:19:51.307801) while time zone support is active.
  warnings.warn(
/home/ystridin/virtualenv/aronno/3.10/lib/python3.10/site-packages/django/db/models/fields/__init__.py:1665: RuntimeWarning: DateTimeField Ad.start_date received a naive datetime (2024-10-17 00:19:51.307801) while time zone support is active.
  warnings.warn(
/home/ystridin/virtualenv/aronno/3.10/lib/python3.10/site-packages/django/db/models/fields/__init__.py:1665: RuntimeWarning: DateTimeField Ad.end_date received a naive datetime (2024-10-17 00:28:12.789894) while time zone support is active.
  warnings.warn(
/home/ystridin/virtualenv/aronno/3.10/lib/python3.10/site-packages/django/db/models/fields/__init__.py:1665: RuntimeWarning: DateTimeField Ad.start_date received a naive datetime (2024-10-17 00:28:12.789894) while time zone support is active.
  warnings.warn(
Popup Ad Object: Popup Ad - https://aronnonews.com/
Ad Object: Popup Ad - https://aronnonews.com/
Popup Ad Object: Popup Ad - https://aronnonews.com/
Popup Ad Object: Popup Ad - https://aronnonews.com/
Ad Object: Popup Ad - https://aronnonews.com/
Popup Ad Object: Popup Ad - https://aronnonews.com/
Ad Object: Popup Ad - https://aronnonews.com/
Popup Ad Object: Popup Ad - https://aronnonews.com/
Ad Object: Popup Ad - https://aronnonews.com/
/home/ystridin/virtualenv/aronno/3.10/lib/python3.10/site-packages/django/db/models/fields/__init__.py:1665: RuntimeWarning: DateTimeField Ad.end_date received a naive datetime (2024-10-17 01:19:02.757921) while time zone support is active.
  warnings.warn(
/home/ystridin/virtualenv/aronno/3.10/lib/python3.10/site-packages/django/db/models/fields/__init__.py:1665: RuntimeWarning: DateTimeField Ad.start_date received a naive datetime (2024-10-17 01:19:02.757921) while time zone support is active.
  warnings.warn(
/home/ystridin/virtualenv/aronno/3.10/lib/python3.10/site-packages/django/db/models/fields/__init__.py:1665: RuntimeWarning: DateTimeField Ad.end_date received a naive datetime (2024-10-17 01:34:20.793585) while time zone support is active.
  warnings.warn(
/home/ystridin/virtualenv/aronno/3.10/lib/python3.10/site-packages/django/db/models/fields/__init__.py:1665: RuntimeWarning: DateTimeField Ad.start_date received a naive datetime (2024-10-17 01:34:20.793585) while time zone support is active.
  warnings.warn(
/home/ystridin/virtualenv/aronno/3.10/lib/python3.10/site-packages/django/db/models/fields/__init__.py:1665: RuntimeWarning: DateTimeField Ad.end_date received a naive datetime (2024-10-17 01:44:17.381228) while time zone support is active.
  warnings.warn(
/home/ystridin/virtualenv/aronno/3.10/lib/python3.10/site-packages/django/db/models/fields/__init__.py:1665: RuntimeWarning: DateTimeField Ad.start_date received a naive datetime (2024-10-17 01:44:17.381228) while time zone support is active.
  warnings.warn(
Popup Ad Object: Popup Ad - https://aronnonews.com/
Ad Object: Popup Ad - https://aronnonews.com/
Popup Ad Object: Popup Ad - https://aronnonews.com/
Ad Object: Popup Ad - https://aronnonews.com/
/home/ystridin/virtualenv/aronno/3.10/lib/python3.10/site-packages/django/db/models/fields/__init__.py:1665: RuntimeWarning: DateTimeField Ad.end_date received a naive datetime (2024-10-17 03:28:38.018416) while time zone support is active.
  warnings.warn(
/home/ystridin/virtualenv/aronno/3.10/lib/python3.10/site-packages/django/db/models/fields/__init__.py:1665: RuntimeWarning: DateTimeField Ad.end_date received a naive datetime (2024-10-17 03:28:38.010703) while time zone support is active.
  warnings.warn(
/home/ystridin/virtualenv/aronno/3.10/lib/python3.10/site-packages/django/db/models/fields/__init__.py:1665: RuntimeWarning: DateTimeField Ad.start_date received a naive datetime (2024-10-17 03:28:38.010703) while time zone support is active.
  warnings.warn(
/home/ystridin/virtualenv/aronno/3.10/lib/python3.10/site-packages/django/db/models/fields/__init__.py:1665: RuntimeWarning: DateTimeField Ad.start_date received a naive datetime (2024-10-17 03:28:38.018416) while time zone support is active.
  warnings.warn(
Popup Ad Object: Popup Ad - https://aronnonews.com/
Ad Object: Popup Ad - https://aronnonews.com/
Popup Ad Object: Popup Ad - https://aronnonews.com/
Ad Object: Popup Ad - https://aronnonews.com/
Popup Ad Object: Popup Ad - https://aronnonews.com/
Ad Object: Popup Ad - https://aronnonews.com/
Popup Ad Object: Popup Ad - https://aronnonews.com/
Ad Object: Popup Ad - https://aronnonews.com/
/home/ystridin/virtualenv/aronno/3.10/lib/python3.10/site-packages/django/db/models/fields/__init__.py:1665: RuntimeWarning: DateTimeField Ad.end_date received a naive datetime (2024-10-17 05:07:53.870399) while time zone support is active.
  warnings.warn(
/home/ystridin/virtualenv/aronno/3.10/lib/python3.10/site-packages/django/db/models/fields/__init__.py:1665: RuntimeWarning: DateTimeField Ad.start_date received a naive datetime (2024-10-17 05:07:53.870399) while time zone support is active.
  warnings.warn(
/home/ystridin/virtualenv/aronno/3.10/lib/python3.10/site-packages/django/db/models/fields/__init__.py:1665: RuntimeWarning: DateTimeField Ad.end_date received a naive datetime (2024-10-17 05:20:28.322718) while time zone support is active.
  warnings.warn(
/home/ystridin/virtualenv/aronno/3.10/lib/python3.10/site-packages/django/db/models/fields/__init__.py:1665: RuntimeWarning: DateTimeField Ad.start_date received a naive datetime (2024-10-17 05:20:28.322718) while time zone support is active.
  warnings.warn(
Popup Ad Object: Popup Ad - https://aronnonews.com/
Ad Object: Popup Ad - https://aronnonews.com/
Popup Ad Object: Popup Ad - https://aronnonews.com/
Ad Object: Popup Ad - https://aronnonews.com/
/home/ystridin/virtualenv/aronno/3.10/lib/python3.10/site-packages/django/db/models/fields/__init__.py:1665: RuntimeWarning: DateTimeField Ad.end_date received a naive datetime (2024-10-17 06:43:07.675129) while time zone support is active.
  warnings.warn(
/home/ystridin/virtualenv/aronno/3.10/lib/python3.10/site-packages/django/db/models/fields/__init__.py:1665: RuntimeWarning: DateTimeField Ad.start_date received a naive datetime (2024-10-17 06:43:07.675129) while time zone support is active.
  warnings.warn(
Popup Ad Object: Popup Ad - https://aronnonews.com/
Ad Object: Popup Ad - https://aronnonews.com/
Popup Ad Object: Popup Ad - https://aronnonews.com/
Ad Object: Popup Ad - https://aronnonews.com/
Popup Ad Object: Popup Ad - https://aronnonews.com/
Ad Object: Popup Ad - https://aronnonews.com/
Popup Ad Object: Popup Ad - https://aronnonews.com/
Ad Object: Popup Ad - https://aronnonews.com/
Popup Ad Object: Popup Ad - https://aronnonews.com/
Ad Object: Popup Ad - https://aronnonews.com/
/home/ystridin/virtualenv/aronno/3.10/lib/python3.10/site-packages/django/db/models/fields/__init__.py:1665: RuntimeWarning: DateTimeField Ad.end_date received a naive datetime (2024-10-17 09:50:42.823808) while time zone support is active.
  warnings.warn(
/home/ystridin/virtualenv/aronno/3.10/lib/python3.10/site-packages/django/db/models/fields/__init__.py:1665: RuntimeWarning: DateTimeField Ad.start_date received a naive datetime (2024-10-17 09:50:42.823808) while time zone support is active.
  warnings.warn(
/home/ystridin/virtualenv/aronno/3.10/lib/python3.10/site-packages/django/db/models/fields/__init__.py:1665: RuntimeWarning: DateTimeField Ad.end_date received a naive datetime (2024-10-17 10:19:25.907950) while time zone support is active.
  warnings.warn(
/home/ystridin/virtualenv/aronno/3.10/lib/python3.10/site-packages/django/db/models/fields/__init__.py:1665: RuntimeWarning: DateTimeField Ad.start_date received a naive datetime (2024-10-17 10:19:25.907950) while time zone support is active.
  warnings.warn(
/home/ystridin/virtualenv/aronno/3.10/lib/python3.10/site-packages/django/db/models/fields/__init__.py:1665: RuntimeWarning: DateTimeField Ad.end_date received a naive datetime (2024-10-17 10:33:24.848887) while time zone support is active.
  warnings.warn(
/home/ystridin/virtualenv/aronno/3.10/lib/python3.10/site-packages/django/db/models/fields/__init__.py:1665: RuntimeWarning: DateTimeField Ad.start_date received a naive datetime (2024-10-17 10:33:24.848887) while time zone support is active.
  warnings.warn(
/home/ystridin/virtualenv/aronno/3.10/lib/python3.10/site-packages/django/db/models/fields/__init__.py:1665: RuntimeWarning: DateTimeField Ad.end_date received a naive datetime (2024-10-17 11:01:15.247849) while time zone support is active.
  warnings.warn(
/home/ystridin/virtualenv/aronno/3.10/lib/python3.10/site-packages/django/db/models/fields/__init__.py:1665: RuntimeWarning: DateTimeField Ad.start_date received a naive datetime (2024-10-17 11:01:15.247849) while time zone support is active.
  warnings.warn(
Popup Ad Object: Popup Ad - https://aronnonews.com/
Ad Object: Popup Ad - https://aronnonews.com/
Popup Ad Object: Popup Ad - https://aronnonews.com/
Ad Object: Popup Ad - https://aronnonews.com/
Popup Ad Object: Popup Ad - https://aronnonews.com/
Popup Ad Object: Popup Ad - https://aronnonews.com/
Ad Object: Popup Ad - https://aronnonews.com/
Popup Ad Object: Popup Ad - https://aronnonews.com/
Ad Object: Popup Ad - https://aronnonews.com/
Popup Ad Object: Popup Ad - https://aronnonews.com/
Ad Object: Popup Ad - https://aronnonews.com/
Popup Ad Object: Popup Ad - https://aronnonews.com/
Ad Object: Popup Ad - https://aronnonews.com/
Popup Ad Object: Popup Ad - https://aronnonews.com/
Ad Object: Popup Ad - https://aronnonews.com/
Popup Ad Object: Popup Ad - https://aronnonews.com/
Ad Object: Popup Ad - https://aronnonews.com/
Popup Ad Object: Popup Ad - https://aronnonews.com/
Ad Object: Popup Ad - https://aronnonews.com/
Popup Ad Object: Popup Ad - https://aronnonews.com/
Ad Object: Popup Ad - https://aronnonews.com/
Popup Ad Object: Popup Ad - https://aronnonews.com/
Ad Object: Popup Ad - https://aronnonews.com/
[UID:1472][1171999] Reached max children process limit: 6, extra: 2, current: 8, busy: 7, please increase LSAPI_CHILDREN.
[UID:1472][1171999] Reached max children process limit: 6, extra: 2, current: 8, busy: 8, please increase LSAPI_CHILDREN.
[UID:1472][1171999] Reached max children process limit: 6, extra: 2, current: 8, busy: 8, please increase LSAPI_CHILDREN.
[UID:1472][1171999] Reached max children process limit: 6, extra: 2, current: 8, busy: 8, please increase LSAPI_CHILDREN.
[UID:1472][1171999] Reached max children process limit: 6, extra: 2, current: 8, busy: 8, please increase LSAPI_CHILDREN.
Popup Ad Object: Popup Ad - https://aronnonews.com/
Popup Ad Object: Popup Ad - https://aronnonews.com/
Ad Object: Popup Ad - https://aronnonews.com/
[UID:1472][1171999] Reached max children process limit: 6, extra: 2, current: 8, busy: 8, please increase LSAPI_CHILDREN.
[UID:1472][1171999] Reached max children process limit: 6, extra: 2, current: 8, busy: 8, please increase LSAPI_CHILDREN.
Popup Ad Object: Popup Ad - https://aronnonews.com/
Ad Object: Popup Ad - https://aronnonews.com/
Popup Ad Object: Popup Ad - https://aronnonews.com/
Ad Object: Popup Ad - https://aronnonews.com/
[UID:1472][1171999] Child process with pid: 1186600 was killed by signal: 15, core dumped: no
Popup Ad Object: Popup Ad - https://aronnonews.com/
Ad Object: Popup Ad - https://aronnonews.com/
Popup Ad Object: Popup Ad - https://aronnonews.com/
Ad Object: Popup Ad - https://aronnonews.com/
Popup Ad Object: Popup Ad - https://aronnonews.com/
Ad Object: Popup Ad - https://aronnonews.com/
Popup Ad Object: Popup Ad - https://aronnonews.com/
Ad Object: Popup Ad - https://aronnonews.com/
Popup Ad Object: Popup Ad - https://aronnonews.com/
Ad Object: Popup Ad - https://aronnonews.com/
Popup Ad Object: Popup Ad - https://aronnonews.com/
Ad Object: Popup Ad - https://aronnonews.com/
Popup Ad Object: Popup Ad - https://www.dhakatribune.com/
Ad Object: Popup Ad - https://www.dhakatribune.com/
Popup Ad Object: Popup Ad - https://www.dhakatribune.com/
Popup Ad Object: None
Ad Object: None
Popup Ad Object: None
Ad Object: None
Popup Ad Object: Popup Ad - https://www.dhakatribune.com/
Ad Object: Popup Ad - https://www.dhakatribune.com/
Popup Ad Object: Popup Ad - https://www.dhakatribune.com/
Ad Object: Popup Ad - https://www.dhakatribune.com/
Popup Ad Object: Popup Ad - https://www.dhakatribune.com/
Ad Object: Popup Ad - https://www.dhakatribune.com/
Popup Ad Object: Popup Ad - https://www.dhakatribune.com/
Popup Ad Object: Popup Ad - https://www.dhakatribune.com/
Popup Ad Object: Popup Ad - https://www.dhakatribune.com/
Ad Object: Popup Ad - https://www.dhakatribune.com/
Popup Ad Object: Popup Ad - https://www.dhakatribune.com/
Ad Object: Popup Ad - https://www.dhakatribune.com/
Popup Ad Object: Popup Ad - https://www.dhakatribune.com/
Ad Object: Popup Ad - https://www.dhakatribune.com/
Popup Ad Object: Popup Ad - https://www.dhakatribune.com/
Ad Object: Popup Ad - https://www.dhakatribune.com/
Popup Ad Object: Popup Ad - https://www.dhakatribune.com/
Ad Object: Popup Ad - https://www.dhakatribune.com/
Popup Ad Object: Popup Ad - https://www.dhakatribune.com/
Ad Object: Popup Ad - https://www.dhakatribune.com/
Popup Ad Object: Popup Ad - https://www.dhakatribune.com/
Ad Object: Popup Ad - https://www.dhakatribune.com/
Popup Ad Object: Popup Ad - https://www.dhakatribune.com/
Ad Object: Popup Ad - https://www.dhakatribune.com/
[UID:1472][1238035] Reached max children process limit: 6, extra: 2, current: 8, busy: 7, please increase LSAPI_CHILDREN.
[UID:1472][1238035] Reached max children process limit: 6, extra: 2, current: 8, busy: 8, please increase LSAPI_CHILDREN.
[UID:1472][1238035] Reached max children process limit: 6, extra: 2, current: 8, busy: 8, please increase LSAPI_CHILDREN.
[UID:1472][1238035] Reached max children process limit: 6, extra: 2, current: 8, busy: 8, please increase LSAPI_CHILDREN.
[UID:1472][1238035] Reached max children process limit: 6, extra: 2, current: 8, busy: 8, please increase LSAPI_CHILDREN.
Popup Ad Object: Popup Ad - https://www.dhakatribune.com/
Ad Object: Popup Ad - https://www.dhakatribune.com/
[UID:1472][1238035] Reached max children process limit: 6, extra: 2, current: 8, busy: 8, please increase LSAPI_CHILDREN.
[UID:1472][1238035] Reached max children process limit: 6, extra: 2, current: 8, busy: 7, please increase LSAPI_CHILDREN.
[UID:1472][1238035] Reached max children process limit: 6, extra: 2, current: 8, busy: 7, please increase LSAPI_CHILDREN.
[UID:1472][1238035] Reached max children process limit: 6, extra: 2, current: 8, busy: 7, please increase LSAPI_CHILDREN.
[UID:1472][1238035] Reached max children process limit: 6, extra: 2, current: 8, busy: 8, please increase LSAPI_CHILDREN.
Popup Ad Object: Popup Ad - https://www.dhakatribune.com/
Ad Object: Popup Ad - https://www.dhakatribune.com/
Popup Ad Object: Popup Ad - https://www.dhakatribune.com/
Ad Object: Popup Ad - https://www.dhakatribune.com/
Popup Ad Object: Popup Ad - https://www.dhakatribune.com/
Ad Object: Popup Ad - https://www.dhakatribune.com/
Popup Ad Object: Popup Ad - https://www.dhakatribune.com/
Ad Object: Popup Ad - https://www.dhakatribune.com/
Popup Ad Object: Popup Ad - https://www.dhakatribune.com/
Ad Object: Popup Ad - https://www.dhakatribune.com/
Popup Ad Object: Popup Ad - https://www.dhakatribune.com/
Ad Object: Popup Ad - https://www.dhakatribune.com/
Popup Ad Object: Popup Ad - https://www.dhakatribune.com/
Ad Object: Popup Ad - https://www.dhakatribune.com/
Popup Ad Object: Popup Ad - https://www.dhakatribune.com/
Ad Object: Popup Ad - https://www.dhakatribune.com/
Popup Ad Object: Popup Ad - https://www.dhakatribune.com/
Ad Object: Popup Ad - https://www.dhakatribune.com/
Popup Ad Object: Popup Ad - https://teccmark.com/
Ad Object: Popup Ad - https://teccmark.com/
Popup Ad Object: Popup Ad - https://teccmark.com/
Ad Object: Popup Ad - https://teccmark.com/
Popup Ad Object: Popup Ad - https://teccmark.com/
Ad Object: Popup Ad - https://teccmark.com/
Not Found: /static/vendor/bootstrap/js/bootstrap.bundle.min.js
Not Found: /media/img/logo.png
Not Found: /static/vendor/bootstrap/js/bootstrap.bundle.min.js
Not Found: /cart.json
Not Found: /cart.json
Popup Ad Object: Popup Ad - https://teccmark.com/
Ad Object: Popup Ad - https://teccmark.com/
Not Found: /category/countrywide/
Not Found: /cart.json
Not Found: /favicon.ico
Not Found: /cart.json
Not Found: /media/img/logo.png
Not Found: /static/vendor/bootstrap/js/bootstrap.bundle.min.js
Not Found: /media/img/logo.png
Not Found: /cart.json
Not Found: /media/img/logo.png
Not Found: /static/vendor/bootstrap/js/bootstrap.bundle.min.js
Not Found: /static/vendor/bootstrap/js/bootstrap.bundle.min.js
Not Found: /cart.json
Popup Ad Object: Popup Ad - https://teccmark.com/
Popup Ad Object: Popup Ad - https://teccmark.com/
Ad Object: Popup Ad - https://teccmark.com/
Not Found: /robots.txt
Not Found: /news/12/
Not Found: /cart.json
Not Found: /media/img/logo.png
/home/ystridin/virtualenv/aronno/3.10/lib/python3.10/site-packages/django/db/models/fields/__init__.py:1665: RuntimeWarning: DateTimeField Ad.end_date received a naive datetime (2024-10-17 11:52:52.595881) while time zone support is active.
  warnings.warn(
/home/ystridin/virtualenv/aronno/3.10/lib/python3.10/site-packages/django/db/models/fields/__init__.py:1665: RuntimeWarning: DateTimeField Ad.start_date received a naive datetime (2024-10-17 11:52:52.595881) while time zone support is active.
  warnings.warn(
Not Found: /media/img/logo.png
Not Found: /static/vendor/bootstrap/js/bootstrap.bundle.min.js
Not Found: /cart.json
Not Found: /static/vendor/bootstrap/js/bootstrap.bundle.min.js
Not Found: /media/img/logo.png
Not Found: /cart.json
Not Found: /media/img/logo.png
Not Found: /static/vendor/bootstrap/js/bootstrap.bundle.min.js
Not Found: /media/img/logo.png
Not Found: /cart.json
Popup Ad Object: Popup Ad - https://teccmark.com/
Ad Object: Popup Ad - https://teccmark.com/
Popup Ad Object: Popup Ad - https://teccmark.com/
Ad Object: Popup Ad - https://teccmark.com/
Not Found: /media/img/logo.png
Not Found: /static/vendor/bootstrap/js/bootstrap.bundle.min.js
Not Found: /media/img/logo.png
Not Found: /media/img/logo.png
Not Found: /static/vendor/bootstrap/js/bootstrap.bundle.min.js
Not Found: /media/img/logo.png
Not Found: /cart.json
Not Found: /apple-touch-icon.png
Not Found: /android-icon.png
Popup Ad Object: Popup Ad - https://teccmark.com/
Ad Object: Popup Ad - https://teccmark.com/
Popup Ad Object: Popup Ad - https://teccmark.com/
Ad Object: Popup Ad - https://teccmark.com/
Not Found: /news/54/
Popup Ad Object: Popup Ad - https://teccmark.com/
Ad Object: Popup Ad - https://teccmark.com/
Popup Ad Object: Popup Ad - https://teccmark.com/
Ad Object: Popup Ad - https://teccmark.com/
Not Found: /robots.txt
Not Found: /category/crime/
Not Found: /static/vendor/bootstrap/js/bootstrap.bundle.min.js
Not Found: /media/img/logo.png
Not Found: /cart.json
Not Found: /media/img/logo.png
Not Found: /static/vendor/bootstrap/js/bootstrap.bundle.min.js
Not Found: /cart.json
Popup Ad Object: Popup Ad - https://teccmark.com/
Ad Object: Popup Ad - https://teccmark.com/
Not Found: /media/img/logo.png
Not Found: /static/vendor/bootstrap/js/bootstrap.bundle.min.js
Not Found: /cart.json
Not Found: /media/img/logo.png
Not Found: /static/vendor/bootstrap/js/bootstrap.bundle.min.js
Not Found: /media/img/logo.png
Not Found: /cart.json
Popup Ad Object: Popup Ad - https://teccmark.com/
Ad Object: Popup Ad - https://teccmark.com/
Not Found: /news/16/
Not Found: /category/forest_climate/
Not Found: /media/img/logo.png
Not Found: /static/vendor/bootstrap/js/bootstrap.bundle.min.js
Not Found: /media/img/logo.png
Popup Ad Object: Popup Ad - https://teccmark.com/
Ad Object: Popup Ad - https://teccmark.com/
Not Found: /android-icon.png
Not Found: /apple-touch-icon.png
/home/ystridin/virtualenv/aronno/3.10/lib/python3.10/site-packages/django/db/models/fields/__init__.py:1665: RuntimeWarning: DateTimeField Ad.end_date received a naive datetime (2024-10-17 15:26:14.905304) while time zone support is active.
  warnings.warn(
/home/ystridin/virtualenv/aronno/3.10/lib/python3.10/site-packages/django/db/models/fields/__init__.py:1665: RuntimeWarning: DateTimeField Ad.start_date received a naive datetime (2024-10-17 15:26:14.905304) while time zone support is active.
  warnings.warn(
Not Found: /media/img/logo.png
Not Found: /static/vendor/bootstrap/js/bootstrap.bundle.min.js
Not Found: /category/hollywood/android-icon.png
Not Found: /category/hollywood/apple-touch-icon.png
/home/ystridin/virtualenv/aronno/3.10/lib/python3.10/site-packages/django/db/models/fields/__init__.py:1665: RuntimeWarning: DateTimeField Ad.end_date received a naive datetime (2024-10-17 15:26:28.301023) while time zone support is active.
  warnings.warn(
/home/ystridin/virtualenv/aronno/3.10/lib/python3.10/site-packages/django/db/models/fields/__init__.py:1665: RuntimeWarning: DateTimeField Ad.start_date received a naive datetime (2024-10-17 15:26:28.301023) while time zone support is active.
  warnings.warn(
Not Found: /media/img/logo.png
Not Found: /static/vendor/bootstrap/js/bootstrap.bundle.min.js
Not Found: /category/election/android-icon.png
Not Found: /category/election/apple-touch-icon.png
Not Found: /media/img/logo.png
Not Found: /static/vendor/bootstrap/js/bootstrap.bundle.min.js
Not Found: /media/img/logo.png
/home/ystridin/virtualenv/aronno/3.10/lib/python3.10/site-packages/django/db/models/fields/__init__.py:1665: RuntimeWarning: DateTimeField Ad.end_date received a naive datetime (2024-10-17 15:27:19.554825) while time zone support is active.
  warnings.warn(
/home/ystridin/virtualenv/aronno/3.10/lib/python3.10/site-packages/django/db/models/fields/__init__.py:1665: RuntimeWarning: DateTimeField Ad.start_date received a naive datetime (2024-10-17 15:27:19.554825) while time zone support is active.
  warnings.warn(
Not Found: /media/img/logo.png
Not Found: /static/vendor/bootstrap/js/bootstrap.bundle.min.js
Not Found: /category/cricket/android-icon.png
Not Found: /category/cricket/apple-touch-icon.png
/home/ystridin/virtualenv/aronno/3.10/lib/python3.10/site-packages/django/db/models/fields/__init__.py:1665: RuntimeWarning: DateTimeField Ad.end_date received a naive datetime (2024-10-17 15:27:24.595702) while time zone support is active.
  warnings.warn(
/home/ystridin/virtualenv/aronno/3.10/lib/python3.10/site-packages/django/db/models/fields/__init__.py:1665: RuntimeWarning: DateTimeField Ad.start_date received a naive datetime (2024-10-17 15:27:24.595702) while time zone support is active.
  warnings.warn(
Not Found: /media/img/logo.png
Not Found: /static/vendor/bootstrap/js/bootstrap.bundle.min.js
Not Found: /category/football/android-icon.png
Not Found: /category/football/apple-touch-icon.png
/home/ystridin/virtualenv/aronno/3.10/lib/python3.10/site-packages/django/db/models/fields/__init__.py:1665: RuntimeWarning: DateTimeField Ad.end_date received a naive datetime (2024-10-17 15:27:28.043178) while time zone support is active.
  warnings.warn(
/home/ystridin/virtualenv/aronno/3.10/lib/python3.10/site-packages/django/db/models/fields/__init__.py:1665: RuntimeWarning: DateTimeField Ad.start_date received a naive datetime (2024-10-17 15:27:28.043178) while time zone support is active.
  warnings.warn(
Not Found: /media/img/logo.png
Not Found: /static/vendor/bootstrap/js/bootstrap.bundle.min.js
Popup Ad Object: Popup Ad - https://teccmark.com/
Ad Object: Popup Ad - https://teccmark.com/
/home/ystridin/virtualenv/aronno/3.10/lib/python3.10/site-packages/django/db/models/fields/__init__.py:1665: RuntimeWarning: DateTimeField Ad.end_date received a naive datetime (2024-10-17 15:28:39.309704) while time zone support is active.
  warnings.warn(
/home/ystridin/virtualenv/aronno/3.10/lib/python3.10/site-packages/django/db/models/fields/__init__.py:1665: RuntimeWarning: DateTimeField Ad.start_date received a naive datetime (2024-10-17 15:28:39.309704) while time zone support is active.
  warnings.warn(
Popup Ad Object: Popup Ad - https://teccmark.com/
Ad Object: Popup Ad - https://teccmark.com/
Not Found: /media/img/logo.png
Not Found: /static/vendor/bootstrap/js/bootstrap.bundle.min.js
Not Found: /media/img/logo.png
Not Found: /cart.json
Not Found: /media/img/logo.png
Not Found: /static/vendor/bootstrap/js/bootstrap.bundle.min.js
Not Found: /cart.json
Popup Ad Object: Popup Ad - https://teccmark.com/
Ad Object: Popup Ad - https://teccmark.com/
Popup Ad Object: Popup Ad - https://teccmark.com/
Ad Object: Popup Ad - https://teccmark.com/
Not Found: /static/vendor/bootstrap/js/bootstrap.bundle.min.js
Not Found: /media/img/logo.png
Not Found: /media/img/logo.png
Not Found: /cart.json
Popup Ad Object: Popup Ad - https://teccmark.com/
Ad Object: Popup Ad - https://teccmark.com/
Not Found: /static/vendor/bootstrap/js/bootstrap.bundle.min.js
Not Found: /cart.json
Not Found: /section/health/
Popup Ad Object: Popup Ad - https://teccmark.com/
Popup Ad Object: Popup Ad - https://teccmark.com/
Popup Ad Object: Popup Ad - https://teccmark.com/
Not Found: /media/img/logo.png
Not Found: /static/vendor/bootstrap/js/bootstrap.bundle.min.js
Not Found: /media/img/logo.png
Not Found: /cart.json
Not Found: /static/vendor/bootstrap/js/bootstrap.bundle.min.js
Not Found: /media/img/logo.png
Not Found: /media/img/logo.png
Not Found: /cart.json
Not Found: /cart.json
Not Found: /favicon.ico
Not Found: /cart.json
Popup Ad Object: Popup Ad - https://teccmark.com/
Ad Object: Popup Ad - https://teccmark.com/
Popup Ad Object: Popup Ad - https://teccmark.com/
Ad Object: Popup Ad - https://teccmark.com/
Not Found: /cart.json
Not Found: /cart.json
Not Found: /static/vendor/bootstrap/js/bootstrap.bundle.min.js
Not Found: /media/img/logo.png
Not Found: /media/img/logo.png
Not Found: /cart.json
Popup Ad Object: Popup Ad - https://teccmark.com/
Ad Object: Popup Ad - https://teccmark.com/
Not Found: /static/vendor/bootstrap/js/bootstrap.bundle.min.js
Not Found: /media/img/logo.png
Not Found: /cart.json
Popup Ad Object: Popup Ad - https://teccmark.com/
Ad Object: Popup Ad - https://teccmark.com/
Not Found: /static/vendor/bootstrap/js/bootstrap.bundle.min.js
Not Found: /media/img/logo.png
Not Found: /cart.json
Not Found: /category/chief Advisor/category/chief%20Advisor/
Not Found: /favicon.ico
Not Found: /cart.json
Not Found: /static/vendor/bootstrap/js/bootstrap.bundle.min.js
Not Found: /cart.json
/home/ystridin/virtualenv/aronno/3.10/lib/python3.10/site-packages/django/db/models/fields/__init__.py:1665: RuntimeWarning: DateTimeField Ad.end_date received a naive datetime (2024-10-17 15:47:15.654327) while time zone support is active.
  warnings.warn(
/home/ystridin/virtualenv/aronno/3.10/lib/python3.10/site-packages/django/db/models/fields/__init__.py:1665: RuntimeWarning: DateTimeField Ad.start_date received a naive datetime (2024-10-17 15:47:15.654327) while time zone support is active.
  warnings.warn(
Not Found: /media/img/logo.png
Not Found: /static/vendor/bootstrap/js/bootstrap.bundle.min.js
Not Found: /cart.json
Popup Ad Object: Popup Ad - https://teccmark.com/
Ad Object: Popup Ad - https://teccmark.com/
/home/ystridin/virtualenv/aronno/3.10/lib/python3.10/site-packages/django/db/models/fields/__init__.py:1665: RuntimeWarning: DateTimeField Ad.end_date received a naive datetime (2024-10-17 15:48:52.428327) while time zone support is active.
  warnings.warn(
/home/ystridin/virtualenv/aronno/3.10/lib/python3.10/site-packages/django/db/models/fields/__init__.py:1665: RuntimeWarning: DateTimeField Ad.start_date received a naive datetime (2024-10-17 15:48:52.428327) while time zone support is active.
  warnings.warn(
Not Found: /media/img/logo.png
Not Found: /static/vendor/bootstrap/js/bootstrap.bundle.min.js
Not Found: /cart.json
/home/ystridin/virtualenv/aronno/3.10/lib/python3.10/site-packages/django/db/models/fields/__init__.py:1665: RuntimeWarning: DateTimeField Ad.end_date received a naive datetime (2024-10-17 15:49:47.273420) while time zone support is active.
  warnings.warn(
/home/ystridin/virtualenv/aronno/3.10/lib/python3.10/site-packages/django/db/models/fields/__init__.py:1665: RuntimeWarning: DateTimeField Ad.start_date received a naive datetime (2024-10-17 15:49:47.273420) while time zone support is active.
  warnings.warn(
Not Found: /media/img/logo.png
Not Found: /static/vendor/bootstrap/js/bootstrap.bundle.min.js
Not Found: /cart.json
Not Found: /category/countrywide/
Not Found: /cart.json
Not Found: /favicon.ico
Not Found: /media/img/logo.png
Not Found: /static/vendor/bootstrap/js/bootstrap.bundle.min.js
Not Found: /media/img/logo.png
Not Found: /cart.json
/home/ystridin/virtualenv/aronno/3.10/lib/python3.10/site-packages/django/db/models/fields/__init__.py:1665: RuntimeWarning: DateTimeField Ad.end_date received a naive datetime (2024-10-17 15:49:57.143610) while time zone support is active.
  warnings.warn(
/home/ystridin/virtualenv/aronno/3.10/lib/python3.10/site-packages/django/db/models/fields/__init__.py:1665: RuntimeWarning: DateTimeField Ad.start_date received a naive datetime (2024-10-17 15:49:57.143610) while time zone support is active.
  warnings.warn(
Not Found: /media/img/logo.png
Not Found: /static/vendor/bootstrap/js/bootstrap.bundle.min.js
Not Found: /cart.json
Not Found: /media/img/logo.png
Not Found: /static/vendor/bootstrap/js/bootstrap.bundle.min.js
Not Found: /media/img/logo.png
Not Found: /cart.json
/home/ystridin/virtualenv/aronno/3.10/lib/python3.10/site-packages/django/db/models/fields/__init__.py:1665: RuntimeWarning: DateTimeField Ad.end_date received a naive datetime (2024-10-17 15:50:05.518846) while time zone support is active.
  warnings.warn(
/home/ystridin/virtualenv/aronno/3.10/lib/python3.10/site-packages/django/db/models/fields/__init__.py:1665: RuntimeWarning: DateTimeField Ad.start_date received a naive datetime (2024-10-17 15:50:05.518846) while time zone support is active.
  warnings.warn(
Not Found: /media/img/logo.png
Not Found: /static/vendor/bootstrap/js/bootstrap.bundle.min.js
Not Found: /cart.json
Not Found: /category/countrywide/
Not Found: /cart.json
/home/ystridin/virtualenv/aronno/3.10/lib/python3.10/site-packages/django/db/models/fields/__init__.py:1665: RuntimeWarning: DateTimeField Ad.end_date received a naive datetime (2024-10-17 15:51:40.013700) while time zone support is active.
  warnings.warn(
/home/ystridin/virtualenv/aronno/3.10/lib/python3.10/site-packages/django/db/models/fields/__init__.py:1665: RuntimeWarning: DateTimeField Ad.start_date received a naive datetime (2024-10-17 15:51:40.013700) while time zone support is active.
  warnings.warn(
/home/ystridin/virtualenv/aronno/3.10/lib/python3.10/site-packages/django/db/models/fields/__init__.py:1665: RuntimeWarning: DateTimeField Ad.end_date received a naive datetime (2024-10-17 15:51:40.845423) while time zone support is active.
  warnings.warn(
/home/ystridin/virtualenv/aronno/3.10/lib/python3.10/site-packages/django/db/models/fields/__init__.py:1665: RuntimeWarning: DateTimeField Ad.start_date received a naive datetime (2024-10-17 15:51:40.845423) while time zone support is active.
  warnings.warn(
Not Found: /media/img/logo.png
Not Found: /static/vendor/bootstrap/js/bootstrap.bundle.min.js
Not Found: /cart.json
Popup Ad Object: Popup Ad - https://teccmark.com/
Ad Object: Popup Ad - https://teccmark.com/
Popup Ad Object: Popup Ad - https://teccmark.com/
Ad Object: Popup Ad - https://teccmark.com/
/home/ystridin/virtualenv/aronno/3.10/lib/python3.10/site-packages/django/db/models/fields/__init__.py:1665: RuntimeWarning: DateTimeField Ad.end_date received a naive datetime (2024-10-17 15:52:42.351571) while time zone support is active.
  warnings.warn(
/home/ystridin/virtualenv/aronno/3.10/lib/python3.10/site-packages/django/db/models/fields/__init__.py:1665: RuntimeWarning: DateTimeField Ad.start_date received a naive datetime (2024-10-17 15:52:42.351571) while time zone support is active.
  warnings.warn(
Not Found: /media/img/logo.png
Not Found: /static/vendor/bootstrap/js/bootstrap.bundle.min.js
Not Found: /cart.json
Not Found: /cart.json
Not Found: /media/img/logo.png
Not Found: /static/vendor/bootstrap/js/bootstrap.bundle.min.js
Not Found: /cart.json
/home/ystridin/virtualenv/aronno/3.10/lib/python3.10/site-packages/django/db/models/fields/__init__.py:1665: RuntimeWarning: DateTimeField Ad.end_date received a naive datetime (2024-10-17 15:53:50.506383) while time zone support is active.
  warnings.warn(
/home/ystridin/virtualenv/aronno/3.10/lib/python3.10/site-packages/django/db/models/fields/__init__.py:1665: RuntimeWarning: DateTimeField Ad.start_date received a naive datetime (2024-10-17 15:53:50.506383) while time zone support is active.
  warnings.warn(
Not Found: /media/img/logo.png
Not Found: /static/vendor/bootstrap/js/bootstrap.bundle.min.js
Not Found: /cart.json
Not Found: /media/img/logo.png
Not Found: /static/vendor/bootstrap/js/bootstrap.bundle.min.js
Not Found: /cart.json
/home/ystridin/virtualenv/aronno/3.10/lib/python3.10/site-packages/django/db/models/fields/__init__.py:1665: RuntimeWarning: DateTimeField Ad.end_date received a naive datetime (2024-10-17 15:54:03.077831) while time zone support is active.
  warnings.warn(
/home/ystridin/virtualenv/aronno/3.10/lib/python3.10/site-packages/django/db/models/fields/__init__.py:1665: RuntimeWarning: DateTimeField Ad.start_date received a naive datetime (2024-10-17 15:54:03.077831) while time zone support is active.
  warnings.warn(
Not Found: /media/img/logo.png
Not Found: /static/vendor/bootstrap/js/bootstrap.bundle.min.js
Not Found: /cart.json
Not Found: /media/img/logo.png
Not Found: /static/vendor/bootstrap/js/bootstrap.bundle.min.js
Not Found: /cart.json
/home/ystridin/virtualenv/aronno/3.10/lib/python3.10/site-packages/django/db/models/fields/__init__.py:1665: RuntimeWarning: DateTimeField Ad.end_date received a naive datetime (2024-10-17 15:54:19.700023) while time zone support is active.
  warnings.warn(
/home/ystridin/virtualenv/aronno/3.10/lib/python3.10/site-packages/django/db/models/fields/__init__.py:1665: RuntimeWarning: DateTimeField Ad.start_date received a naive datetime (2024-10-17 15:54:19.700023) while time zone support is active.
  warnings.warn(
Not Found: /media/img/logo.png
Not Found: /static/vendor/bootstrap/js/bootstrap.bundle.min.js
Not Found: /cart.json
Popup Ad Object: Popup Ad - https://teccmark.com/
Ad Object: Popup Ad - https://teccmark.com/
Popup Ad Object: Popup Ad - https://teccmark.com/
Ad Object: Popup Ad - https://teccmark.com/
Popup Ad Object: Popup Ad - https://teccmark.com/
Ad Object: Popup Ad - https://teccmark.com/
Not Found: /category/countrywide/
Not Found: /favicon.ico
Not Found: /cart.json
Not Found: /media/img/logo.png
Not Found: /static/vendor/bootstrap/js/bootstrap.bundle.min.js
Not Found: /media/img/logo.png
Not Found: /cart.json
Popup Ad Object: Popup Ad - https://teccmark.com/
Ad Object: Popup Ad - https://teccmark.com/
Not Found: /static/vendor/bootstrap/js/bootstrap.bundle.min.js
Not Found: /media/img/logo.png
Not Found: /media/img/logo.png
Not Found: /media/img/logo.png
Not Found: /cart.json
Popup Ad Object: Popup Ad - https://teccmark.com/
Ad Object: Popup Ad - https://teccmark.com/
Not Found: /media/img/logo.png
Not Found: /static/vendor/bootstrap/js/bootstrap.bundle.min.js
Not Found: /cart.json
Not Found: /favicon.ico
Not Found: /cart.json
Not Found: /cart.json
Not Found: /media/img/logo.png
Not Found: /static/vendor/bootstrap/js/bootstrap.bundle.min.js
Not Found: /media/img/logo.png
Not Found: /cart.json
Not Found: /cart.json
Not Found: /media/img/logo.png
Not Found: /static/vendor/bootstrap/js/bootstrap.bundle.min.js
Not Found: /cart.json
Not Found: /cart.json
Not Found: /cart.json
Not Found: /media/img/logo.png
Not Found: /static/vendor/bootstrap/js/bootstrap.bundle.min.js
Not Found: /cart.json
Popup Ad Object: Popup Ad - https://teccmark.com/
Ad Object: Popup Ad - https://teccmark.com/
Popup Ad Object: Popup Ad - https://teccmark.com/
Ad Object: Popup Ad - https://teccmark.com/
Popup Ad Object: Popup Ad - https://teccmark.com/
Ad Object: Popup Ad - https://teccmark.com/
Popup Ad Object: Popup Ad - https://teccmark.com/
Ad Object: Popup Ad - https://teccmark.com/
Not Found: /static/vendor/bootstrap/js/bootstrap.bundle.min.js
Not Found: /media/img/logo.png
Not Found: /media/img/logo.png
Not Found: /cart.json
Popup Ad Object: Popup Ad - https://teccmark.com/
Ad Object: Popup Ad - https://teccmark.com/
Not Found: /media/img/logo.png
Not Found: /static/vendor/bootstrap/js/bootstrap.bundle.min.js
Not Found: /cart.json
Not Found: /category/countrywide/
Not Found: /favicon.ico
Not Found: /cart.json
Not Found: /cart.json
/home/ystridin/virtualenv/aronno/3.10/lib/python3.10/site-packages/django/db/models/fields/__init__.py:1665: RuntimeWarning: DateTimeField Ad.end_date received a naive datetime (2024-10-17 16:11:26.419548) while time zone support is active.
  warnings.warn(
/home/ystridin/virtualenv/aronno/3.10/lib/python3.10/site-packages/django/db/models/fields/__init__.py:1665: RuntimeWarning: DateTimeField Ad.start_date received a naive datetime (2024-10-17 16:11:26.419548) while time zone support is active.
  warnings.warn(
Internal Server Error: /section/sports/
Traceback (most recent call last):
  File "/home/ystridin/virtualenv/aronno/3.10/lib/python3.10/site-packages/django/template/base.py", line 510, in parse
    compile_func = self.tags[command]
KeyError: 'endif'

During handling of the above exception, another exception occurred:

Traceback (most recent call last):
  File "/home/ystridin/virtualenv/aronno/3.10/lib/python3.10/site-packages/django/core/handlers/exception.py", line 55, in inner
    response = get_response(request)
  File "/home/ystridin/virtualenv/aronno/3.10/lib/python3.10/site-packages/django/core/handlers/base.py", line 197, in _get_response
    response = wrapped_callback(request, *callback_args, **callback_kwargs)
  File "/home/ystridin/aronno/home/views.py", line 371, in section_details
    return render(request, 'section_details.html', context)
  File "/home/ystridin/virtualenv/aronno/3.10/lib/python3.10/site-packages/django/shortcuts.py", line 25, in render
    content = loader.render_to_string(template_name, context, request, using=using)
  File "/home/ystridin/virtualenv/aronno/3.10/lib/python3.10/site-packages/django/template/loader.py", line 61, in render_to_string
    template = get_template(template_name, using=using)
  File "/home/ystridin/virtualenv/aronno/3.10/lib/python3.10/site-packages/django/template/loader.py", line 15, in get_template
    return engine.get_template(template_name)
  File "/home/ystridin/virtualenv/aronno/3.10/lib/python3.10/site-packages/django/template/backends/django.py", line 79, in get_template
    return Template(self.engine.get_template(template_name), self)
  File "/home/ystridin/virtualenv/aronno/3.10/lib/python3.10/site-packages/django/template/engine.py", line 177, in get_template
    template, origin = self.find_template(template_name)
  File "/home/ystridin/virtualenv/aronno/3.10/lib/python3.10/site-packages/django/template/engine.py", line 159, in find_template
    template = loader.get_template(name, skip=skip)
  File "/home/ystridin/virtualenv/aronno/3.10/lib/python3.10/site-packages/django/template/loaders/cached.py", line 57, in get_template
    template = super().get_template(template_name, skip)
  File "/home/ystridin/virtualenv/aronno/3.10/lib/python3.10/site-packages/django/template/loaders/base.py", line 28, in get_template
    return Template(
  File "/home/ystridin/virtualenv/aronno/3.10/lib/python3.10/site-packages/django/template/base.py", line 154, in __init__
    self.nodelist = self.compile_nodelist()
  File "/home/ystridin/virtualenv/aronno/3.10/lib/python3.10/site-packages/django/template/base.py", line 196, in compile_nodelist
    nodelist = parser.parse()
  File "/home/ystridin/virtualenv/aronno/3.10/lib/python3.10/site-packages/django/template/base.py", line 512, in parse
    self.invalid_block_tag(token, command, parse_until)
  File "/home/ystridin/virtualenv/aronno/3.10/lib/python3.10/site-packages/django/template/base.py", line 573, in invalid_block_tag
    raise self.error(
django.template.exceptions.TemplateSyntaxError: Invalid block tag on line 481: 'endif'. Did you forget to register or load this tag?
Not Found: /cart.json
Popup Ad Object: Popup Ad - https://teccmark.com/
Ad Object: Popup Ad - https://teccmark.com/
/home/ystridin/virtualenv/aronno/3.10/lib/python3.10/site-packages/django/db/models/fields/__init__.py:1665: RuntimeWarning: DateTimeField Ad.end_date received a naive datetime (2024-10-17 16:12:04.674719) while time zone support is active.
  warnings.warn(
/home/ystridin/virtualenv/aronno/3.10/lib/python3.10/site-packages/django/db/models/fields/__init__.py:1665: RuntimeWarning: DateTimeField Ad.start_date received a naive datetime (2024-10-17 16:12:04.674719) while time zone support is active.
  warnings.warn(
Internal Server Error: /section/sports/
Traceback (most recent call last):
  File "/home/ystridin/virtualenv/aronno/3.10/lib/python3.10/site-packages/django/template/base.py", line 510, in parse
    compile_func = self.tags[command]
KeyError: 'endif'

During handling of the above exception, another exception occurred:

Traceback (most recent call last):
  File "/home/ystridin/virtualenv/aronno/3.10/lib/python3.10/site-packages/django/core/handlers/exception.py", line 55, in inner
    response = get_response(request)
  File "/home/ystridin/virtualenv/aronno/3.10/lib/python3.10/site-packages/django/core/handlers/base.py", line 197, in _get_response
    response = wrapped_callback(request, *callback_args, **callback_kwargs)
  File "/home/ystridin/aronno/home/views.py", line 371, in section_details
    return render(request, 'section_details.html', context)
  File "/home/ystridin/virtualenv/aronno/3.10/lib/python3.10/site-packages/django/shortcuts.py", line 25, in render
    content = loader.render_to_string(template_name, context, request, using=using)
  File "/home/ystridin/virtualenv/aronno/3.10/lib/python3.10/site-packages/django/template/loader.py", line 61, in render_to_string
    template = get_template(template_name, using=using)
  File "/home/ystridin/virtualenv/aronno/3.10/lib/python3.10/site-packages/django/template/loader.py", line 15, in get_template
    return engine.get_template(template_name)
  File "/home/ystridin/virtualenv/aronno/3.10/lib/python3.10/site-packages/django/template/backends/django.py", line 79, in get_template
    return Template(self.engine.get_template(template_name), self)
  File "/home/ystridin/virtualenv/aronno/3.10/lib/python3.10/site-packages/django/template/engine.py", line 177, in get_template
    template, origin = self.find_template(template_name)
  File "/home/ystridin/virtualenv/aronno/3.10/lib/python3.10/site-packages/django/template/engine.py", line 159, in find_template
    template = loader.get_template(name, skip=skip)
  File "/home/ystridin/virtualenv/aronno/3.10/lib/python3.10/site-packages/django/template/loaders/cached.py", line 57, in get_template
    template = super().get_template(template_name, skip)
  File "/home/ystridin/virtualenv/aronno/3.10/lib/python3.10/site-packages/django/template/loaders/base.py", line 28, in get_template
    return Template(
  File "/home/ystridin/virtualenv/aronno/3.10/lib/python3.10/site-packages/django/template/base.py", line 154, in __init__
    self.nodelist = self.compile_nodelist()
  File "/home/ystridin/virtualenv/aronno/3.10/lib/python3.10/site-packages/django/template/base.py", line 196, in compile_nodelist
    nodelist = parser.parse()
  File "/home/ystridin/virtualenv/aronno/3.10/lib/python3.10/site-packages/django/template/base.py", line 512, in parse
    self.invalid_block_tag(token, command, parse_until)
  File "/home/ystridin/virtualenv/aronno/3.10/lib/python3.10/site-packages/django/template/base.py", line 573, in invalid_block_tag
    raise self.error(
django.template.exceptions.TemplateSyntaxError: Invalid block tag on line 481: 'endif'. Did you forget to register or load this tag?
Not Found: /favicon.ico
Not Found: /cart.json
/home/ystridin/virtualenv/aronno/3.10/lib/python3.10/site-packages/django/db/models/fields/__init__.py:1665: RuntimeWarning: DateTimeField Ad.end_date received a naive datetime (2024-10-17 16:12:50.373076) while time zone support is active.
  warnings.warn(
/home/ystridin/virtualenv/aronno/3.10/lib/python3.10/site-packages/django/db/models/fields/__init__.py:1665: RuntimeWarning: DateTimeField Ad.start_date received a naive datetime (2024-10-17 16:12:50.373076) while time zone support is active.
  warnings.warn(
Not Found: /media/img/logo.png
Not Found: /static/vendor/bootstrap/js/bootstrap.bundle.min.js
Not Found: /cart.json
Not Found: /media/img/logo.png
Not Found: /static/vendor/bootstrap/js/bootstrap.bundle.min.js
Not Found: /media/img/logo.png
Not Found: /cart.json
Popup Ad Object: Popup Ad - https://teccmark.com/
Ad Object: Popup Ad - https://teccmark.com/
Not Found: /favicon.ico
Not Found: /cart.json
Not Found: /cart.json
Not Found: /cart.json
Not Found: /media/img/logo.png
Not Found: /static/vendor/bootstrap/js/bootstrap.bundle.min.js
Not Found: /media/img/logo.png
Not Found: /cart.json
Not Found: /category/countrywide/
Not Found: /cart.json
Not Found: /cart.json
/home/ystridin/virtualenv/aronno/3.10/lib/python3.10/site-packages/django/db/models/fields/__init__.py:1665: RuntimeWarning: DateTimeField Ad.end_date received a naive datetime (2024-10-17 16:13:45.927297) while time zone support is active.
  warnings.warn(
/home/ystridin/virtualenv/aronno/3.10/lib/python3.10/site-packages/django/db/models/fields/__init__.py:1665: RuntimeWarning: DateTimeField Ad.start_date received a naive datetime (2024-10-17 16:13:45.927297) while time zone support is active.
  warnings.warn(
Not Found: /media/img/logo.png
Not Found: /static/vendor/bootstrap/js/bootstrap.bundle.min.js
Not Found: /cart.json
Not Found: /cart.json
Not Found: /cart.json
/home/ystridin/virtualenv/aronno/3.10/lib/python3.10/site-packages/django/db/models/fields/__init__.py:1665: RuntimeWarning: DateTimeField Ad.end_date received a naive datetime (2024-10-17 16:14:06.373412) while time zone support is active.
  warnings.warn(
/home/ystridin/virtualenv/aronno/3.10/lib/python3.10/site-packages/django/db/models/fields/__init__.py:1665: RuntimeWarning: DateTimeField Ad.start_date received a naive datetime (2024-10-17 16:14:06.373412) while time zone support is active.
  warnings.warn(
Not Found: /media/img/logo.png
Not Found: /static/vendor/bootstrap/js/bootstrap.bundle.min.js
Not Found: /cart.json
/home/ystridin/virtualenv/aronno/3.10/lib/python3.10/site-packages/django/db/models/fields/__init__.py:1665: RuntimeWarning: DateTimeField Ad.end_date received a naive datetime (2024-10-17 16:14:08.373956) while time zone support is active.
  warnings.warn(
/home/ystridin/virtualenv/aronno/3.10/lib/python3.10/site-packages/django/db/models/fields/__init__.py:1665: RuntimeWarning: DateTimeField Ad.start_date received a naive datetime (2024-10-17 16:14:08.373956) while time zone support is active.
  warnings.warn(
Not Found: /media/img/logo.png
Not Found: /static/vendor/bootstrap/js/bootstrap.bundle.min.js
Not Found: /media/img/logo.png
Not Found: /cart.json
Popup Ad Object: Popup Ad - https://teccmark.com/
Ad Object: Popup Ad - https://teccmark.com/
/home/ystridin/virtualenv/aronno/3.10/lib/python3.10/site-packages/django/db/models/fields/__init__.py:1665: RuntimeWarning: DateTimeField Ad.end_date received a naive datetime (2024-10-17 16:15:17.917515) while time zone support is active.
  warnings.warn(
/home/ystridin/virtualenv/aronno/3.10/lib/python3.10/site-packages/django/db/models/fields/__init__.py:1665: RuntimeWarning: DateTimeField Ad.start_date received a naive datetime (2024-10-17 16:15:17.917515) while time zone support is active.
  warnings.warn(
Not Found: /media/img/logo.png
Not Found: /static/vendor/bootstrap/js/bootstrap.bundle.min.js
Not Found: /cart.json
Not Found: /category/countrywide/
Not Found: /cart.json
Not Found: /favicon.ico
Not Found: /category/international/
Not Found: /cart.json
Not Found: /media/img/logo.png
Not Found: /static/vendor/bootstrap/js/bootstrap.bundle.min.js
Not Found: /cart.json
/home/ystridin/virtualenv/aronno/3.10/lib/python3.10/site-packages/django/db/models/fields/__init__.py:1665: RuntimeWarning: DateTimeField Ad.end_date received a naive datetime (2024-10-17 16:15:35.455431) while time zone support is active.
  warnings.warn(
/home/ystridin/virtualenv/aronno/3.10/lib/python3.10/site-packages/django/db/models/fields/__init__.py:1665: RuntimeWarning: DateTimeField Ad.start_date received a naive datetime (2024-10-17 16:15:35.455431) while time zone support is active.
  warnings.warn(
Not Found: /media/img/logo.png
Not Found: /static/vendor/bootstrap/js/bootstrap.bundle.min.js
Not Found: /cart.json
Not Found: /media/img/logo.png
Not Found: /static/vendor/bootstrap/js/bootstrap.bundle.min.js
Not Found: /cart.json
/home/ystridin/virtualenv/aronno/3.10/lib/python3.10/site-packages/django/db/models/fields/__init__.py:1665: RuntimeWarning: DateTimeField Ad.end_date received a naive datetime (2024-10-17 16:15:45.877184) while time zone support is active.
  warnings.warn(
/home/ystridin/virtualenv/aronno/3.10/lib/python3.10/site-packages/django/db/models/fields/__init__.py:1665: RuntimeWarning: DateTimeField Ad.start_date received a naive datetime (2024-10-17 16:15:45.877184) while time zone support is active.
  warnings.warn(
Not Found: /media/img/logo.png
Not Found: /static/vendor/bootstrap/js/bootstrap.bundle.min.js
Not Found: /cart.json
Not Found: /cart.json
/home/ystridin/virtualenv/aronno/3.10/lib/python3.10/site-packages/django/db/models/fields/__init__.py:1665: RuntimeWarning: DateTimeField Ad.end_date received a naive datetime (2024-10-17 16:15:52.344333) while time zone support is active.
  warnings.warn(
/home/ystridin/virtualenv/aronno/3.10/lib/python3.10/site-packages/django/db/models/fields/__init__.py:1665: RuntimeWarning: DateTimeField Ad.start_date received a naive datetime (2024-10-17 16:15:52.344333) while time zone support is active.
  warnings.warn(
Not Found: /media/img/logo.png
Not Found: /static/vendor/bootstrap/js/bootstrap.bundle.min.js
Not Found: /cart.json
Not Found: /cart.json
/home/ystridin/virtualenv/aronno/3.10/lib/python3.10/site-packages/django/db/models/fields/__init__.py:1665: RuntimeWarning: DateTimeField Ad.end_date received a naive datetime (2024-10-17 16:16:01.254857) while time zone support is active.
  warnings.warn(
/home/ystridin/virtualenv/aronno/3.10/lib/python3.10/site-packages/django/db/models/fields/__init__.py:1665: RuntimeWarning: DateTimeField Ad.start_date received a naive datetime (2024-10-17 16:16:01.254857) while time zone support is active.
  warnings.warn(
Not Found: /media/img/logo.png
Not Found: /static/vendor/bootstrap/js/bootstrap.bundle.min.js
Not Found: /cart.json
Not Found: /cart.json
/home/ystridin/virtualenv/aronno/3.10/lib/python3.10/site-packages/django/db/models/fields/__init__.py:1665: RuntimeWarning: DateTimeField Ad.end_date received a naive datetime (2024-10-17 16:16:05.008277) while time zone support is active.
  warnings.warn(
/home/ystridin/virtualenv/aronno/3.10/lib/python3.10/site-packages/django/db/models/fields/__init__.py:1665: RuntimeWarning: DateTimeField Ad.start_date received a naive datetime (2024-10-17 16:16:05.008277) while time zone support is active.
  warnings.warn(
Not Found: /static/vendor/bootstrap/js/bootstrap.bundle.min.js
Not Found: /media/img/logo.png
Not Found: /cart.json
Not Found: /media/img/logo.png
Not Found: /static/vendor/bootstrap/js/bootstrap.bundle.min.js
Not Found: /cart.json
/home/ystridin/virtualenv/aronno/3.10/lib/python3.10/site-packages/django/db/models/fields/__init__.py:1665: RuntimeWarning: DateTimeField Ad.end_date received a naive datetime (2024-10-17 16:16:13.086554) while time zone support is active.
  warnings.warn(
/home/ystridin/virtualenv/aronno/3.10/lib/python3.10/site-packages/django/db/models/fields/__init__.py:1665: RuntimeWarning: DateTimeField Ad.start_date received a naive datetime (2024-10-17 16:16:13.086554) while time zone support is active.
  warnings.warn(
Not Found: /media/img/logo.png
Not Found: /static/vendor/bootstrap/js/bootstrap.bundle.min.js
Not Found: /cart.json
Popup Ad Object: Popup Ad - https://teccmark.com/
Ad Object: Popup Ad - https://teccmark.com/
Popup Ad Object: Popup Ad - https://teccmark.com/
Ad Object: Popup Ad - https://teccmark.com/
/home/ystridin/virtualenv/aronno/3.10/lib/python3.10/site-packages/django/db/models/fields/__init__.py:1665: RuntimeWarning: DateTimeField Ad.end_date received a naive datetime (2024-10-17 16:17:01.513444) while time zone support is active.
  warnings.warn(
/home/ystridin/virtualenv/aronno/3.10/lib/python3.10/site-packages/django/db/models/fields/__init__.py:1665: RuntimeWarning: DateTimeField Ad.start_date received a naive datetime (2024-10-17 16:17:01.513444) while time zone support is active.
  warnings.warn(
Not Found: /static/vendor/bootstrap/js/bootstrap.bundle.min.js
Not Found: /media/img/logo.png
Not Found: /cart.json
Not Found: /media/img/logo.png
Not Found: /static/vendor/bootstrap/js/bootstrap.bundle.min.js
Not Found: /cart.json
Popup Ad Object: Popup Ad - https://teccmark.com/
Ad Object: Popup Ad - https://teccmark.com/
/home/ystridin/virtualenv/aronno/3.10/lib/python3.10/site-packages/django/db/models/fields/__init__.py:1665: RuntimeWarning: DateTimeField Ad.end_date received a naive datetime (2024-10-17 16:17:14.939251) while time zone support is active.
  warnings.warn(
/home/ystridin/virtualenv/aronno/3.10/lib/python3.10/site-packages/django/db/models/fields/__init__.py:1665: RuntimeWarning: DateTimeField Ad.start_date received a naive datetime (2024-10-17 16:17:14.939251) while time zone support is active.
  warnings.warn(
Not Found: /media/img/logo.png
Not Found: /static/vendor/bootstrap/js/bootstrap.bundle.min.js
Not Found: /cart.json
Popup Ad Object: Popup Ad - https://teccmark.com/
Ad Object: Popup Ad - https://teccmark.com/
/home/ystridin/virtualenv/aronno/3.10/lib/python3.10/site-packages/django/db/models/fields/__init__.py:1665: RuntimeWarning: DateTimeField Ad.end_date received a naive datetime (2024-10-17 16:19:27.114173) while time zone support is active.
  warnings.warn(
/home/ystridin/virtualenv/aronno/3.10/lib/python3.10/site-packages/django/db/models/fields/__init__.py:1665: RuntimeWarning: DateTimeField Ad.start_date received a naive datetime (2024-10-17 16:19:27.114173) while time zone support is active.
  warnings.warn(
Not Found: /static/vendor/bootstrap/js/bootstrap.bundle.min.js
Not Found: /media/img/logo.png
Not Found: /cart.json
Not Found: /category/countrywide/
Not Found: /cart.json
Not Found: /favicon.ico
Not Found: /media/img/logo.png
Not Found: /static/vendor/bootstrap/js/bootstrap.bundle.min.js
Not Found: /cart.json
/home/ystridin/virtualenv/aronno/3.10/lib/python3.10/site-packages/django/db/models/fields/__init__.py:1665: RuntimeWarning: DateTimeField Ad.end_date received a naive datetime (2024-10-17 16:19:38.636590) while time zone support is active.
  warnings.warn(
/home/ystridin/virtualenv/aronno/3.10/lib/python3.10/site-packages/django/db/models/fields/__init__.py:1665: RuntimeWarning: DateTimeField Ad.start_date received a naive datetime (2024-10-17 16:19:38.636590) while time zone support is active.
  warnings.warn(
Not Found: /static/vendor/bootstrap/js/bootstrap.bundle.min.js
Not Found: /media/img/logo.png
Not Found: /cart.json
Not Found: /cart.json
/home/ystridin/virtualenv/aronno/3.10/lib/python3.10/site-packages/django/db/models/fields/__init__.py:1665: RuntimeWarning: DateTimeField Ad.end_date received a naive datetime (2024-10-17 16:19:50.539348) while time zone support is active.
  warnings.warn(
/home/ystridin/virtualenv/aronno/3.10/lib/python3.10/site-packages/django/db/models/fields/__init__.py:1665: RuntimeWarning: DateTimeField Ad.start_date received a naive datetime (2024-10-17 16:19:50.539348) while time zone support is active.
  warnings.warn(
Not Found: /media/img/logo.png
Not Found: /static/vendor/bootstrap/js/bootstrap.bundle.min.js
Not Found: /cart.json
Not Found: /cart.json
/home/ystridin/virtualenv/aronno/3.10/lib/python3.10/site-packages/django/db/models/fields/__init__.py:1665: RuntimeWarning: DateTimeField Ad.end_date received a naive datetime (2024-10-17 16:20:01.024436) while time zone support is active.
  warnings.warn(
/home/ystridin/virtualenv/aronno/3.10/lib/python3.10/site-packages/django/db/models/fields/__init__.py:1665: RuntimeWarning: DateTimeField Ad.start_date received a naive datetime (2024-10-17 16:20:01.024436) while time zone support is active.
  warnings.warn(
Not Found: /media/img/logo.png
Not Found: /static/vendor/bootstrap/js/bootstrap.bundle.min.js
Not Found: /cart.json
/home/ystridin/virtualenv/aronno/3.10/lib/python3.10/site-packages/django/db/models/fields/__init__.py:1665: RuntimeWarning: DateTimeField Ad.end_date received a naive datetime (2024-10-17 16:20:32.435249) while time zone support is active.
  warnings.warn(
/home/ystridin/virtualenv/aronno/3.10/lib/python3.10/site-packages/django/db/models/fields/__init__.py:1665: RuntimeWarning: DateTimeField Ad.start_date received a naive datetime (2024-10-17 16:20:32.435249) while time zone support is active.
  warnings.warn(
Not Found: /media/img/logo.png
Not Found: /static/vendor/bootstrap/js/bootstrap.bundle.min.js
Not Found: /cart.json
Not Found: /media/img/logo.png
Not Found: /static/vendor/bootstrap/js/bootstrap.bundle.min.js
Not Found: /cart.json
Popup Ad Object: Popup Ad - https://teccmark.com/
Ad Object: Popup Ad - https://teccmark.com/
/home/ystridin/virtualenv/aronno/3.10/lib/python3.10/site-packages/django/db/models/fields/__init__.py:1665: RuntimeWarning: DateTimeField Ad.end_date received a naive datetime (2024-10-17 16:20:41.886198) while time zone support is active.
  warnings.warn(
/home/ystridin/virtualenv/aronno/3.10/lib/python3.10/site-packages/django/db/models/fields/__init__.py:1665: RuntimeWarning: DateTimeField Ad.start_date received a naive datetime (2024-10-17 16:20:41.886198) while time zone support is active.
  warnings.warn(
Not Found: /media/img/logo.png
Not Found: /static/vendor/bootstrap/js/bootstrap.bundle.min.js
Not Found: /cart.json
Not Found: /media/img/logo.png
Not Found: /static/vendor/bootstrap/js/bootstrap.bundle.min.js
Not Found: /cart.json
Popup Ad Object: Popup Ad - https://teccmark.com/
Ad Object: Popup Ad - https://teccmark.com/
/home/ystridin/virtualenv/aronno/3.10/lib/python3.10/site-packages/django/db/models/fields/__init__.py:1665: RuntimeWarning: DateTimeField Ad.end_date received a naive datetime (2024-10-17 16:20:53.764318) while time zone support is active.
  warnings.warn(
/home/ystridin/virtualenv/aronno/3.10/lib/python3.10/site-packages/django/db/models/fields/__init__.py:1665: RuntimeWarning: DateTimeField Ad.start_date received a naive datetime (2024-10-17 16:20:53.764318) while time zone support is active.
  warnings.warn(
Not Found: /media/img/logo.png
Not Found: /static/vendor/bootstrap/js/bootstrap.bundle.min.js
Not Found: /cart.json
Not Found: /media/img/logo.png
Not Found: /static/vendor/bootstrap/js/bootstrap.bundle.min.js
Not Found: /cart.json
Popup Ad Object: Popup Ad - https://teccmark.com/
Ad Object: Popup Ad - https://teccmark.com/
/home/ystridin/virtualenv/aronno/3.10/lib/python3.10/site-packages/django/db/models/fields/__init__.py:1665: RuntimeWarning: DateTimeField Ad.end_date received a naive datetime (2024-10-17 16:20:58.821807) while time zone support is active.
  warnings.warn(
/home/ystridin/virtualenv/aronno/3.10/lib/python3.10/site-packages/django/db/models/fields/__init__.py:1665: RuntimeWarning: DateTimeField Ad.start_date received a naive datetime (2024-10-17 16:20:58.821807) while time zone support is active.
  warnings.warn(
Not Found: /media/img/logo.png
Not Found: /static/vendor/bootstrap/js/bootstrap.bundle.min.js
Not Found: /cart.json
Popup Ad Object: Popup Ad - https://teccmark.com/
Popup Ad Object: Popup Ad - https://teccmark.com/
Ad Object: Popup Ad - https://teccmark.com/
Not Found: /category/chief Advisor/category/chief%20Advisor/
Not Found: /cart.json
Not Found: /favicon.ico
Not Found: /category/chief Advisor/category/chief%20Advisor/
Not Found: /cart.json
Not Found: /media/img/logo.png
Not Found: /static/vendor/bootstrap/js/bootstrap.bundle.min.js
Not Found: /media/img/logo.png
Not Found: /cart.json
Not Found: /media/img/logo.png
Not Found: /static/vendor/bootstrap/js/bootstrap.bundle.min.js
Not Found: /static/vendor/bootstrap/js/bootstrap.bundle.min.js
Not Found: /cart.json
/home/ystridin/virtualenv/aronno/3.10/lib/python3.10/site-packages/django/db/models/fields/__init__.py:1665: RuntimeWarning: DateTimeField Ad.end_date received a naive datetime (2024-10-17 16:21:34.371963) while time zone support is active.
  warnings.warn(
/home/ystridin/virtualenv/aronno/3.10/lib/python3.10/site-packages/django/db/models/fields/__init__.py:1665: RuntimeWarning: DateTimeField Ad.start_date received a naive datetime (2024-10-17 16:21:34.371963) while time zone support is active.
  warnings.warn(
Not Found: /media/img/logo.png
Not Found: /static/vendor/bootstrap/js/bootstrap.bundle.min.js
Not Found: /cart.json
Not Found: /media/img/logo.png
Not Found: /static/vendor/bootstrap/js/bootstrap.bundle.min.js
Not Found: /media/img/logo.png
Not Found: /cart.json
Not Found: /category/chief Advisor/category/chief%20Advisor/
Not Found: /cart.json
Popup Ad Object: Popup Ad - https://teccmark.com/
Popup Ad Object: Popup Ad - https://teccmark.com/
Ad Object: Popup Ad - https://teccmark.com/
Not Found: /cart.json
Not Found: /cart.json
Not Found: /cart.json
Not Found: /category/chief Advisor/category/chief%20Advisor/
Not Found: /cart.json
Not Found: /category/chief Advisor/category/chief%20Advisor/
Not Found: /cart.json
Not Found: /category/chief Advisor/category/chief%20Advisor/
Not Found: /cart.json
Not Found: /category/chief Advisor/category/chief%20Advisor/
Not Found: /cart.json
Not Found: /cart.json
Not Found: /category/chief Advisor/category/chief%20Advisor/
Not Found: /cart.json
Not Found: /cart.json
Not Found: /cart.json
Not Found: /category/chief Advisor/category/chief%20Advisor/
Not Found: /cart.json
Not Found: /category/chief Advisor/category/chief%20Advisor/
Not Found: /cart.json
Not Found: /favicon.ico
Not Found: /cart.json
Not Found: /media/img/logo.png
Not Found: /static/vendor/bootstrap/js/bootstrap.bundle.min.js
Not Found: /cart.json
Popup Ad Object: Popup Ad - https://teccmark.com/
Ad Object: Popup Ad - https://teccmark.com/
Popup Ad Object: Popup Ad - https://teccmark.com/
Ad Object: Popup Ad - https://teccmark.com/
/home/ystridin/virtualenv/aronno/3.10/lib/python3.10/site-packages/django/db/models/fields/__init__.py:1665: RuntimeWarning: DateTimeField Ad.end_date received a naive datetime (2024-10-17 16:23:24.493643) while time zone support is active.
  warnings.warn(
/home/ystridin/virtualenv/aronno/3.10/lib/python3.10/site-packages/django/db/models/fields/__init__.py:1665: RuntimeWarning: DateTimeField Ad.start_date received a naive datetime (2024-10-17 16:23:24.493643) while time zone support is active.
  warnings.warn(
Not Found: /media/img/logo.png
Not Found: /static/vendor/bootstrap/js/bootstrap.bundle.min.js
Not Found: /cart.json
Not Found: /media/img/logo.png
Not Found: /static/vendor/bootstrap/js/bootstrap.bundle.min.js
Not Found: /cart.json
Popup Ad Object: Popup Ad - https://teccmark.com/
Ad Object: Popup Ad - https://teccmark.com/
Not Found: /static/vendor/bootstrap/js/bootstrap.bundle.min.js
Not Found: /media/img/logo.png
Not Found: /media/img/logo.png
Not Found: /cart.json
Not Found: /category/countrywide/
Not Found: /favicon.ico
Not Found: /cart.json
Not Found: /category/countrywide/
Not Found: /cart.json
Not Found: /favicon.ico
Not Found: /static/vendor/bootstrap/js/bootstrap.bundle.min.js
Not Found: /media/img/logo.png
Not Found: /cart.json
Not Found: /media/img/logo.png
Not Found: /static/vendor/bootstrap/js/bootstrap.bundle.min.js
Not Found: /media/img/logo.png
Not Found: /cart.json
Popup Ad Object: Popup Ad - https://teccmark.com/
Ad Object: Popup Ad - https://teccmark.com/
Popup Ad Object: Popup Ad - https://teccmark.com/
Ad Object: Popup Ad - https://teccmark.com/
Not Found: /category/countrywide/
Not Found: /cart.json
Not Found: /favicon.ico
Not Found: /cart.json
Not Found: /.well-known/traffic-advice
Not Found: /media/img/logo.png
Not Found: /static/vendor/bootstrap/js/bootstrap.bundle.min.js
Not Found: /media/img/logo.png
Not Found: /media/img/logo.png
Popup Ad Object: Popup Ad - https://teccmark.com/
Ad Object: Popup Ad - https://teccmark.com/
Not Found: /android-icon.png
Not Found: /apple-touch-icon.png
Not Found: /media/img/logo.png
Not Found: /media/img/logo.png
Not Found: /static/vendor/bootstrap/js/bootstrap.bundle.min.js
Popup Ad Object: Popup Ad - https://teccmark.com/
Ad Object: Popup Ad - https://teccmark.com/
Popup Ad Object: Popup Ad - https://teccmark.com/
Ad Object: Popup Ad - https://teccmark.com/
/home/ystridin/virtualenv/aronno/3.10/lib/python3.10/site-packages/django/db/models/fields/__init__.py:1665: RuntimeWarning: DateTimeField Ad.end_date received a naive datetime (2024-10-17 16:28:05.031657) while time zone support is active.
  warnings.warn(
/home/ystridin/virtualenv/aronno/3.10/lib/python3.10/site-packages/django/db/models/fields/__init__.py:1665: RuntimeWarning: DateTimeField Ad.start_date received a naive datetime (2024-10-17 16:28:05.031657) while time zone support is active.
  warnings.warn(
Not Found: /media/img/logo.png
Not Found: /static/vendor/bootstrap/js/bootstrap.bundle.min.js
Not Found: /cart.json
Not Found: /media/img/logo.png
Not Found: /static/vendor/bootstrap/js/bootstrap.bundle.min.js
Not Found: /media/img/logo.png
Not Found: /static/vendor/bootstrap/js/bootstrap.bundle.min.js
Not Found: /media/img/logo.png
Not Found: /cart.json
Not Found: /media/img/logo.png
Not Found: /static/vendor/bootstrap/js/bootstrap.bundle.min.js
Not Found: /cart.json
Not Found: /media/img/logo.png
Not Found: /static/vendor/bootstrap/js/bootstrap.bundle.min.js
Not Found: /media/img/logo.png
Not Found: /cart.json
Not Found: /cart.json
Not Found: /cart.json
Popup Ad Object: Popup Ad - https://teccmark.com/
Ad Object: Popup Ad - https://teccmark.com/
Not Found: /cart.json
Not Found: /media/img/logo.png
Not Found: /static/vendor/bootstrap/js/bootstrap.bundle.min.js
Not Found: /media/img/logo.png
Popup Ad Object: Popup Ad - https://teccmark.com/
Ad Object: Popup Ad - https://teccmark.com/
Popup Ad Object: Popup Ad - https://teccmark.com/
Ad Object: Popup Ad - https://teccmark.com/
Popup Ad Object: Popup Ad - https://teccmark.com/
Ad Object: Popup Ad - https://teccmark.com/
Popup Ad Object: Popup Ad - https://teccmark.com/
Ad Object: Popup Ad - https://teccmark.com/
Popup Ad Object: Popup Ad - https://teccmark.com/
Ad Object: Popup Ad - https://teccmark.com/
Popup Ad Object: Popup Ad - https://teccmark.com/
Ad Object: Popup Ad - https://teccmark.com/
Popup Ad Object: Popup Ad - https://teccmark.com/
Ad Object: Popup Ad - https://teccmark.com/
Popup Ad Object: Popup Ad - https://teccmark.com/
Ad Object: Popup Ad - https://teccmark.com/
Not Found: /media/img/logo.png
Not Found: /static/vendor/bootstrap/js/bootstrap.bundle.min.js
Not Found: /media/img/logo.png
Not Found: /cart.json
Popup Ad Object: Popup Ad - https://teccmark.com/
Ad Object: Popup Ad - https://teccmark.com/
Not Found: /category/countrywide/
Not Found: /cart.json
Not Found: /favicon.ico
Not Found: /static/vendor/bootstrap/js/bootstrap.bundle.min.js
Not Found: /cart.json
Not Found: /media/img/logo.png
Not Found: /static/vendor/bootstrap/js/bootstrap.bundle.min.js
Not Found: /cart.json
Not Found: /static/vendor/bootstrap/js/bootstrap.bundle.min.js
Not Found: /media/img/logo.png
Not Found: /cart.json
Popup Ad Object: Popup Ad - https://teccmark.com/
Ad Object: Popup Ad - https://teccmark.com/
Popup Ad Object: Popup Ad - https://teccmark.com/
Ad Object: Popup Ad - https://teccmark.com/
Not Found: /media/img/logo.png
Not Found: /static/vendor/bootstrap/js/bootstrap.bundle.min.js
Not Found: /cart.json
Not Found: /media/img/logo.png
Not Found: /static/vendor/bootstrap/js/bootstrap.bundle.min.js
Not Found: /cart.json
Not Found: /category/countrywide/
Not Found: /cart.json
Not Found: /favicon.ico
Not Found: /cart.json
Not Found: /media/img/logo.png
Not Found: /static/vendor/bootstrap/js/bootstrap.bundle.min.js
Not Found: /cart.json
Not Found: /media/img/logo.png
Not Found: /static/vendor/bootstrap/js/bootstrap.bundle.min.js
Not Found: /media/img/logo.png
Popup Ad Object: Popup Ad - https://teccmark.com/
Ad Object: Popup Ad - https://teccmark.com/
Popup Ad Object: Popup Ad - https://teccmark.com/
Ad Object: Popup Ad - https://teccmark.com/
Popup Ad Object: Popup Ad - https://teccmark.com/
Ad Object: Popup Ad - https://teccmark.com/
Popup Ad Object: Popup Ad - https://teccmark.com/
Ad Object: Popup Ad - https://teccmark.com/
Not Found: /static/vendor/bootstrap/js/bootstrap.bundle.min.js
Not Found: /media/img/logo.png
Not Found: /category/countrywide/
Not Found: /media/img/logo.png
Not Found: /static/vendor/bootstrap/js/bootstrap.bundle.min.js
Popup Ad Object: Popup Ad - https://teccmark.com/
Ad Object: Popup Ad - https://teccmark.com/
Popup Ad Object: Popup Ad - https://teccmark.com/
Ad Object: Popup Ad - https://teccmark.com/
Popup Ad Object: Popup Ad - https://teccmark.com/
Ad Object: Popup Ad - https://teccmark.com/
Not Found: /category/crime/
Not Found: /category/crime/
Not Found: /favicon.ico
Not Found: /category/crime/
Not Found: /category/crime/
Not Found: /category/crime/
Not Found: /favicon.ico
Not Found: /static/vendor/bootstrap/js/bootstrap.bundle.min.js
Not Found: /media/img/logo.png
Not Found: /media/img/logo.png
Not Found: /static/vendor/bootstrap/js/bootstrap.bundle.min.js
Not Found: /media/img/logo.png
Not Found: /static/vendor/bootstrap/js/bootstrap.bundle.min.js
Not Found: /media/img/logo.png
Not Found: /media/img/logo.png
Not Found: /static/vendor/bootstrap/js/bootstrap.bundle.min.js
Not Found: /media/img/logo.png
Not Found: /static/vendor/bootstrap/js/bootstrap.bundle.min.js
Not Found: /media/img/logo.png
Not Found: /media/img/logo.png
Not Found: /static/vendor/bootstrap/js/bootstrap.bundle.min.js
Not Found: /static/vendor/bootstrap/js/bootstrap.bundle.min.js
Not Found: /media/img/logo.png
Popup Ad Object: Popup Ad - https://teccmark.com/
Ad Object: Popup Ad - https://teccmark.com/
Popup Ad Object: Popup Ad - https://teccmark.com/
Ad Object: Popup Ad - https://teccmark.com/
Popup Ad Object: Popup Ad - https://teccmark.com/
Ad Object: Popup Ad - https://teccmark.com/
Popup Ad Object: Popup Ad - https://teccmark.com/
Ad Object: Popup Ad - https://teccmark.com/
Popup Ad Object: Popup Ad - https://teccmark.com/
Ad Object: Popup Ad - https://teccmark.com/
Popup Ad Object: Popup Ad - https://teccmark.com/
Ad Object: Popup Ad - https://teccmark.com/
Not Found: /static/vendor/bootstrap/js/bootstrap.bundle.min.js
Not Found: /media/img/logo.png
Popup Ad Object: Popup Ad - https://teccmark.com/
Ad Object: Popup Ad - https://teccmark.com/
Not Found: /media/img/logo.png
Not Found: /static/vendor/bootstrap/js/bootstrap.bundle.min.js
Popup Ad Object: Popup Ad - https://teccmark.com/
Ad Object: Popup Ad - https://teccmark.com/
Not Found: /media/img/logo.png
Not Found: /media/img/logo.png
Not Found: /static/vendor/bootstrap/js/bootstrap.bundle.min.js
Not Found: /media/img/logo.png
Not Found: /media/img/logo.png
Not Found: /static/vendor/bootstrap/js/bootstrap.bundle.min.js
Not Found: /static/vendor/bootstrap/js/bootstrap.bundle.min.js
Not Found: /media/img/logo.png
Not Found: /media/img/logo.png
Not Found: /media/img/logo.png
Not Found: /static/vendor/bootstrap/js/bootstrap.bundle.min.js
Not Found: /static/vendor/bootstrap/js/bootstrap.bundle.min.js
Not Found: /news/19/android-icon.png
Not Found: /news/19/apple-touch-icon.png
Not Found: /static/vendor/bootstrap/js/bootstrap.bundle.min.js
Not Found: /media/img/logo.png
Not Found: /media/img/logo.png
Not Found: /media/img/logo.png
Not Found: /media/img/logo.png
Not Found: /static/vendor/bootstrap/js/bootstrap.bundle.min.js
Not Found: /media/img/logo.png
Popup Ad Object: Popup Ad - https://teccmark.com/
Ad Object: Popup Ad - https://teccmark.com/
Not Found: /android-icon.png
Not Found: /apple-touch-icon.png
Not Found: /static/vendor/bootstrap/js/bootstrap.bundle.min.js
Not Found: /media/img/logo.png
Not Found: /media/img/logo.png
Not Found: /news/31/
Not Found: /favicon.ico
Not Found: /category/crime/
Not Found: /media/img/logo.png
Not Found: /static/vendor/bootstrap/js/bootstrap.bundle.min.js
Not Found: /media/img/logo.png
Not Found: /media/img/logo.png
Not Found: /static/vendor/bootstrap/js/bootstrap.bundle.min.js
Not Found: /media/img/logo.png
Not Found: /media/img/logo.png
Not Found: /media/img/logo.png
Popup Ad Object: Popup Ad - https://teccmark.com/
Ad Object: Popup Ad - https://teccmark.com/
Popup Ad Object: Popup Ad - https://teccmark.com/
Ad Object: Popup Ad - https://teccmark.com/
Popup Ad Object: Popup Ad - https://teccmark.com/
Ad Object: Popup Ad - https://teccmark.com/
Popup Ad Object: Popup Ad - https://teccmark.com/
Ad Object: Popup Ad - https://teccmark.com/
Popup Ad Object: Popup Ad - https://teccmark.com/
Popup Ad Object: Popup Ad - https://teccmark.com/
Ad Object: Popup Ad - https://teccmark.com/
Popup Ad Object: Popup Ad - https://teccmark.com/
Ad Object: Popup Ad - https://teccmark.com/
Popup Ad Object: Popup Ad - https://teccmark.com/
Ad Object: Popup Ad - https://teccmark.com/
Not Found: /news/30/
Popup Ad Object: Popup Ad - https://teccmark.com/
Ad Object: Popup Ad - https://teccmark.com/
/home/ystridin/virtualenv/aronno/3.10/lib/python3.10/site-packages/django/db/models/fields/__init__.py:1665: RuntimeWarning: DateTimeField Ad.end_date received a naive datetime (2024-10-17 18:31:21.515356) while time zone support is active.
  warnings.warn(
/home/ystridin/virtualenv/aronno/3.10/lib/python3.10/site-packages/django/db/models/fields/__init__.py:1665: RuntimeWarning: DateTimeField Ad.start_date received a naive datetime (2024-10-17 18:31:21.515356) while time zone support is active.
  warnings.warn(
/home/ystridin/virtualenv/aronno/3.10/lib/python3.10/site-packages/django/db/models/fields/__init__.py:1665: RuntimeWarning: DateTimeField Ad.end_date received a naive datetime (2024-10-17 18:31:21.630943) while time zone support is active.
  warnings.warn(
/home/ystridin/virtualenv/aronno/3.10/lib/python3.10/site-packages/django/db/models/fields/__init__.py:1665: RuntimeWarning: DateTimeField Ad.start_date received a naive datetime (2024-10-17 18:31:21.630943) while time zone support is active.
  warnings.warn(
/home/ystridin/virtualenv/aronno/3.10/lib/python3.10/site-packages/django/db/models/fields/__init__.py:1665: RuntimeWarning: DateTimeField Ad.end_date received a naive datetime (2024-10-17 18:31:25.694112) while time zone support is active.
  warnings.warn(
/home/ystridin/virtualenv/aronno/3.10/lib/python3.10/site-packages/django/db/models/fields/__init__.py:1665: RuntimeWarning: DateTimeField Ad.start_date received a naive datetime (2024-10-17 18:31:25.694112) while time zone support is active.
  warnings.warn(
Popup Ad Object: Popup Ad - https://teccmark.com/
Ad Object: Popup Ad - https://teccmark.com/
Popup Ad Object: Popup Ad - https://teccmark.com/
Ad Object: Popup Ad - https://teccmark.com/
Popup Ad Object: Popup Ad - https://teccmark.com/
Ad Object: Popup Ad - https://teccmark.com/
Popup Ad Object: Popup Ad - https://teccmark.com/
Ad Object: Popup Ad - https://teccmark.com/
Popup Ad Object: Popup Ad - https://teccmark.com/
Popup Ad Object: Popup Ad - https://teccmark.com/
Ad Object: Popup Ad - https://teccmark.com/
/home/ystridin/virtualenv/aronno/3.10/lib/python3.10/site-packages/django/db/models/fields/__init__.py:1665: RuntimeWarning: DateTimeField Ad.end_date received a naive datetime (2024-10-18 00:49:10.195883) while time zone support is active.
  warnings.warn(
/home/ystridin/virtualenv/aronno/3.10/lib/python3.10/site-packages/django/db/models/fields/__init__.py:1665: RuntimeWarning: DateTimeField Ad.start_date received a naive datetime (2024-10-18 00:49:10.195883) while time zone support is active.
  warnings.warn(
Popup Ad Object: Popup Ad - https://teccmark.com/
Popup Ad Object: Popup Ad - https://teccmark.com/
Ad Object: Popup Ad - https://teccmark.com/
/home/ystridin/virtualenv/aronno/3.10/lib/python3.10/site-packages/django/db/models/fields/__init__.py:1665: RuntimeWarning: DateTimeField Ad.end_date received a naive datetime (2024-10-18 01:50:00.592511) while time zone support is active.
  warnings.warn(
/home/ystridin/virtualenv/aronno/3.10/lib/python3.10/site-packages/django/db/models/fields/__init__.py:1665: RuntimeWarning: DateTimeField Ad.start_date received a naive datetime (2024-10-18 01:50:00.592511) while time zone support is active.
  warnings.warn(
Popup Ad Object: Popup Ad - https://teccmark.com/
Ad Object: Popup Ad - https://teccmark.com/
Popup Ad Object: Popup Ad - https://teccmark.com/
Ad Object: Popup Ad - https://teccmark.com/
Popup Ad Object: Popup Ad - https://teccmark.com/
Ad Object: Popup Ad - https://teccmark.com/
Popup Ad Object: Popup Ad - https://teccmark.com/
Ad Object: Popup Ad - https://teccmark.com/
Popup Ad Object: Popup Ad - https://teccmark.com/
Ad Object: Popup Ad - https://teccmark.com/
[UID:1472][1349174] Child process with pid: 1364353 was killed by signal: 15, core dumped: no
Popup Ad Object: Popup Ad - https://teccmark.com/
Ad Object: Popup Ad - https://teccmark.com/
Popup Ad Object: Popup Ad - https://teccmark.com/
Ad Object: Popup Ad - https://teccmark.com/
Popup Ad Object: Popup Ad - https://teccmark.com/
Ad Object: Popup Ad - https://teccmark.com/
Popup Ad Object: Popup Ad - https://teccmark.com/
Ad Object: Popup Ad - https://teccmark.com/
Popup Ad Object: Popup Ad - https://teccmark.com/
Popup Ad Object: Popup Ad - https://teccmark.com/
Popup Ad Object: Popup Ad - https://teccmark.com/
Ad Object: Popup Ad - https://teccmark.com/
Popup Ad Object: Popup Ad - https://teccmark.com/
Ad Object: Popup Ad - https://teccmark.com/
Popup Ad Object: Popup Ad - https://teccmark.com/
Ad Object: Popup Ad - https://teccmark.com/
Popup Ad Object: Popup Ad - https://teccmark.com/
Ad Object: Popup Ad - https://teccmark.com/
Popup Ad Object: Popup Ad - https://teccmark.com/
Ad Object: Popup Ad - https://teccmark.com/
Popup Ad Object: Popup Ad - https://teccmark.com/
Ad Object: Popup Ad - https://teccmark.com/
Popup Ad Object: Popup Ad - https://teccmark.com/
Ad Object: Popup Ad - https://teccmark.com/
Popup Ad Object: Popup Ad - https://teccmark.com/
Ad Object: Popup Ad - https://teccmark.com/
Popup Ad Object: Popup Ad - https://teccmark.com/
Ad Object: Popup Ad - https://teccmark.com/
Not Found: /media/img/logo.png
Not Found: /static/vendor/bootstrap/js/bootstrap.bundle.min.js
Not Found: /media/img/logo.png
Popup Ad Object: Popup Ad - https://teccmark.com/
Ad Object: Popup Ad - https://teccmark.com/
Not Found: /.well-known/traffic-advice
Not Found: /media/img/logo.png
Not Found: /static/vendor/bootstrap/js/bootstrap.bundle.min.js
Popup Ad Object: Popup Ad - https://teccmark.com/
Ad Object: Popup Ad - https://teccmark.com/
Not Found: /media/img/logo.png
Popup Ad Object: Popup Ad - https://teccmark.com/
Ad Object: Popup Ad - https://teccmark.com/
Not Found: /android-icon.png
Not Found: /apple-touch-icon.png
Not Found: /media/img/logo.png
Not Found: /static/vendor/bootstrap/js/bootstrap.bundle.min.js
Not Found: /media/img/logo.png
Not Found: /static/vendor/bootstrap/js/bootstrap.bundle.min.js
Popup Ad Object: Popup Ad - https://teccmark.com/
Ad Object: Popup Ad - https://teccmark.com/
Not Found: /favicon.ico
Not Found: /static/vendor/bootstrap/js/bootstrap.bundle.min.js
Not Found: /media/img/logo.png
Not Found: /media/img/logo.png
Popup Ad Object: Popup Ad - https://teccmark.com/
Ad Object: Popup Ad - https://teccmark.com/
Not Found: /wp-includes/wlwmanifest.xml
Not Found: /xmlrpc.php
Not Found: /blog/wp-includes/wlwmanifest.xml
Not Found: /web/wp-includes/wlwmanifest.xml
Not Found: /wordpress/wp-includes/wlwmanifest.xml
Not Found: /website/wp-includes/wlwmanifest.xml
Not Found: /wp/wp-includes/wlwmanifest.xml
Not Found: /news/wp-includes/wlwmanifest.xml
Not Found: /2020/wp-includes/wlwmanifest.xml
Not Found: /2019/wp-includes/wlwmanifest.xml
Not Found: /shop/wp-includes/wlwmanifest.xml
Not Found: /wp1/wp-includes/wlwmanifest.xml
Not Found: /test/wp-includes/wlwmanifest.xml
Not Found: /wp2/wp-includes/wlwmanifest.xml
Not Found: /site/wp-includes/wlwmanifest.xml
Not Found: /cms/wp-includes/wlwmanifest.xml
Not Found: /sito/wp-includes/wlwmanifest.xml
Popup Ad Object: Popup Ad - https://teccmark.com/
Ad Object: Popup Ad - https://teccmark.com/
Popup Ad Object: Popup Ad - https://teccmark.com/
Ad Object: Popup Ad - https://teccmark.com/
Popup Ad Object: Popup Ad - https://teccmark.com/
Ad Object: Popup Ad - https://teccmark.com/
Not Found: /robots.txt
Not Found: /section/expatriate/
Not Found: /robots.txt
Popup Ad Object: Popup Ad - https://teccmark.com/
Ad Object: Popup Ad - https://teccmark.com/
Not Found: /favicon.ico
Not Found: /static/vendor/bootstrap/js/bootstrap.bundle.min.js
Not Found: /media/img/logo.png
Not Found: /media/img/logo.png
Not Found: /media/img/logo.png
Not Found: /android-icon.png
Not Found: /apple-touch-icon.png
Not Found: /media/img/logo.png
Not Found: /static/vendor/bootstrap/js/bootstrap.bundle.min.js
Not Found: /static/vendor/bootstrap/js/bootstrap.bundle.min.js
Not Found: /news/24/android-icon.png
Not Found: /news/24/apple-touch-icon.png
Popup Ad Object: Popup Ad - https://teccmark.com/
Not Found: /media/img/logo.png
Not Found: /static/vendor/bootstrap/js/bootstrap.bundle.min.js
Not Found: /static/vendor/bootstrap/js/bootstrap.bundle.min.js
Not Found: /news/26/android-icon.png
Not Found: /news/26/apple-touch-icon.png
Not Found: /category/countrywide/
Not Found: /favicon.ico
Not Found: /static/vendor/bootstrap/js/bootstrap.bundle.min.js
Not Found: /static/vendor/bootstrap/js/bootstrap.bundle.min.js
Not Found: /android-icon.png
Popup Ad Object: Popup Ad - https://teccmark.com/
Popup Ad Object: Popup Ad - https://teccmark.com/
Ad Object: Popup Ad - https://teccmark.com/
Not Found: /static/vendor/bootstrap/js/bootstrap.bundle.min.js
Not Found: /category/other_sports/
Not Found: /static/vendor/bootstrap/js/bootstrap.bundle.min.js
Popup Ad Object: Popup Ad - https://teccmark.com/
Ad Object: Popup Ad - https://teccmark.com/
Not Found: /media/img/logo.png
Not Found: /static/vendor/bootstrap/js/bootstrap.bundle.min.js
Not Found: /static/vendor/bootstrap/js/bootstrap.bundle.min.js
Popup Ad Object: Popup Ad - https://teccmark.com/
Not Found: /media/img/logo.png
Not Found: /static/vendor/bootstrap/js/bootstrap.bundle.min.js
Not Found: /static/vendor/bootstrap/js/bootstrap.bundle.min.js
Popup Ad Object: Popup Ad - https://teccmark.com/
/home/ystridin/virtualenv/aronno/3.10/lib/python3.10/site-packages/django/db/models/fields/__init__.py:1665: RuntimeWarning: DateTimeField Ad.end_date received a naive datetime (2024-10-18 08:41:50.299939) while time zone support is active.
  warnings.warn(
/home/ystridin/virtualenv/aronno/3.10/lib/python3.10/site-packages/django/db/models/fields/__init__.py:1665: RuntimeWarning: DateTimeField Ad.start_date received a naive datetime (2024-10-18 08:41:50.299939) while time zone support is active.
  warnings.warn(
Not Found: /category/olympics/
Not Found: /media/img/logo.png
Not Found: /static/vendor/bootstrap/js/bootstrap.bundle.min.js
Not Found: /media/img/logo.png
Not Found: /static/vendor/bootstrap/js/bootstrap.bundle.min.js
Not Found: /news/26/android-icon.png
Not Found: /news/26/apple-touch-icon.png
Popup Ad Object: Popup Ad - https://teccmark.com/
Popup Ad Object: Popup Ad - https://teccmark.com/
Ad Object: Popup Ad - https://teccmark.com/
Popup Ad Object: Popup Ad - https://teccmark.com/
Not Found: /static/vendor/bootstrap/js/bootstrap.bundle.min.js
Not Found: /media/img/logo.png
Not Found: /static/vendor/bootstrap/js/bootstrap.bundle.min.js
Not Found: /news/26/android-icon.png
Not Found: /news/26/apple-touch-icon.png
Not Found: /media/img/logo.png
Not Found: /static/vendor/bootstrap/js/bootstrap.bundle.min.js
Not Found: /static/vendor/bootstrap/js/bootstrap.bundle.min.js
Popup Ad Object: Popup Ad - https://teccmark.com/
Not Found: /robots.txt
Not Found: /news/46/apple-touch-icon.png
Not Found: /news/46/android-icon.png
Not Found: /category/wildlife/apple-touch-icon.png
Not Found: /category/wildlife/android-icon.png
Popup Ad Object: Popup Ad - https://teccmark.com/
Popup Ad Object: Popup Ad - https://teccmark.com/
Ad Object: Popup Ad - https://teccmark.com/
Not Found: /static/vendor/bootstrap/js/bootstrap.bundle.min.js
Not Found: /news/33/
Not Found: /news/44/
Not Found: /media/img/logo.png
Not Found: /static/vendor/bootstrap/js/bootstrap.bundle.min.js
Not Found: /static/vendor/bootstrap/js/bootstrap.bundle.min.js
Not Found: /news/26/android-icon.png
Not Found: /news/26/apple-touch-icon.png
Not Found: /news/23/
Not Found: /static/vendor/bootstrap/js/bootstrap.bundle.min.js
Not Found: /android-icon.png
Not Found: /apple-touch-icon.png
Not Found: /media/img/logo.png
Not Found: /static/vendor/bootstrap/js/bootstrap.bundle.min.js
Not Found: /static/vendor/bootstrap/js/bootstrap.bundle.min.js
Not Found: /news/27/android-icon.png
Not Found: /news/27/apple-touch-icon.png
Not Found: /static/vendor/bootstrap/js/bootstrap.bundle.min.js
Popup Ad Object: Popup Ad - https://teccmark.com/
Popup Ad Object: Popup Ad - https://teccmark.com/
Ad Object: Popup Ad - https://teccmark.com/
Popup Ad Object: Popup Ad - https://teccmark.com/
Ad Object: Popup Ad - https://teccmark.com/
Popup Ad Object: Popup Ad - https://teccmark.com/
Ad Object: Popup Ad - https://teccmark.com/
Not Found: /static/vendor/bootstrap/js/bootstrap.bundle.min.js
Not Found: /favicon.ico
Popup Ad Object: Popup Ad - https://teccmark.com/
Ad Object: Popup Ad - https://teccmark.com/
Popup Ad Object: Popup Ad - https://teccmark.com/
Ad Object: Popup Ad - https://teccmark.com/
Not Found: /category/religion/
Popup Ad Object: Popup Ad - https://teccmark.com/
Ad Object: Popup Ad - https://teccmark.com/
/home/ystridin/virtualenv/aronno/3.10/lib/python3.10/site-packages/django/db/models/fields/__init__.py:1665: RuntimeWarning: DateTimeField Ad.end_date received a naive datetime (2024-10-18 15:30:11.291224) while time zone support is active.
  warnings.warn(
/home/ystridin/virtualenv/aronno/3.10/lib/python3.10/site-packages/django/db/models/fields/__init__.py:1665: RuntimeWarning: DateTimeField Ad.start_date received a naive datetime (2024-10-18 15:30:11.291224) while time zone support is active.
  warnings.warn(
Popup Ad Object: Popup Ad - https://teccmark.com/
Ad Object: Popup Ad - https://teccmark.com/
/home/ystridin/virtualenv/aronno/3.10/lib/python3.10/site-packages/django/db/models/fields/__init__.py:1665: RuntimeWarning: DateTimeField Ad.end_date received a naive datetime (2024-10-18 15:37:03.272260) while time zone support is active.
  warnings.warn(
/home/ystridin/virtualenv/aronno/3.10/lib/python3.10/site-packages/django/db/models/fields/__init__.py:1665: RuntimeWarning: DateTimeField Ad.start_date received a naive datetime (2024-10-18 15:37:03.272260) while time zone support is active.
  warnings.warn(
Not Found: /category/travel/
Popup Ad Object: Popup Ad - https://teccmark.com/
Ad Object: Popup Ad - https://teccmark.com/
Not Found: /news/29/
Not Found: /apple-touch-icon.png
Not Found: /android-icon.png
Not Found: /favicon.ico
Popup Ad Object: Popup Ad - https://teccmark.com/
Ad Object: Popup Ad - https://teccmark.com/
Not Found: /robots.txt
Popup Ad Object: Popup Ad - https://teccmark.com/
Ad Object: Popup Ad - https://teccmark.com/
Not Found: /apple-touch-icon.png
Not Found: /android-icon.png
Not Found: /favicon.ico
Popup Ad Object: Popup Ad - https://teccmark.com/
Ad Object: Popup Ad - https://teccmark.com/
/home/ystridin/virtualenv/aronno/3.10/lib/python3.10/site-packages/django/db/models/fields/__init__.py:1665: RuntimeWarning: DateTimeField Ad.end_date received a naive datetime (2024-10-18 18:12:13.534024) while time zone support is active.
  warnings.warn(
/home/ystridin/virtualenv/aronno/3.10/lib/python3.10/site-packages/django/db/models/fields/__init__.py:1665: RuntimeWarning: DateTimeField Ad.start_date received a naive datetime (2024-10-18 18:12:13.534024) while time zone support is active.
  warnings.warn(
Not Found: /static/vendor/bootstrap/js/bootstrap.bundle.min.js
/home/ystridin/virtualenv/aronno/3.10/lib/python3.10/site-packages/django/db/models/fields/__init__.py:1665: RuntimeWarning: DateTimeField Ad.end_date received a naive datetime (2024-10-18 18:22:30.301252) while time zone support is active.
  warnings.warn(
/home/ystridin/virtualenv/aronno/3.10/lib/python3.10/site-packages/django/db/models/fields/__init__.py:1665: RuntimeWarning: DateTimeField Ad.start_date received a naive datetime (2024-10-18 18:22:30.301252) while time zone support is active.
  warnings.warn(
Not Found: /static/vendor/bootstrap/js/bootstrap.bundle.min.js
Not Found: /section/entertainment/android-icon.png
Not Found: /section/entertainment/apple-touch-icon.png
/home/ystridin/virtualenv/aronno/3.10/lib/python3.10/site-packages/django/db/models/fields/__init__.py:1665: RuntimeWarning: DateTimeField Ad.end_date received a naive datetime (2024-10-18 18:22:37.113750) while time zone support is active.
  warnings.warn(
/home/ystridin/virtualenv/aronno/3.10/lib/python3.10/site-packages/django/db/models/fields/__init__.py:1665: RuntimeWarning: DateTimeField Ad.start_date received a naive datetime (2024-10-18 18:22:37.113750) while time zone support is active.
  warnings.warn(
Not Found: /static/vendor/bootstrap/js/bootstrap.bundle.min.js
Not Found: /category/animals/android-icon.png
Not Found: /category/animals/apple-touch-icon.png
/home/ystridin/virtualenv/aronno/3.10/lib/python3.10/site-packages/django/db/models/fields/__init__.py:1665: RuntimeWarning: DateTimeField Ad.end_date received a naive datetime (2024-10-18 18:22:50.088522) while time zone support is active.
  warnings.warn(
/home/ystridin/virtualenv/aronno/3.10/lib/python3.10/site-packages/django/db/models/fields/__init__.py:1665: RuntimeWarning: DateTimeField Ad.start_date received a naive datetime (2024-10-18 18:22:50.088522) while time zone support is active.
  warnings.warn(
Not Found: /static/vendor/bootstrap/js/bootstrap.bundle.min.js
Not Found: /section/international/android-icon.png
Not Found: /section/international/apple-touch-icon.png
/home/ystridin/virtualenv/aronno/3.10/lib/python3.10/site-packages/django/db/models/fields/__init__.py:1665: RuntimeWarning: DateTimeField Ad.end_date received a naive datetime (2024-10-18 18:22:52.639207) while time zone support is active.
  warnings.warn(
/home/ystridin/virtualenv/aronno/3.10/lib/python3.10/site-packages/django/db/models/fields/__init__.py:1665: RuntimeWarning: DateTimeField Ad.start_date received a naive datetime (2024-10-18 18:22:52.639207) while time zone support is active.
  warnings.warn(
Not Found: /static/vendor/bootstrap/js/bootstrap.bundle.min.js
/home/ystridin/virtualenv/aronno/3.10/lib/python3.10/site-packages/django/db/models/fields/__init__.py:1665: RuntimeWarning: DateTimeField Ad.end_date received a naive datetime (2024-10-18 18:26:10.168926) while time zone support is active.
  warnings.warn(
/home/ystridin/virtualenv/aronno/3.10/lib/python3.10/site-packages/django/db/models/fields/__init__.py:1665: RuntimeWarning: DateTimeField Ad.start_date received a naive datetime (2024-10-18 18:26:10.168926) while time zone support is active.
  warnings.warn(
Not Found: /static/vendor/bootstrap/js/bootstrap.bundle.min.js
/home/ystridin/virtualenv/aronno/3.10/lib/python3.10/site-packages/django/db/models/fields/__init__.py:1665: RuntimeWarning: DateTimeField Ad.end_date received a naive datetime (2024-10-18 18:26:36.514879) while time zone support is active.
  warnings.warn(
/home/ystridin/virtualenv/aronno/3.10/lib/python3.10/site-packages/django/db/models/fields/__init__.py:1665: RuntimeWarning: DateTimeField Ad.start_date received a naive datetime (2024-10-18 18:26:36.514879) while time zone support is active.
  warnings.warn(
Not Found: /static/vendor/bootstrap/js/bootstrap.bundle.min.js
Not Found: /section/politics/android-icon.png
Not Found: /section/politics/apple-touch-icon.png
Popup Ad Object: Popup Ad - https://teccmark.com/
Ad Object: Popup Ad - https://teccmark.com/
/home/ystridin/virtualenv/aronno/3.10/lib/python3.10/site-packages/django/db/models/fields/__init__.py:1665: RuntimeWarning: DateTimeField Ad.end_date received a naive datetime (2024-10-18 18:28:28.139285) while time zone support is active.
  warnings.warn(
/home/ystridin/virtualenv/aronno/3.10/lib/python3.10/site-packages/django/db/models/fields/__init__.py:1665: RuntimeWarning: DateTimeField Ad.start_date received a naive datetime (2024-10-18 18:28:28.139285) while time zone support is active.
  warnings.warn(
Not Found: /static/vendor/bootstrap/js/bootstrap.bundle.min.js
Not Found: /media/img/logo.png
Not Found: /static/vendor/bootstrap/js/bootstrap.bundle.min.js
Not Found: /static/vendor/bootstrap/js/bootstrap.bundle.min.js
Not Found: /news/18/android-icon.png
Not Found: /news/18/apple-touch-icon.png
Popup Ad Object: Popup Ad - https://teccmark.com/
Ad Object: Popup Ad - https://teccmark.com/
Popup Ad Object: Popup Ad - https://teccmark.com/
/home/ystridin/virtualenv/aronno/3.10/lib/python3.10/site-packages/django/db/models/fields/__init__.py:1665: RuntimeWarning: DateTimeField Ad.end_date received a naive datetime (2024-10-18 18:34:41.228967) while time zone support is active.
  warnings.warn(
/home/ystridin/virtualenv/aronno/3.10/lib/python3.10/site-packages/django/db/models/fields/__init__.py:1665: RuntimeWarning: DateTimeField Ad.start_date received a naive datetime (2024-10-18 18:34:41.228967) while time zone support is active.
  warnings.warn(
/home/ystridin/virtualenv/aronno/3.10/lib/python3.10/site-packages/django/db/models/fields/__init__.py:1665: RuntimeWarning: DateTimeField Ad.end_date received a naive datetime (2024-10-18 18:34:41.279395) while time zone support is active.
  warnings.warn(
/home/ystridin/virtualenv/aronno/3.10/lib/python3.10/site-packages/django/db/models/fields/__init__.py:1665: RuntimeWarning: DateTimeField Ad.start_date received a naive datetime (2024-10-18 18:34:41.279395) while time zone support is active.
  warnings.warn(
Not Found: /static/vendor/bootstrap/js/bootstrap.bundle.min.js
Popup Ad Object: Popup Ad - https://teccmark.com/
Popup Ad Object: Popup Ad - https://teccmark.com/
Not Found: /android-icon.png
Not Found: /static/vendor/bootstrap/js/bootstrap.bundle.min.js
Not Found: /android-icon.png
/home/ystridin/virtualenv/aronno/3.10/lib/python3.10/site-packages/django/db/models/fields/__init__.py:1665: RuntimeWarning: DateTimeField Ad.end_date received a naive datetime (2024-10-18 18:36:06.548930) while time zone support is active.
  warnings.warn(
/home/ystridin/virtualenv/aronno/3.10/lib/python3.10/site-packages/django/db/models/fields/__init__.py:1665: RuntimeWarning: DateTimeField Ad.start_date received a naive datetime (2024-10-18 18:36:06.548930) while time zone support is active.
  warnings.warn(
Popup Ad Object: Popup Ad - https://teccmark.com/
Popup Ad Object: Popup Ad - https://teccmark.com/
Ad Object: Popup Ad - https://teccmark.com/
Popup Ad Object: Popup Ad - https://teccmark.com/
Ad Object: Popup Ad - https://teccmark.com/
Popup Ad Object: Popup Ad - https://teccmark.com/
Ad Object: Popup Ad - https://teccmark.com/
Not Found: /static/vendor/bootstrap/js/bootstrap.bundle.min.js
Not Found: /media/img/logo.png
Not Found: /static/vendor/bootstrap/js/bootstrap.bundle.min.js
Not Found: /static/vendor/bootstrap/js/bootstrap.bundle.min.js
Popup Ad Object: Popup Ad - https://teccmark.com/
Ad Object: Popup Ad - https://teccmark.com/
Popup Ad Object: Popup Ad - https://teccmark.com/
Ad Object: Popup Ad - https://teccmark.com/
Popup Ad Object: Popup Ad - https://teccmark.com/
Popup Ad Object: Popup Ad - https://teccmark.com/
Ad Object: Popup Ad - https://teccmark.com/
Popup Ad Object: Popup Ad - https://teccmark.com/
Ad Object: Popup Ad - https://teccmark.com/
Not Found: /favicon.ico
Popup Ad Object: Popup Ad - https://teccmark.com/
Ad Object: Popup Ad - https://teccmark.com/
Not Found: /apple-touch-icon.png
Not Found: /android-icon.png
Not Found: /favicon.ico
Popup Ad Object: Popup Ad - https://teccmark.com/
Ad Object: Popup Ad - https://teccmark.com/
Not Found: /section/forest/apple-touch-icon.png
Not Found: /robots.txt
Not Found: /section/forest/android-icon.png
Not Found: /news/11/android-icon.png
Not Found: /robots.txt
Not Found: /news/11/apple-touch-icon.png
Not Found: /static/vendor/bootstrap/js/bootstrap.bundle.min.js
Not Found: /android-icon.png
Not Found: /apple-touch-icon.png
Popup Ad Object: Popup Ad - https://teccmark.com/
Ad Object: Popup Ad - https://teccmark.com/
Not Found: /favicon.ico
Not Found: /static/vendor/bootstrap/js/bootstrap.bundle.min.js
Not Found: /static/vendor/bootstrap/js/bootstrap.bundle.min.js
Not Found: /static/vendor/bootstrap/js/bootstrap.bundle.min.js
Not Found: /static/vendor/bootstrap/js/bootstrap.bundle.min.js
Not Found: /static/vendor/bootstrap/js/bootstrap.bundle.min.js
Not Found: /static/vendor/bootstrap/js/bootstrap.bundle.min.js
Popup Ad Object: Popup Ad - https://teccmark.com/
Ad Object: Popup Ad - https://teccmark.com/
Popup Ad Object: Popup Ad - https://teccmark.com/
Ad Object: Popup Ad - https://teccmark.com/
Popup Ad Object: Popup Ad - https://teccmark.com/
Ad Object: Popup Ad - https://teccmark.com/
Popup Ad Object: Popup Ad - https://teccmark.com/
Ad Object: Popup Ad - https://teccmark.com/
Popup Ad Object: Popup Ad - https://teccmark.com/
Ad Object: Popup Ad - https://teccmark.com/
Popup Ad Object: Popup Ad - https://teccmark.com/
Ad Object: Popup Ad - https://teccmark.com/
Not Found: /static/vendor/bootstrap/js/bootstrap.bundle.min.js
Not Found: /static/vendor/bootstrap/js/bootstrap.bundle.min.js
Not Found: /static/vendor/bootstrap/js/bootstrap.bundle.min.js
Not Found: /static/vendor/bootstrap/js/bootstrap.bundle.min.js
Popup Ad Object: Popup Ad - https://teccmark.com/
Ad Object: Popup Ad - https://teccmark.com/
Popup Ad Object: Popup Ad - https://teccmark.com/
Ad Object: Popup Ad - https://teccmark.com/
Popup Ad Object: Popup Ad - https://teccmark.com/
Ad Object: Popup Ad - https://teccmark.com/
Popup Ad Object: Popup Ad - https://teccmark.com/
Ad Object: Popup Ad - https://teccmark.com/
Not Found: /news/44/
Popup Ad Object: Popup Ad - https://teccmark.com/
Ad Object: Popup Ad - https://teccmark.com/
Popup Ad Object: Popup Ad - https://teccmark.com/
Ad Object: Popup Ad - https://teccmark.com/
Popup Ad Object: Popup Ad - https://teccmark.com/
Ad Object: Popup Ad - https://teccmark.com/
Not Found: /category/literature_culture/
/home/ystridin/virtualenv/aronno/3.10/lib/python3.10/site-packages/django/db/models/fields/__init__.py:1665: RuntimeWarning: DateTimeField Ad.end_date received a naive datetime (2024-10-19 00:40:21.961201) while time zone support is active.
  warnings.warn(
/home/ystridin/virtualenv/aronno/3.10/lib/python3.10/site-packages/django/db/models/fields/__init__.py:1665: RuntimeWarning: DateTimeField Ad.start_date received a naive datetime (2024-10-19 00:40:21.961201) while time zone support is active.
  warnings.warn(
Not Found: /category/international/
/home/ystridin/virtualenv/aronno/3.10/lib/python3.10/site-packages/django/db/models/fields/__init__.py:1665: RuntimeWarning: DateTimeField Ad.end_date received a naive datetime (2024-10-19 00:40:25.800563) while time zone support is active.
  warnings.warn(
/home/ystridin/virtualenv/aronno/3.10/lib/python3.10/site-packages/django/db/models/fields/__init__.py:1665: RuntimeWarning: DateTimeField Ad.start_date received a naive datetime (2024-10-19 00:40:25.800563) while time zone support is active.
  warnings.warn(
Popup Ad Object: Popup Ad - https://teccmark.com/
Not Found: /robots.txt
Not Found: /news/28/
Popup Ad Object: Popup Ad - https://teccmark.com/
Ad Object: Popup Ad - https://teccmark.com/
Popup Ad Object: Popup Ad - https://teccmark.com/
Ad Object: Popup Ad - https://teccmark.com/
Not Found: /category/\u09b6\u09bf\u0995\u09cd\u09b7\u09be/category/%E0%A6%B6%E0%A6%BF%E0%A6%95%E0%A7%8D%E0%A6%B7%E0%A6%BE/
Popup Ad Object: Popup Ad - https://teccmark.com/
Ad Object: Popup Ad - https://teccmark.com/
/home/ystridin/virtualenv/aronno/3.10/lib/python3.10/site-packages/django/db/models/fields/__init__.py:1665: RuntimeWarning: DateTimeField Ad.end_date received a naive datetime (2024-10-19 03:39:25.507141) while time zone support is active.
  warnings.warn(
/home/ystridin/virtualenv/aronno/3.10/lib/python3.10/site-packages/django/db/models/fields/__init__.py:1665: RuntimeWarning: DateTimeField Ad.start_date received a naive datetime (2024-10-19 03:39:25.507141) while time zone support is active.
  warnings.warn(
Not Found: /section/law/
Popup Ad Object: Popup Ad - https://teccmark.com/
Not Found: /wp-login.php
Popup Ad Object: Popup Ad - https://teccmark.com/
Ad Object: Popup Ad - https://teccmark.com/
Popup Ad Object: Popup Ad - https://teccmark.com/
Ad Object: Popup Ad - https://teccmark.com/
Popup Ad Object: Popup Ad - https://teccmark.com/
Ad Object: Popup Ad - https://teccmark.com/
Not Found: /static/vendor/bootstrap/js/bootstrap.bundle.min.js
Not Found: /android-icon.png
Not Found: /apple-touch-icon.png
Not Found: /static/vendor/bootstrap/js/bootstrap.bundle.min.js
Popup Ad Object: Popup Ad - https://teccmark.com/
Ad Object: Popup Ad - https://teccmark.com/
Not Found: /static/vendor/bootstrap/js/bootstrap.bundle.min.js
Popup Ad Object: Popup Ad - https://teccmark.com/
Ad Object: Popup Ad - https://teccmark.com/
Popup Ad Object: Popup Ad - https://teccmark.com/
Ad Object: Popup Ad - https://teccmark.com/
Not Found: /news/17/
Not Found: /favicon.ico
Not Found: /static/vendor/bootstrap/js/bootstrap.bundle.min.js
Popup Ad Object: Popup Ad - https://teccmark.com/
Ad Object: Popup Ad - https://teccmark.com/
Not Found: /static/vendor/bootstrap/js/bootstrap.bundle.min.js
Not Found: /static/vendor/bootstrap/js/bootstrap.bundle.min.js
Popup Ad Object: Popup Ad - https://teccmark.com/
Ad Object: Popup Ad - https://teccmark.com/
Popup Ad Object: Popup Ad - https://teccmark.com/
Ad Object: Popup Ad - https://teccmark.com/
Popup Ad Object: Popup Ad - https://teccmark.com/
Ad Object: Popup Ad - https://teccmark.com/
Not Found: /static/vendor/bootstrap/js/bootstrap.bundle.min.js
Not Found: /apple-touch-icon.png
Not Found: /android-icon.png
Not Found: /media/img/logo.png
Not Found: /static/vendor/bootstrap/js/bootstrap.bundle.min.js
Not Found: /media/img/logo.png
Not Found: /static/vendor/bootstrap/js/bootstrap.bundle.min.js
Not Found: /news/26/android-icon.png
Not Found: /news/26/apple-touch-icon.png
Popup Ad Object: Popup Ad - https://teccmark.com/
Ad Object: Popup Ad - https://teccmark.com/
Not Found: /media/img/logo.png
Not Found: /static/vendor/bootstrap/js/bootstrap.bundle.min.js
Not Found: /static/vendor/bootstrap/js/bootstrap.bundle.min.js
Not Found: /news/26/android-icon.png
Not Found: /news/26/apple-touch-icon.png
Popup Ad Object: Popup Ad - https://teccmark.com/
Popup Ad Object: Popup Ad - https://teccmark.com/
Popup Ad Object: Popup Ad - https://teccmark.com/
Ad Object: Popup Ad - https://teccmark.com/
Not Found: /robots.txt
Popup Ad Object: Popup Ad - https://teccmark.com/
Ad Object: Popup Ad - https://teccmark.com/
Not Found: /media/commenters/main-19.jpg
Popup Ad Object: Popup Ad - https://teccmark.com/
Ad Object: Popup Ad - https://teccmark.com/
Not Found: /static/vendor/bootstrap/js/bootstrap.bundle.min.js
Not Found: /static/vendor/bootstrap/js/bootstrap.bundle.min.js
Not Found: /cart.json
Not Found: /static/vendor/bootstrap/js/bootstrap.bundle.min.js
Not Found: /static/vendor/bootstrap/js/bootstrap.bundle.min.js
Popup Ad Object: Popup Ad - https://teccmark.com/
Ad Object: Popup Ad - https://teccmark.com/
Popup Ad Object: Popup Ad - https://teccmark.com/
Ad Object: Popup Ad - https://teccmark.com/
Popup Ad Object: Popup Ad - https://teccmark.com/
Ad Object: Popup Ad - https://teccmark.com/
Not Found: /static/vendor/bootstrap/js/bootstrap.bundle.min.js
Not Found: /cart.json
Not Found: /static/vendor/bootstrap/js/bootstrap.bundle.min.js
Not Found: /cart.json
Popup Ad Object: Popup Ad - https://teccmark.com/
Ad Object: Popup Ad - https://teccmark.com/
Popup Ad Object: Popup Ad - https://teccmark.com/
Ad Object: Popup Ad - https://teccmark.com/
Not Found: /static/vendor/bootstrap/js/bootstrap.bundle.min.js
[UID:1472][350776] Reached max children process limit: 6, extra: 2, current: 8, busy: 7, please increase LSAPI_CHILDREN.
[UID:1472][350776] Reached max children process limit: 6, extra: 2, current: 8, busy: 8, please increase LSAPI_CHILDREN.
[UID:1472][350776] Reached max children process limit: 6, extra: 2, current: 8, busy: 8, please increase LSAPI_CHILDREN.
[UID:1472][350776] Reached max children process limit: 6, extra: 2, current: 8, busy: 8, please increase LSAPI_CHILDREN.
[UID:1472][350776] Reached max children process limit: 6, extra: 2, current: 8, busy: 8, please increase LSAPI_CHILDREN.
[UID:1472][350776] Reached max children process limit: 6, extra: 2, current: 8, busy: 8, please increase LSAPI_CHILDREN.
[UID:1472][350776] Reached max children process limit: 6, extra: 2, current: 8, busy: 8, please increase LSAPI_CHILDREN.
[UID:1472][350776] Reached max children process limit: 6, extra: 2, current: 8, busy: 8, please increase LSAPI_CHILDREN.
[UID:1472][350776] Reached max children process limit: 6, extra: 2, current: 8, busy: 8, please increase LSAPI_CHILDREN.
[UID:1472][350776] Reached max children process limit: 6, extra: 2, current: 8, busy: 8, please increase LSAPI_CHILDREN.
[UID:1472][350776] Reached max children process limit: 6, extra: 2, current: 8, busy: 8, please increase LSAPI_CHILDREN.
[UID:1472][350776] Reached max children process limit: 6, extra: 2, current: 8, busy: 8, please increase LSAPI_CHILDREN.
Popup Ad Object: Popup Ad - https://teccmark.com/
Ad Object: Popup Ad - https://teccmark.com/
[UID:1472][350776] Reached max children process limit: 6, extra: 2, current: 8, busy: 8, please increase LSAPI_CHILDREN.
[UID:1472][350776] Reached max children process limit: 6, extra: 2, current: 8, busy: 8, please increase LSAPI_CHILDREN.
Not Found: /static/vendor/bootstrap/js/bootstrap.bundle.min.js
[UID:1472][350776] Reached max children process limit: 6, extra: 2, current: 8, busy: 7, please increase LSAPI_CHILDREN.
[UID:1472][350776] Reached max children process limit: 6, extra: 2, current: 8, busy: 8, please increase LSAPI_CHILDREN.
[UID:1472][350776] Reached max children process limit: 6, extra: 2, current: 8, busy: 8, please increase LSAPI_CHILDREN.
[UID:1472][350776] Reached max children process limit: 6, extra: 2, current: 8, busy: 8, please increase LSAPI_CHILDREN.
[UID:1472][350776] Reached max children process limit: 6, extra: 2, current: 8, busy: 8, please increase LSAPI_CHILDREN.
[UID:1472][350776] Reached max children process limit: 6, extra: 2, current: 8, busy: 8, please increase LSAPI_CHILDREN.
Popup Ad Object: Popup Ad - https://teccmark.com/
Ad Object: Popup Ad - https://teccmark.com/
[UID:1472][350776] Reached max children process limit: 6, extra: 2, current: 8, busy: 8, please increase LSAPI_CHILDREN.
Popup Ad Object: Popup Ad - https://teccmark.com/
Ad Object: Popup Ad - https://teccmark.com/
Popup Ad Object: Popup Ad - https://teccmark.com/
Ad Object: Popup Ad - https://teccmark.com/
Popup Ad Object: Popup Ad - https://teccmark.com/
Ad Object: Popup Ad - https://teccmark.com/
Popup Ad Object: Popup Ad - https://teccmark.com/
Ad Object: Popup Ad - https://teccmark.com/
Popup Ad Object: Popup Ad - https://teccmark.com/
Ad Object: Popup Ad - https://teccmark.com/
Not Found: /category/international/
Not Found: /favicon.ico
Not Found: /cart.json
Not Found: /static/vendor/bootstrap/js/bootstrap.bundle.min.js
Not Found: /cart.json
Popup Ad Object: Popup Ad - https://teccmark.com/
Ad Object: Popup Ad - https://teccmark.com/
Popup Ad Object: Popup Ad - https://teccmark.com/
Ad Object: Popup Ad - https://teccmark.com/
Popup Ad Object: Popup Ad - https://teccmark.com/
Ad Object: Popup Ad - https://teccmark.com/
Popup Ad Object: Popup Ad - https://teccmark.com/
Ad Object: Popup Ad - https://teccmark.com/
Popup Ad Object: Popup Ad - https://teccmark.com/
Ad Object: Popup Ad - https://teccmark.com/
Popup Ad Object: Popup Ad - https://teccmark.com/
Ad Object: Popup Ad - https://teccmark.com/
Popup Ad Object: Popup Ad - https://teccmark.com/
Ad Object: Popup Ad - https://teccmark.com/
Popup Ad Object: Popup Ad - https://teccmark.com/
Ad Object: Popup Ad - https://teccmark.com/
Not Found: /cart.json
Not Found: /static/vendor/bootstrap/js/bootstrap.bundle.min.js
Not Found: /cart.json
Popup Ad Object: Popup Ad - https://teccmark.com/
Ad Object: Popup Ad - https://teccmark.com/
Popup Ad Object: Popup Ad - https://teccmark.com/
Ad Object: Popup Ad - https://teccmark.com/
Not Found: /static/vendor/bootstrap/js/bootstrap.bundle.min.js
Not Found: /static/vendor/bootstrap/js/bootstrap.bundle.min.js
Popup Ad Object: Popup Ad - https://teccmark.com/
Ad Object: Popup Ad - https://teccmark.com/
Popup Ad Object: Popup Ad - https://teccmark.com/
Ad Object: Popup Ad - https://teccmark.com/
Popup Ad Object: Popup Ad - https://teccmark.com/
Ad Object: Popup Ad - https://teccmark.com/
Popup Ad Object: Popup Ad - https://teccmark.com/
Ad Object: Popup Ad - https://teccmark.com/
Popup Ad Object: Popup Ad - https://teccmark.com/
Ad Object: Popup Ad - https://teccmark.com/
Popup Ad Object: Popup Ad - https://teccmark.com/
Ad Object: Popup Ad - https://teccmark.com/
Popup Ad Object: Popup Ad - https://teccmark.com/
Ad Object: Popup Ad - https://teccmark.com/
Not Found: /media/img/logo.png
Not Found: /static/vendor/bootstrap/js/bootstrap.bundle.min.js
Not Found: /static/vendor/bootstrap/js/bootstrap.bundle.min.js
Not Found: /static/vendor/bootstrap/js/bootstrap.bundle.min.js
Popup Ad Object: Popup Ad - https://teccmark.com/
Ad Object: Popup Ad - https://teccmark.com/
Popup Ad Object: Popup Ad - https://teccmark.com/
Ad Object: Popup Ad - https://teccmark.com/
/home/ystridin/virtualenv/aronno/3.10/lib/python3.10/site-packages/django/db/models/fields/__init__.py:1665: RuntimeWarning: DateTimeField Ad.end_date received a naive datetime (2024-10-19 10:11:14.280722) while time zone support is active.
  warnings.warn(
/home/ystridin/virtualenv/aronno/3.10/lib/python3.10/site-packages/django/db/models/fields/__init__.py:1665: RuntimeWarning: DateTimeField Ad.start_date received a naive datetime (2024-10-19 10:11:14.280722) while time zone support is active.
  warnings.warn(
Not Found: /static/vendor/bootstrap/js/bootstrap.bundle.min.js
/home/ystridin/virtualenv/aronno/3.10/lib/python3.10/site-packages/django/db/models/fields/__init__.py:1665: RuntimeWarning: DateTimeField Ad.end_date received a naive datetime (2024-10-19 10:11:14.641494) while time zone support is active.
  warnings.warn(
/home/ystridin/virtualenv/aronno/3.10/lib/python3.10/site-packages/django/db/models/fields/__init__.py:1665: RuntimeWarning: DateTimeField Ad.start_date received a naive datetime (2024-10-19 10:11:14.641494) while time zone support is active.
  warnings.warn(
/home/ystridin/virtualenv/aronno/3.10/lib/python3.10/site-packages/django/db/models/fields/__init__.py:1665: RuntimeWarning: DateTimeField Ad.end_date received a naive datetime (2024-10-19 10:11:14.643214) while time zone support is active.
  warnings.warn(
/home/ystridin/virtualenv/aronno/3.10/lib/python3.10/site-packages/django/db/models/fields/__init__.py:1665: RuntimeWarning: DateTimeField Ad.start_date received a naive datetime (2024-10-19 10:11:14.643214) while time zone support is active.
  warnings.warn(
/home/ystridin/virtualenv/aronno/3.10/lib/python3.10/site-packages/django/db/models/fields/__init__.py:1665: RuntimeWarning: DateTimeField Ad.end_date received a naive datetime (2024-10-19 10:11:14.839389) while time zone support is active.
  warnings.warn(
/home/ystridin/virtualenv/aronno/3.10/lib/python3.10/site-packages/django/db/models/fields/__init__.py:1665: RuntimeWarning: DateTimeField Ad.end_date received a naive datetime (2024-10-19 10:11:14.839443) while time zone support is active.
  warnings.warn(
/home/ystridin/virtualenv/aronno/3.10/lib/python3.10/site-packages/django/db/models/fields/__init__.py:1665: RuntimeWarning: DateTimeField Ad.start_date received a naive datetime (2024-10-19 10:11:14.839389) while time zone support is active.
  warnings.warn(
/home/ystridin/virtualenv/aronno/3.10/lib/python3.10/site-packages/django/db/models/fields/__init__.py:1665: RuntimeWarning: DateTimeField Ad.start_date received a naive datetime (2024-10-19 10:11:14.839443) while time zone support is active.
  warnings.warn(
/home/ystridin/virtualenv/aronno/3.10/lib/python3.10/site-packages/django/db/models/fields/__init__.py:1665: RuntimeWarning: DateTimeField Ad.end_date received a naive datetime (2024-10-19 10:11:15.024318) while time zone support is active.
  warnings.warn(
/home/ystridin/virtualenv/aronno/3.10/lib/python3.10/site-packages/django/db/models/fields/__init__.py:1665: RuntimeWarning: DateTimeField Ad.start_date received a naive datetime (2024-10-19 10:11:15.024318) while time zone support is active.
  warnings.warn(
Popup Ad Object: Popup Ad - https://teccmark.com/
Ad Object: Popup Ad - https://teccmark.com/
/home/ystridin/virtualenv/aronno/3.10/lib/python3.10/site-packages/django/db/models/fields/__init__.py:1665: RuntimeWarning: DateTimeField Ad.end_date received a naive datetime (2024-10-19 10:11:29.377545) while time zone support is active.
  warnings.warn(
/home/ystridin/virtualenv/aronno/3.10/lib/python3.10/site-packages/django/db/models/fields/__init__.py:1665: RuntimeWarning: DateTimeField Ad.start_date received a naive datetime (2024-10-19 10:11:29.377545) while time zone support is active.
  warnings.warn(
/home/ystridin/virtualenv/aronno/3.10/lib/python3.10/site-packages/django/db/models/fields/__init__.py:1665: RuntimeWarning: DateTimeField Ad.end_date received a naive datetime (2024-10-19 10:12:05.138049) while time zone support is active.
  warnings.warn(
/home/ystridin/virtualenv/aronno/3.10/lib/python3.10/site-packages/django/db/models/fields/__init__.py:1665: RuntimeWarning: DateTimeField Ad.start_date received a naive datetime (2024-10-19 10:12:05.138049) while time zone support is active.
  warnings.warn(
Popup Ad Object: Popup Ad - https://teccmark.com/
Ad Object: Popup Ad - https://teccmark.com/
Popup Ad Object: Popup Ad - https://teccmark.com/
Ad Object: Popup Ad - https://teccmark.com/
Popup Ad Object: Popup Ad - https://teccmark.com/
Ad Object: Popup Ad - https://teccmark.com/
Popup Ad Object: Popup Ad - https://teccmark.com/
Ad Object: Popup Ad - https://teccmark.com/
Popup Ad Object: Popup Ad - https://teccmark.com/
Popup Ad Object: Popup Ad - https://teccmark.com/
Popup Ad Object: Popup Ad - https://teccmark.com/
Ad Object: Popup Ad - https://teccmark.com/
Popup Ad Object: Popup Ad - https://teccmark.com/
Ad Object: Popup Ad - https://teccmark.com/
Popup Ad Object: Popup Ad - https://teccmark.com/
Popup Ad Object: Popup Ad - https://teccmark.com/
Popup Ad Object: Popup Ad - https://teccmark.com/
Ad Object: Popup Ad - https://teccmark.com/
Popup Ad Object: Popup Ad - https://teccmark.com/
Ad Object: Popup Ad - https://teccmark.com/
Popup Ad Object: Popup Ad - https://teccmark.com/
Popup Ad Object: Popup Ad - https://teccmark.com/
Popup Ad Object: Popup Ad - https://teccmark.com/
Ad Object: Popup Ad - https://teccmark.com/
Popup Ad Object: Popup Ad - https://teccmark.com/
Ad Object: Popup Ad - https://teccmark.com/
Not Found: /static/vendor/bootstrap/js/bootstrap.bundle.min.js
Not Found: /static/vendor/bootstrap/js/bootstrap.bundle.min.js
Not Found: /cart.json
Not Found: /cart.json
Popup Ad Object: Popup Ad - https://teccmark.com/
Ad Object: Popup Ad - https://teccmark.com/
Popup Ad Object: Popup Ad - https://teccmark.com/
Ad Object: Popup Ad - https://teccmark.com/
Not Found: /static/vendor/bootstrap/js/bootstrap.bundle.min.js
Not Found: /cart.json
Popup Ad Object: Popup Ad - https://teccmark.com/
Ad Object: Popup Ad - https://teccmark.com/
Not Found: /static/vendor/bootstrap/js/bootstrap.bundle.min.js
Not Found: /cart.json
Popup Ad Object: Popup Ad - https://teccmark.com/
Ad Object: Popup Ad - https://teccmark.com/
/home/ystridin/virtualenv/aronno/3.10/lib/python3.10/site-packages/django/db/models/fields/__init__.py:1665: RuntimeWarning: DateTimeField Ad.end_date received a naive datetime (2024-10-19 10:26:40.204653) while time zone support is active.
  warnings.warn(
/home/ystridin/virtualenv/aronno/3.10/lib/python3.10/site-packages/django/db/models/fields/__init__.py:1665: RuntimeWarning: DateTimeField Ad.start_date received a naive datetime (2024-10-19 10:26:40.204653) while time zone support is active.
  warnings.warn(
/home/ystridin/virtualenv/aronno/3.10/lib/python3.10/site-packages/django/db/models/fields/__init__.py:1665: RuntimeWarning: DateTimeField Ad.end_date received a naive datetime (2024-10-19 10:26:47.033567) while time zone support is active.
  warnings.warn(
/home/ystridin/virtualenv/aronno/3.10/lib/python3.10/site-packages/django/db/models/fields/__init__.py:1665: RuntimeWarning: DateTimeField Ad.start_date received a naive datetime (2024-10-19 10:26:47.033567) while time zone support is active.
  warnings.warn(
Not Found: /static/vendor/bootstrap/js/bootstrap.bundle.min.js
/home/ystridin/virtualenv/aronno/3.10/lib/python3.10/site-packages/django/db/models/fields/__init__.py:1665: RuntimeWarning: DateTimeField Ad.end_date received a naive datetime (2024-10-19 10:26:47.299450) while time zone support is active.
  warnings.warn(
/home/ystridin/virtualenv/aronno/3.10/lib/python3.10/site-packages/django/db/models/fields/__init__.py:1665: RuntimeWarning: DateTimeField Ad.start_date received a naive datetime (2024-10-19 10:26:47.299450) while time zone support is active.
  warnings.warn(
/home/ystridin/virtualenv/aronno/3.10/lib/python3.10/site-packages/django/db/models/fields/__init__.py:1665: RuntimeWarning: DateTimeField Ad.end_date received a naive datetime (2024-10-19 10:26:47.311318) while time zone support is active.
  warnings.warn(
/home/ystridin/virtualenv/aronno/3.10/lib/python3.10/site-packages/django/db/models/fields/__init__.py:1665: RuntimeWarning: DateTimeField Ad.start_date received a naive datetime (2024-10-19 10:26:47.311318) while time zone support is active.
  warnings.warn(
/home/ystridin/virtualenv/aronno/3.10/lib/python3.10/site-packages/django/db/models/fields/__init__.py:1665: RuntimeWarning: DateTimeField Ad.end_date received a naive datetime (2024-10-19 10:26:47.490511) while time zone support is active.
  warnings.warn(
/home/ystridin/virtualenv/aronno/3.10/lib/python3.10/site-packages/django/db/models/fields/__init__.py:1665: RuntimeWarning: DateTimeField Ad.start_date received a naive datetime (2024-10-19 10:26:47.490511) while time zone support is active.
  warnings.warn(
/home/ystridin/virtualenv/aronno/3.10/lib/python3.10/site-packages/django/db/models/fields/__init__.py:1665: RuntimeWarning: DateTimeField Ad.end_date received a naive datetime (2024-10-19 10:26:47.698940) while time zone support is active.
  warnings.warn(
/home/ystridin/virtualenv/aronno/3.10/lib/python3.10/site-packages/django/db/models/fields/__init__.py:1665: RuntimeWarning: DateTimeField Ad.start_date received a naive datetime (2024-10-19 10:26:47.698940) while time zone support is active.
  warnings.warn(
Not Found: /media/img/logo.png
Not Found: /static/vendor/bootstrap/js/bootstrap.bundle.min.js
Not Found: /static/vendor/bootstrap/js/bootstrap.bundle.min.js
Popup Ad Object: Popup Ad - https://teccmark.com/
Popup Ad Object: Popup Ad - https://teccmark.com/
Popup Ad Object: Popup Ad - https://teccmark.com/
Popup Ad Object: Popup Ad - https://teccmark.com/
Popup Ad Object: Popup Ad - https://teccmark.com/
Popup Ad Object: Popup Ad - https://teccmark.com/
Not Found: /static/vendor/bootstrap/js/bootstrap.bundle.min.js
Not Found: /cart.json
Popup Ad Object: Popup Ad - https://teccmark.com/
Ad Object: Popup Ad - https://teccmark.com/
Not Found: /static/vendor/bootstrap/js/bootstrap.bundle.min.js
Not Found: /cart.json
Popup Ad Object: Popup Ad - https://teccmark.com/
Ad Object: Popup Ad - https://teccmark.com/
/home/ystridin/virtualenv/aronno/3.10/lib/python3.10/site-packages/django/db/models/fields/__init__.py:1665: RuntimeWarning: DateTimeField Ad.end_date received a naive datetime (2024-10-19 10:31:50.044773) while time zone support is active.
  warnings.warn(
/home/ystridin/virtualenv/aronno/3.10/lib/python3.10/site-packages/django/db/models/fields/__init__.py:1665: RuntimeWarning: DateTimeField Ad.start_date received a naive datetime (2024-10-19 10:31:50.044773) while time zone support is active.
  warnings.warn(
Not Found: /static/vendor/bootstrap/js/bootstrap.bundle.min.js
Not Found: /cart.json
Not Found: /android-icon.png
Not Found: /static/vendor/bootstrap/js/bootstrap.bundle.min.js
Not Found: /cart.json
Popup Ad Object: Popup Ad - https://teccmark.com/
Ad Object: Popup Ad - https://teccmark.com/
Popup Ad Object: Popup Ad - https://teccmark.com/
Ad Object: Popup Ad - https://teccmark.com/
Not Found: /static/vendor/bootstrap/js/bootstrap.bundle.min.js
Not Found: /android-icon.png
Popup Ad Object: Popup Ad - https://teccmark.com/
Ad Object: Popup Ad - https://teccmark.com/
/home/ystridin/virtualenv/aronno/3.10/lib/python3.10/site-packages/django/db/models/fields/__init__.py:1665: RuntimeWarning: DateTimeField Ad.end_date received a naive datetime (2024-10-19 10:36:50.112804) while time zone support is active.
  warnings.warn(
/home/ystridin/virtualenv/aronno/3.10/lib/python3.10/site-packages/django/db/models/fields/__init__.py:1665: RuntimeWarning: DateTimeField Ad.start_date received a naive datetime (2024-10-19 10:36:50.112804) while time zone support is active.
  warnings.warn(
Not Found: /static/vendor/bootstrap/js/bootstrap.bundle.min.js
Not Found: /cart.json
Popup Ad Object: Popup Ad - https://teccmark.com/
Ad Object: Popup Ad - https://teccmark.com/
Not Found: /static/vendor/bootstrap/js/bootstrap.bundle.min.js
Not Found: /cart.json
Popup Ad Object: Popup Ad - https://teccmark.com/
Ad Object: Popup Ad - https://teccmark.com/
Not Found: /static/vendor/bootstrap/js/bootstrap.bundle.min.js
Not Found: /cart.json
Popup Ad Object: Popup Ad - https://teccmark.com/
Ad Object: Popup Ad - https://teccmark.com/
Not Found: /static/vendor/bootstrap/js/bootstrap.bundle.min.js
Popup Ad Object: Popup Ad - https://teccmark.com/
Ad Object: Popup Ad - https://teccmark.com/
Popup Ad Object: Popup Ad - https://teccmark.com/
Ad Object: Popup Ad - https://teccmark.com/
Popup Ad Object: Popup Ad - https://teccmark.com/
Ad Object: Popup Ad - https://teccmark.com/
Popup Ad Object: Popup Ad - https://teccmark.com/
Ad Object: Popup Ad - https://teccmark.com/
Popup Ad Object: Popup Ad - https://teccmark.com/
Ad Object: Popup Ad - https://teccmark.com/
Popup Ad Object: Popup Ad - https://teccmark.com/
Ad Object: Popup Ad - https://teccmark.com/
Not Found: /category/education/apple-touch-icon.png
Not Found: /category/education/android-icon.png
Not Found: /static/vendor/bootstrap/js/bootstrap.bundle.min.js
Not Found: /cart.json
Popup Ad Object: Popup Ad - https://teccmark.com/
Ad Object: Popup Ad - https://teccmark.com/
Not Found: /static/vendor/bootstrap/js/bootstrap.bundle.min.js
Not Found: /cart.json
Popup Ad Object: Popup Ad - https://teccmark.com/
Ad Object: Popup Ad - https://teccmark.com/
Not Found: /static/vendor/bootstrap/js/bootstrap.bundle.min.js
Popup Ad Object: Popup Ad - https://teccmark.com/
Ad Object: Popup Ad - https://teccmark.com/
Popup Ad Object: Popup Ad - https://teccmark.com/
Ad Object: Popup Ad - https://teccmark.com/
/home/ystridin/virtualenv/aronno/3.10/lib/python3.10/site-packages/django/db/models/fields/__init__.py:1665: RuntimeWarning: DateTimeField Ad.end_date received a naive datetime (2024-10-19 10:57:04.255975) while time zone support is active.
  warnings.warn(
/home/ystridin/virtualenv/aronno/3.10/lib/python3.10/site-packages/django/db/models/fields/__init__.py:1665: RuntimeWarning: DateTimeField Ad.start_date received a naive datetime (2024-10-19 10:57:04.255975) while time zone support is active.
  warnings.warn(
Not Found: /static/vendor/bootstrap/js/bootstrap.bundle.min.js
Not Found: /cart.json
Not Found: /static/vendor/bootstrap/js/bootstrap.bundle.min.js
Not Found: /cart.json
Popup Ad Object: Popup Ad - https://teccmark.com/
Ad Object: Popup Ad - https://teccmark.com/
Popup Ad Object: Popup Ad - https://teccmark.com/
Ad Object: Popup Ad - https://teccmark.com/
Not Found: /static/vendor/bootstrap/js/bootstrap.bundle.min.js
Not Found: /cart.json
Not Found: /static/vendor/bootstrap/js/bootstrap.bundle.min.js
Popup Ad Object: Popup Ad - https://teccmark.com/
Ad Object: Popup Ad - https://teccmark.com/
Popup Ad Object: Popup Ad - https://teccmark.com/
Ad Object: Popup Ad - https://teccmark.com/
Popup Ad Object: Popup Ad - https://teccmark.com/
Ad Object: Popup Ad - https://teccmark.com/
/home/ystridin/virtualenv/aronno/3.10/lib/python3.10/site-packages/django/db/models/fields/__init__.py:1665: RuntimeWarning: DateTimeField Ad.end_date received a naive datetime (2024-10-19 11:05:22.798557) while time zone support is active.
  warnings.warn(
/home/ystridin/virtualenv/aronno/3.10/lib/python3.10/site-packages/django/db/models/fields/__init__.py:1665: RuntimeWarning: DateTimeField Ad.start_date received a naive datetime (2024-10-19 11:05:22.798557) while time zone support is active.
  warnings.warn(
Not Found: /static/vendor/bootstrap/js/bootstrap.bundle.min.js
/home/ystridin/virtualenv/aronno/3.10/lib/python3.10/site-packages/django/db/models/fields/__init__.py:1665: RuntimeWarning: DateTimeField Ad.end_date received a naive datetime (2024-10-19 11:05:23.058465) while time zone support is active.
  warnings.warn(
/home/ystridin/virtualenv/aronno/3.10/lib/python3.10/site-packages/django/db/models/fields/__init__.py:1665: RuntimeWarning: DateTimeField Ad.start_date received a naive datetime (2024-10-19 11:05:23.058465) while time zone support is active.
  warnings.warn(
/home/ystridin/virtualenv/aronno/3.10/lib/python3.10/site-packages/django/db/models/fields/__init__.py:1665: RuntimeWarning: DateTimeField Ad.end_date received a naive datetime (2024-10-19 11:05:23.072115) while time zone support is active.
  warnings.warn(
/home/ystridin/virtualenv/aronno/3.10/lib/python3.10/site-packages/django/db/models/fields/__init__.py:1665: RuntimeWarning: DateTimeField Ad.start_date received a naive datetime (2024-10-19 11:05:23.072115) while time zone support is active.
  warnings.warn(
/home/ystridin/virtualenv/aronno/3.10/lib/python3.10/site-packages/django/db/models/fields/__init__.py:1665: RuntimeWarning: DateTimeField Ad.end_date received a naive datetime (2024-10-19 11:05:23.280736) while time zone support is active.
  warnings.warn(
/home/ystridin/virtualenv/aronno/3.10/lib/python3.10/site-packages/django/db/models/fields/__init__.py:1665: RuntimeWarning: DateTimeField Ad.start_date received a naive datetime (2024-10-19 11:05:23.280736) while time zone support is active.
  warnings.warn(
/home/ystridin/virtualenv/aronno/3.10/lib/python3.10/site-packages/django/db/models/fields/__init__.py:1665: RuntimeWarning: DateTimeField Ad.end_date received a naive datetime (2024-10-19 11:05:23.282345) while time zone support is active.
  warnings.warn(
/home/ystridin/virtualenv/aronno/3.10/lib/python3.10/site-packages/django/db/models/fields/__init__.py:1665: RuntimeWarning: DateTimeField Ad.start_date received a naive datetime (2024-10-19 11:05:23.282345) while time zone support is active.
  warnings.warn(
/home/ystridin/virtualenv/aronno/3.10/lib/python3.10/site-packages/django/db/models/fields/__init__.py:1665: RuntimeWarning: DateTimeField Ad.end_date received a naive datetime (2024-10-19 11:05:23.462380) while time zone support is active.
  warnings.warn(
/home/ystridin/virtualenv/aronno/3.10/lib/python3.10/site-packages/django/db/models/fields/__init__.py:1665: RuntimeWarning: DateTimeField Ad.start_date received a naive datetime (2024-10-19 11:05:23.462380) while time zone support is active.
  warnings.warn(
Not Found: /static/vendor/bootstrap/js/bootstrap.bundle.min.js
Popup Ad Object: Popup Ad - https://teccmark.com/
Ad Object: Popup Ad - https://teccmark.com/
/home/ystridin/virtualenv/aronno/3.10/lib/python3.10/site-packages/django/db/models/fields/__init__.py:1665: RuntimeWarning: DateTimeField Ad.end_date received a naive datetime (2024-10-19 11:05:45.861374) while time zone support is active.
  warnings.warn(
/home/ystridin/virtualenv/aronno/3.10/lib/python3.10/site-packages/django/db/models/fields/__init__.py:1665: RuntimeWarning: DateTimeField Ad.start_date received a naive datetime (2024-10-19 11:05:45.861374) while time zone support is active.
  warnings.warn(
Not Found: /cart.json
Not Found: /static/vendor/bootstrap/js/bootstrap.bundle.min.js
Not Found: /cart.json
Not Found: /category/international/
Not Found: /favicon.ico
Not Found: /cart.json
/home/ystridin/virtualenv/aronno/3.10/lib/python3.10/site-packages/django/db/models/fields/__init__.py:1665: RuntimeWarning: DateTimeField Ad.end_date received a naive datetime (2024-10-19 11:05:51.834199) while time zone support is active.
  warnings.warn(
/home/ystridin/virtualenv/aronno/3.10/lib/python3.10/site-packages/django/db/models/fields/__init__.py:1665: RuntimeWarning: DateTimeField Ad.start_date received a naive datetime (2024-10-19 11:05:51.834199) while time zone support is active.
  warnings.warn(
Not Found: /static/vendor/bootstrap/js/bootstrap.bundle.min.js
Not Found: /cart.json
Popup Ad Object: Popup Ad - https://teccmark.com/
Ad Object: Popup Ad - https://teccmark.com/
Popup Ad Object: Popup Ad - https://teccmark.com/
Ad Object: Popup Ad - https://teccmark.com/
Popup Ad Object: Popup Ad - https://teccmark.com/
Ad Object: Popup Ad - https://teccmark.com/
Not Found: /static/vendor/bootstrap/js/bootstrap.bundle.min.js
Not Found: /cart.json
Not Found: /category/technology/
Not Found: /cart.json
Not Found: /cart.json
Not Found: /category/jobs/
Not Found: /cart.json
Not Found: /cart.json
/home/ystridin/virtualenv/aronno/3.10/lib/python3.10/site-packages/django/db/models/fields/__init__.py:1665: RuntimeWarning: DateTimeField Ad.end_date received a naive datetime (2024-10-19 11:06:04.537654) while time zone support is active.
  warnings.warn(
/home/ystridin/virtualenv/aronno/3.10/lib/python3.10/site-packages/django/db/models/fields/__init__.py:1665: RuntimeWarning: DateTimeField Ad.start_date received a naive datetime (2024-10-19 11:06:04.537654) while time zone support is active.
  warnings.warn(
Not Found: /static/vendor/bootstrap/js/bootstrap.bundle.min.js
Not Found: /cart.json
Not Found: /cart.json
/home/ystridin/virtualenv/aronno/3.10/lib/python3.10/site-packages/django/db/models/fields/__init__.py:1665: RuntimeWarning: DateTimeField Ad.end_date received a naive datetime (2024-10-19 11:06:15.262506) while time zone support is active.
  warnings.warn(
/home/ystridin/virtualenv/aronno/3.10/lib/python3.10/site-packages/django/db/models/fields/__init__.py:1665: RuntimeWarning: DateTimeField Ad.start_date received a naive datetime (2024-10-19 11:06:15.262506) while time zone support is active.
  warnings.warn(
Not Found: /static/vendor/bootstrap/js/bootstrap.bundle.min.js
Not Found: /cart.json
Not Found: /cart.json
Popup Ad Object: Popup Ad - https://teccmark.com/
Ad Object: Popup Ad - https://teccmark.com/
/home/ystridin/virtualenv/aronno/3.10/lib/python3.10/site-packages/django/db/models/fields/__init__.py:1665: RuntimeWarning: DateTimeField Ad.end_date received a naive datetime (2024-10-19 11:06:33.286561) while time zone support is active.
  warnings.warn(
/home/ystridin/virtualenv/aronno/3.10/lib/python3.10/site-packages/django/db/models/fields/__init__.py:1665: RuntimeWarning: DateTimeField Ad.start_date received a naive datetime (2024-10-19 11:06:33.286561) while time zone support is active.
  warnings.warn(
Not Found: /favicon.ico
Popup Ad Object: Popup Ad - https://teccmark.com/
Ad Object: Popup Ad - https://teccmark.com/
Not Found: /static/vendor/bootstrap/js/bootstrap.bundle.min.js
Popup Ad Object: Popup Ad - https://teccmark.com/
Ad Object: Popup Ad - https://teccmark.com/
/home/ystridin/virtualenv/aronno/3.10/lib/python3.10/site-packages/django/db/models/fields/__init__.py:1665: RuntimeWarning: DateTimeField Ad.end_date received a naive datetime (2024-10-19 11:07:28.225601) while time zone support is active.
  warnings.warn(
/home/ystridin/virtualenv/aronno/3.10/lib/python3.10/site-packages/django/db/models/fields/__init__.py:1665: RuntimeWarning: DateTimeField Ad.start_date received a naive datetime (2024-10-19 11:07:28.225601) while time zone support is active.
  warnings.warn(
Not Found: /static/vendor/bootstrap/js/bootstrap.bundle.min.js
Popup Ad Object: Popup Ad - https://teccmark.com/
Ad Object: Popup Ad - https://teccmark.com/
Popup Ad Object: Popup Ad - https://teccmark.com/
Ad Object: Popup Ad - https://teccmark.com/
/home/ystridin/virtualenv/aronno/3.10/lib/python3.10/site-packages/django/db/models/fields/__init__.py:1665: RuntimeWarning: DateTimeField Ad.end_date received a naive datetime (2024-10-19 11:07:28.492251) while time zone support is active.
  warnings.warn(
/home/ystridin/virtualenv/aronno/3.10/lib/python3.10/site-packages/django/db/models/fields/__init__.py:1665: RuntimeWarning: DateTimeField Ad.start_date received a naive datetime (2024-10-19 11:07:28.492251) while time zone support is active.
  warnings.warn(
/home/ystridin/virtualenv/aronno/3.10/lib/python3.10/site-packages/django/db/models/fields/__init__.py:1665: RuntimeWarning: DateTimeField Ad.end_date received a naive datetime (2024-10-19 11:07:28.500110) while time zone support is active.
  warnings.warn(
/home/ystridin/virtualenv/aronno/3.10/lib/python3.10/site-packages/django/db/models/fields/__init__.py:1665: RuntimeWarning: DateTimeField Ad.start_date received a naive datetime (2024-10-19 11:07:28.500110) while time zone support is active.
  warnings.warn(
/home/ystridin/virtualenv/aronno/3.10/lib/python3.10/site-packages/django/db/models/fields/__init__.py:1665: RuntimeWarning: DateTimeField Ad.end_date received a naive datetime (2024-10-19 11:07:28.581682) while time zone support is active.
  warnings.warn(
/home/ystridin/virtualenv/aronno/3.10/lib/python3.10/site-packages/django/db/models/fields/__init__.py:1665: RuntimeWarning: DateTimeField Ad.start_date received a naive datetime (2024-10-19 11:07:28.581682) while time zone support is active.
  warnings.warn(
/home/ystridin/virtualenv/aronno/3.10/lib/python3.10/site-packages/django/db/models/fields/__init__.py:1665: RuntimeWarning: DateTimeField Ad.end_date received a naive datetime (2024-10-19 11:07:28.718077) while time zone support is active.
  warnings.warn(
/home/ystridin/virtualenv/aronno/3.10/lib/python3.10/site-packages/django/db/models/fields/__init__.py:1665: RuntimeWarning: DateTimeField Ad.start_date received a naive datetime (2024-10-19 11:07:28.718077) while time zone support is active.
  warnings.warn(
/home/ystridin/virtualenv/aronno/3.10/lib/python3.10/site-packages/django/db/models/fields/__init__.py:1665: RuntimeWarning: DateTimeField Ad.end_date received a naive datetime (2024-10-19 11:07:28.925634) while time zone support is active.
  warnings.warn(
/home/ystridin/virtualenv/aronno/3.10/lib/python3.10/site-packages/django/db/models/fields/__init__.py:1665: RuntimeWarning: DateTimeField Ad.start_date received a naive datetime (2024-10-19 11:07:28.925634) while time zone support is active.
  warnings.warn(
Not Found: /media/img/logo.png
Not Found: /static/vendor/bootstrap/js/bootstrap.bundle.min.js
Not Found: /static/vendor/bootstrap/js/bootstrap.bundle.min.js
Not Found: /cart.json
Popup Ad Object: Popup Ad - https://teccmark.com/
Ad Object: Popup Ad - https://teccmark.com/
Popup Ad Object: Popup Ad - https://teccmark.com/
Ad Object: Popup Ad - https://teccmark.com/
Popup Ad Object: Popup Ad - https://teccmark.com/
Ad Object: Popup Ad - https://teccmark.com/
Popup Ad Object: Popup Ad - https://teccmark.com/
Not Found: /static/vendor/bootstrap/js/bootstrap.bundle.min.js
Not Found: /cart.json
/home/ystridin/virtualenv/aronno/3.10/lib/python3.10/site-packages/django/db/models/fields/__init__.py:1665: RuntimeWarning: DateTimeField Ad.end_date received a naive datetime (2024-10-19 11:08:23.910473) while time zone support is active.
  warnings.warn(
/home/ystridin/virtualenv/aronno/3.10/lib/python3.10/site-packages/django/db/models/fields/__init__.py:1665: RuntimeWarning: DateTimeField Ad.start_date received a naive datetime (2024-10-19 11:08:23.910473) while time zone support is active.
  warnings.warn(
Popup Ad Object: Popup Ad - https://teccmark.com/
Ad Object: Popup Ad - https://teccmark.com/
/home/ystridin/virtualenv/aronno/3.10/lib/python3.10/site-packages/django/db/models/fields/__init__.py:1665: RuntimeWarning: DateTimeField Ad.end_date received a naive datetime (2024-10-19 11:08:26.768467) while time zone support is active.
  warnings.warn(
/home/ystridin/virtualenv/aronno/3.10/lib/python3.10/site-packages/django/db/models/fields/__init__.py:1665: RuntimeWarning: DateTimeField Ad.start_date received a naive datetime (2024-10-19 11:08:26.768467) while time zone support is active.
  warnings.warn(
/home/ystridin/virtualenv/aronno/3.10/lib/python3.10/site-packages/django/db/models/fields/__init__.py:1665: RuntimeWarning: DateTimeField Ad.end_date received a naive datetime (2024-10-19 11:08:43.956701) while time zone support is active.
  warnings.warn(
/home/ystridin/virtualenv/aronno/3.10/lib/python3.10/site-packages/django/db/models/fields/__init__.py:1665: RuntimeWarning: DateTimeField Ad.start_date received a naive datetime (2024-10-19 11:08:43.956701) while time zone support is active.
  warnings.warn(
Not Found: /static/vendor/bootstrap/js/bootstrap.bundle.min.js
Not Found: /category/crime/android-icon.png
Not Found: /category/crime/apple-touch-icon.png
Not Found: /favicon.ico
/home/ystridin/virtualenv/aronno/3.10/lib/python3.10/site-packages/django/db/models/fields/__init__.py:1665: RuntimeWarning: DateTimeField Ad.end_date received a naive datetime (2024-10-19 11:09:39.586886) while time zone support is active.
  warnings.warn(
/home/ystridin/virtualenv/aronno/3.10/lib/python3.10/site-packages/django/db/models/fields/__init__.py:1665: RuntimeWarning: DateTimeField Ad.start_date received a naive datetime (2024-10-19 11:09:39.586886) while time zone support is active.
  warnings.warn(
Not Found: /static/vendor/bootstrap/js/bootstrap.bundle.min.js
/home/ystridin/virtualenv/aronno/3.10/lib/python3.10/site-packages/django/db/models/fields/__init__.py:1665: RuntimeWarning: DateTimeField Ad.end_date received a naive datetime (2024-10-19 11:09:40.283409) while time zone support is active.
  warnings.warn(
/home/ystridin/virtualenv/aronno/3.10/lib/python3.10/site-packages/django/db/models/fields/__init__.py:1665: RuntimeWarning: DateTimeField Ad.end_date received a naive datetime (2024-10-19 11:09:40.283407) while time zone support is active.
  warnings.warn(
/home/ystridin/virtualenv/aronno/3.10/lib/python3.10/site-packages/django/db/models/fields/__init__.py:1665: RuntimeWarning: DateTimeField Ad.end_date received a naive datetime (2024-10-19 11:09:40.283407) while time zone support is active.
  warnings.warn(
/home/ystridin/virtualenv/aronno/3.10/lib/python3.10/site-packages/django/db/models/fields/__init__.py:1665: RuntimeWarning: DateTimeField Ad.start_date received a naive datetime (2024-10-19 11:09:40.283407) while time zone support is active.
  warnings.warn(
/home/ystridin/virtualenv/aronno/3.10/lib/python3.10/site-packages/django/db/models/fields/__init__.py:1665: RuntimeWarning: DateTimeField Ad.start_date received a naive datetime (2024-10-19 11:09:40.283409) while time zone support is active.
  warnings.warn(
/home/ystridin/virtualenv/aronno/3.10/lib/python3.10/site-packages/django/db/models/fields/__init__.py:1665: RuntimeWarning: DateTimeField Ad.start_date received a naive datetime (2024-10-19 11:09:40.283407) while time zone support is active.
  warnings.warn(
/home/ystridin/virtualenv/aronno/3.10/lib/python3.10/site-packages/django/db/models/fields/__init__.py:1665: RuntimeWarning: DateTimeField Ad.end_date received a naive datetime (2024-10-19 11:09:40.301261) while time zone support is active.
  warnings.warn(
/home/ystridin/virtualenv/aronno/3.10/lib/python3.10/site-packages/django/db/models/fields/__init__.py:1665: RuntimeWarning: DateTimeField Ad.start_date received a naive datetime (2024-10-19 11:09:40.301261) while time zone support is active.
  warnings.warn(
Not Found: /static/vendor/bootstrap/js/bootstrap.bundle.min.js
Not Found: /cart.json
Popup Ad Object: Popup Ad - https://teccmark.com/
Ad Object: Popup Ad - https://teccmark.com/
Not Found: /static/vendor/bootstrap/js/bootstrap.bundle.min.js
Not Found: /cart.json
Not Found: /static/vendor/bootstrap/js/bootstrap.bundle.min.js
Not Found: /cart.json
Not Found: /media/media/ad-chart-janakantha.pdf
Not Found: /cart.json
Not Found: /favicon.ico
Not Found: /static/vendor/bootstrap/js/bootstrap.bundle.min.js
Not Found: /cart.json
Not Found: /static/vendor/bootstrap/js/bootstrap.bundle.min.js
Not Found: /cart.json
Not Found: /static/vendor/bootstrap/js/bootstrap.bundle.min.js
Not Found: /cart.json
Not Found: /static/vendor/bootstrap/js/bootstrap.bundle.min.js
Not Found: /cart.json
Not Found: /static/vendor/bootstrap/js/bootstrap.bundle.min.js
Not Found: /cart.json
/home/ystridin/virtualenv/aronno/3.10/lib/python3.10/site-packages/django/db/models/fields/__init__.py:1665: RuntimeWarning: DateTimeField Ad.end_date received a naive datetime (2024-10-19 11:18:37.793348) while time zone support is active.
  warnings.warn(
/home/ystridin/virtualenv/aronno/3.10/lib/python3.10/site-packages/django/db/models/fields/__init__.py:1665: RuntimeWarning: DateTimeField Ad.start_date received a naive datetime (2024-10-19 11:18:37.793348) while time zone support is active.
  warnings.warn(
Not Found: /static/vendor/bootstrap/js/bootstrap.bundle.min.js
Popup Ad Object: Popup Ad - https://teccmark.com/
Ad Object: Popup Ad - https://teccmark.com/
Popup Ad Object: Popup Ad - https://teccmark.com/
Ad Object: Popup Ad - https://teccmark.com/
Popup Ad Object: Popup Ad - https://teccmark.com/
Ad Object: Popup Ad - https://teccmark.com/
Popup Ad Object: Popup Ad - https://teccmark.com/
Ad Object: Popup Ad - https://teccmark.com/
Popup Ad Object: Popup Ad - https://teccmark.com/
Ad Object: Popup Ad - https://teccmark.com/
Not Found: /static/vendor/bootstrap/js/bootstrap.bundle.min.js
Not Found: /cart.json
Popup Ad Object: Popup Ad - https://teccmark.com/
Ad Object: Popup Ad - https://teccmark.com/
Popup Ad Object: Popup Ad - https://teccmark.com/
Ad Object: Popup Ad - https://teccmark.com/
Popup Ad Object: Popup Ad - https://teccmark.com/
Ad Object: Popup Ad - https://teccmark.com/
Not Found: /news/17/
Popup Ad Object: Popup Ad - https://teccmark.com/
Ad Object: Popup Ad - https://teccmark.com/
Not Found: /static/vendor/bootstrap/js/bootstrap.bundle.min.js
Not Found: /cart.json
Popup Ad Object: Popup Ad - https://teccmark.com/
Ad Object: Popup Ad - https://teccmark.com/
Not Found: /media/img/logo.png
Not Found: /static/vendor/bootstrap/js/bootstrap.bundle.min.js
Not Found: /static/vendor/bootstrap/js/bootstrap.bundle.min.js
Not Found: /cart.json
Not Found: /static/vendor/bootstrap/js/bootstrap.bundle.min.js
Not Found: /cart.json
Popup Ad Object: Popup Ad - https://teccmark.com/
Popup Ad Object: Popup Ad - https://teccmark.com/
Ad Object: Popup Ad - https://teccmark.com/
Not Found: /static/vendor/bootstrap/js/bootstrap.bundle.min.js
Not Found: /cart.json
Popup Ad Object: Popup Ad - https://teccmark.com/
Ad Object: Popup Ad - https://teccmark.com/
Not Found: /static/vendor/bootstrap/js/bootstrap.bundle.min.js
Not Found: /cart.json
Popup Ad Object: Popup Ad - https://teccmark.com/
Ad Object: Popup Ad - https://teccmark.com/
Not Found: /static/vendor/bootstrap/js/bootstrap.bundle.min.js
Not Found: /cart.json
Popup Ad Object: Popup Ad - https://teccmark.com/
Ad Object: Popup Ad - https://teccmark.com/
Not Found: /favicon.ico
Not Found: /favicon.ico
Popup Ad Object: Popup Ad - https://teccmark.com/
Ad Object: Popup Ad - https://teccmark.com/
Popup Ad Object: Popup Ad - https://teccmark.com/
Ad Object: Popup Ad - https://teccmark.com/
Not Found: /static/vendor/bootstrap/js/bootstrap.bundle.min.js
Not Found: /cart.json
Not Found: /static/vendor/bootstrap/js/bootstrap.bundle.min.js
Not Found: /cart.json
Not Found: /category/technology/
Popup Ad Object: Popup Ad - https://teccmark.com/
Popup Ad Object: Popup Ad - https://teccmark.com/
Popup Ad Object: Popup Ad - https://teccmark.com/
Popup Ad Object: Popup Ad - https://teccmark.com/
Ad Object: Popup Ad - https://teccmark.com/
Popup Ad Object: Popup Ad - https://teccmark.com/
Popup Ad Object: Popup Ad - https://teccmark.com/
Popup Ad Object: Popup Ad - https://teccmark.com/
Ad Object: Popup Ad - https://teccmark.com/
Popup Ad Object: Popup Ad - https://teccmark.com/
Popup Ad Object: Popup Ad - https://teccmark.com/
Popup Ad Object: Popup Ad - https://teccmark.com/
Popup Ad Object: Popup Ad - https://teccmark.com/
Not Found: /static/vendor/bootstrap/js/bootstrap.bundle.min.js
Not Found: /cart.json
Not Found: /static/vendor/bootstrap/js/bootstrap.bundle.min.js
Not Found: /cart.json
Not Found: /favicon.ico
Popup Ad Object: Popup Ad - https://teccmark.com/
Ad Object: Popup Ad - https://teccmark.com/
Popup Ad Object: Popup Ad - https://teccmark.com/
Ad Object: Popup Ad - https://teccmark.com/
Not Found: /static/vendor/bootstrap/js/bootstrap.bundle.min.js
Not Found: /static/vendor/bootstrap/js/bootstrap.bundle.min.js
Popup Ad Object: Popup Ad - https://teccmark.com/
Ad Object: Popup Ad - https://teccmark.com/
Popup Ad Object: Popup Ad - https://teccmark.com/
Ad Object: Popup Ad - https://teccmark.com/
Not Found: /static/vendor/bootstrap/js/bootstrap.bundle.min.js
Not Found: /static/vendor/bootstrap/js/bootstrap.bundle.min.js
Not Found: /static/vendor/bootstrap/js/bootstrap.bundle.min.js
Not Found: /cart.json
Not Found: /static/vendor/bootstrap/js/bootstrap.bundle.min.js
Not Found: /static/vendor/bootstrap/js/bootstrap.bundle.min.js
Not Found: /cart.json
Popup Ad Object: Popup Ad - https://teccmark.com/
Ad Object: Popup Ad - https://teccmark.com/
Not Found: /static/vendor/bootstrap/js/bootstrap.bundle.min.js
Not Found: /cart.json
Not Found: /static/vendor/bootstrap/js/bootstrap.bundle.min.js
Popup Ad Object: Popup Ad - https://teccmark.com/
Ad Object: Popup Ad - https://teccmark.com/
Popup Ad Object: Popup Ad - https://teccmark.com/
Ad Object: Popup Ad - https://teccmark.com/
Popup Ad Object: Popup Ad - https://teccmark.com/
Ad Object: Popup Ad - https://teccmark.com/
Popup Ad Object: Popup Ad - https://teccmark.com/
Ad Object: Popup Ad - https://teccmark.com/
Popup Ad Object: Popup Ad - https://teccmark.com/
Ad Object: Popup Ad - https://teccmark.com/
Popup Ad Object: Popup Ad - https://teccmark.com/
Ad Object: Popup Ad - https://teccmark.com/
Popup Ad Object: Popup Ad - https://teccmark.com/
Ad Object: Popup Ad - https://teccmark.com/
Not Found: /category/international/
/home/ystridin/virtualenv/aronno/3.10/lib/python3.10/site-packages/django/db/models/fields/__init__.py:1665: RuntimeWarning: DateTimeField Ad.end_date received a naive datetime (2024-10-19 11:44:38.114491) while time zone support is active.
  warnings.warn(
/home/ystridin/virtualenv/aronno/3.10/lib/python3.10/site-packages/django/db/models/fields/__init__.py:1665: RuntimeWarning: DateTimeField Ad.start_date received a naive datetime (2024-10-19 11:44:38.114491) while time zone support is active.
  warnings.warn(
Not Found: /category/other_sports/
Not Found: /category/fashion/
Not Found: /category/technology/
Not Found: /category/literature_culture/
Not Found: /section/health/
Not Found: /section/law/
Not Found: /section/religion/
Not Found: /section/expatriate/
Not Found: /category/travel/
Not Found: /category/humanity/
Not Found: /category/jobs/
/home/ystridin/virtualenv/aronno/3.10/lib/python3.10/site-packages/django/db/models/fields/__init__.py:1665: RuntimeWarning: DateTimeField Ad.end_date received a naive datetime (2024-10-19 11:44:40.351615) while time zone support is active.
  warnings.warn(
/home/ystridin/virtualenv/aronno/3.10/lib/python3.10/site-packages/django/db/models/fields/__init__.py:1665: RuntimeWarning: DateTimeField Ad.start_date received a naive datetime (2024-10-19 11:44:40.351615) while time zone support is active.
  warnings.warn(
/home/ystridin/virtualenv/aronno/3.10/lib/python3.10/site-packages/django/db/models/fields/__init__.py:1665: RuntimeWarning: DateTimeField Ad.end_date received a naive datetime (2024-10-19 11:44:40.627168) while time zone support is active.
  warnings.warn(
/home/ystridin/virtualenv/aronno/3.10/lib/python3.10/site-packages/django/db/models/fields/__init__.py:1665: RuntimeWarning: DateTimeField Ad.start_date received a naive datetime (2024-10-19 11:44:40.627168) while time zone support is active.
  warnings.warn(
/home/ystridin/virtualenv/aronno/3.10/lib/python3.10/site-packages/django/db/models/fields/__init__.py:1665: RuntimeWarning: DateTimeField Ad.end_date received a naive datetime (2024-10-19 11:44:40.718636) while time zone support is active.
  warnings.warn(
/home/ystridin/virtualenv/aronno/3.10/lib/python3.10/site-packages/django/db/models/fields/__init__.py:1665: RuntimeWarning: DateTimeField Ad.start_date received a naive datetime (2024-10-19 11:44:40.718636) while time zone support is active.
  warnings.warn(
/home/ystridin/virtualenv/aronno/3.10/lib/python3.10/site-packages/django/db/models/fields/__init__.py:1665: RuntimeWarning: DateTimeField Ad.end_date received a naive datetime (2024-10-19 11:44:40.816835) while time zone support is active.
  warnings.warn(
/home/ystridin/virtualenv/aronno/3.10/lib/python3.10/site-packages/django/db/models/fields/__init__.py:1665: RuntimeWarning: DateTimeField Ad.start_date received a naive datetime (2024-10-19 11:44:40.816835) while time zone support is active.
  warnings.warn(
/home/ystridin/virtualenv/aronno/3.10/lib/python3.10/site-packages/django/db/models/fields/__init__.py:1665: RuntimeWarning: DateTimeField Ad.end_date received a naive datetime (2024-10-19 11:44:40.904798) while time zone support is active.
  warnings.warn(
/home/ystridin/virtualenv/aronno/3.10/lib/python3.10/site-packages/django/db/models/fields/__init__.py:1665: RuntimeWarning: DateTimeField Ad.start_date received a naive datetime (2024-10-19 11:44:40.904798) while time zone support is active.
  warnings.warn(
Popup Ad Object: Popup Ad - https://teccmark.com/
Popup Ad Object: Popup Ad - https://teccmark.com/
Not Found: /category/religion/
/home/ystridin/virtualenv/aronno/3.10/lib/python3.10/site-packages/django/db/models/fields/__init__.py:1665: RuntimeWarning: DateTimeField Ad.end_date received a naive datetime (2024-10-19 11:44:41.145139) while time zone support is active.
  warnings.warn(
/home/ystridin/virtualenv/aronno/3.10/lib/python3.10/site-packages/django/db/models/fields/__init__.py:1665: RuntimeWarning: DateTimeField Ad.start_date received a naive datetime (2024-10-19 11:44:41.145139) while time zone support is active.
  warnings.warn(
/home/ystridin/virtualenv/aronno/3.10/lib/python3.10/site-packages/django/db/models/fields/__init__.py:1665: RuntimeWarning: DateTimeField Ad.end_date received a naive datetime (2024-10-19 11:44:41.389343) while time zone support is active.
  warnings.warn(
/home/ystridin/virtualenv/aronno/3.10/lib/python3.10/site-packages/django/db/models/fields/__init__.py:1665: RuntimeWarning: DateTimeField Ad.start_date received a naive datetime (2024-10-19 11:44:41.389343) while time zone support is active.
  warnings.warn(
/home/ystridin/virtualenv/aronno/3.10/lib/python3.10/site-packages/django/db/models/fields/__init__.py:1665: RuntimeWarning: DateTimeField Ad.end_date received a naive datetime (2024-10-19 11:44:41.502433) while time zone support is active.
  warnings.warn(
/home/ystridin/virtualenv/aronno/3.10/lib/python3.10/site-packages/django/db/models/fields/__init__.py:1665: RuntimeWarning: DateTimeField Ad.start_date received a naive datetime (2024-10-19 11:44:41.502433) while time zone support is active.
  warnings.warn(
/home/ystridin/virtualenv/aronno/3.10/lib/python3.10/site-packages/django/db/models/fields/__init__.py:1665: RuntimeWarning: DateTimeField Ad.end_date received a naive datetime (2024-10-19 11:44:41.608731) while time zone support is active.
  warnings.warn(
/home/ystridin/virtualenv/aronno/3.10/lib/python3.10/site-packages/django/db/models/fields/__init__.py:1665: RuntimeWarning: DateTimeField Ad.start_date received a naive datetime (2024-10-19 11:44:41.608731) while time zone support is active.
  warnings.warn(
/home/ystridin/virtualenv/aronno/3.10/lib/python3.10/site-packages/django/db/models/fields/__init__.py:1665: RuntimeWarning: DateTimeField Ad.end_date received a naive datetime (2024-10-19 11:44:41.708055) while time zone support is active.
  warnings.warn(
/home/ystridin/virtualenv/aronno/3.10/lib/python3.10/site-packages/django/db/models/fields/__init__.py:1665: RuntimeWarning: DateTimeField Ad.start_date received a naive datetime (2024-10-19 11:44:41.708055) while time zone support is active.
  warnings.warn(
/home/ystridin/virtualenv/aronno/3.10/lib/python3.10/site-packages/django/db/models/fields/__init__.py:1665: RuntimeWarning: DateTimeField Ad.end_date received a naive datetime (2024-10-19 11:44:41.795481) while time zone support is active.
  warnings.warn(
/home/ystridin/virtualenv/aronno/3.10/lib/python3.10/site-packages/django/db/models/fields/__init__.py:1665: RuntimeWarning: DateTimeField Ad.start_date received a naive datetime (2024-10-19 11:44:41.795481) while time zone support is active.
  warnings.warn(
/home/ystridin/virtualenv/aronno/3.10/lib/python3.10/site-packages/django/db/models/fields/__init__.py:1665: RuntimeWarning: DateTimeField Ad.end_date received a naive datetime (2024-10-19 11:44:41.898488) while time zone support is active.
  warnings.warn(
/home/ystridin/virtualenv/aronno/3.10/lib/python3.10/site-packages/django/db/models/fields/__init__.py:1665: RuntimeWarning: DateTimeField Ad.start_date received a naive datetime (2024-10-19 11:44:41.898488) while time zone support is active.
  warnings.warn(
Not Found: /section/technology/
/home/ystridin/virtualenv/aronno/3.10/lib/python3.10/site-packages/django/db/models/fields/__init__.py:1665: RuntimeWarning: DateTimeField Ad.end_date received a naive datetime (2024-10-19 11:44:42.063507) while time zone support is active.
  warnings.warn(
/home/ystridin/virtualenv/aronno/3.10/lib/python3.10/site-packages/django/db/models/fields/__init__.py:1665: RuntimeWarning: DateTimeField Ad.start_date received a naive datetime (2024-10-19 11:44:42.063507) while time zone support is active.
  warnings.warn(
/home/ystridin/virtualenv/aronno/3.10/lib/python3.10/site-packages/django/db/models/fields/__init__.py:1665: RuntimeWarning: DateTimeField Ad.end_date received a naive datetime (2024-10-19 11:44:42.153601) while time zone support is active.
  warnings.warn(
/home/ystridin/virtualenv/aronno/3.10/lib/python3.10/site-packages/django/db/models/fields/__init__.py:1665: RuntimeWarning: DateTimeField Ad.start_date received a naive datetime (2024-10-19 11:44:42.153601) while time zone support is active.
  warnings.warn(
/home/ystridin/virtualenv/aronno/3.10/lib/python3.10/site-packages/django/db/models/fields/__init__.py:1665: RuntimeWarning: DateTimeField Ad.end_date received a naive datetime (2024-10-19 11:44:42.250479) while time zone support is active.
  warnings.warn(
/home/ystridin/virtualenv/aronno/3.10/lib/python3.10/site-packages/django/db/models/fields/__init__.py:1665: RuntimeWarning: DateTimeField Ad.start_date received a naive datetime (2024-10-19 11:44:42.250479) while time zone support is active.
  warnings.warn(
/home/ystridin/virtualenv/aronno/3.10/lib/python3.10/site-packages/django/db/models/fields/__init__.py:1665: RuntimeWarning: DateTimeField Ad.end_date received a naive datetime (2024-10-19 11:44:42.344894) while time zone support is active.
  warnings.warn(
/home/ystridin/virtualenv/aronno/3.10/lib/python3.10/site-packages/django/db/models/fields/__init__.py:1665: RuntimeWarning: DateTimeField Ad.start_date received a naive datetime (2024-10-19 11:44:42.344894) while time zone support is active.
  warnings.warn(
Popup Ad Object: Popup Ad - https://teccmark.com/
Ad Object: Popup Ad - https://teccmark.com/
/home/ystridin/virtualenv/aronno/3.10/lib/python3.10/site-packages/django/db/models/fields/__init__.py:1665: RuntimeWarning: DateTimeField Ad.end_date received a naive datetime (2024-10-19 11:44:42.490806) while time zone support is active.
  warnings.warn(
/home/ystridin/virtualenv/aronno/3.10/lib/python3.10/site-packages/django/db/models/fields/__init__.py:1665: RuntimeWarning: DateTimeField Ad.start_date received a naive datetime (2024-10-19 11:44:42.490806) while time zone support is active.
  warnings.warn(
/home/ystridin/virtualenv/aronno/3.10/lib/python3.10/site-packages/django/db/models/fields/__init__.py:1665: RuntimeWarning: DateTimeField Ad.end_date received a naive datetime (2024-10-19 11:44:42.593459) while time zone support is active.
  warnings.warn(
/home/ystridin/virtualenv/aronno/3.10/lib/python3.10/site-packages/django/db/models/fields/__init__.py:1665: RuntimeWarning: DateTimeField Ad.start_date received a naive datetime (2024-10-19 11:44:42.593459) while time zone support is active.
  warnings.warn(
/home/ystridin/virtualenv/aronno/3.10/lib/python3.10/site-packages/django/db/models/fields/__init__.py:1665: RuntimeWarning: DateTimeField Ad.end_date received a naive datetime (2024-10-19 11:44:42.685734) while time zone support is active.
  warnings.warn(
/home/ystridin/virtualenv/aronno/3.10/lib/python3.10/site-packages/django/db/models/fields/__init__.py:1665: RuntimeWarning: DateTimeField Ad.start_date received a naive datetime (2024-10-19 11:44:42.685734) while time zone support is active.
  warnings.warn(
/home/ystridin/virtualenv/aronno/3.10/lib/python3.10/site-packages/django/db/models/fields/__init__.py:1665: RuntimeWarning: DateTimeField Ad.end_date received a naive datetime (2024-10-19 11:44:42.793945) while time zone support is active.
  warnings.warn(
/home/ystridin/virtualenv/aronno/3.10/lib/python3.10/site-packages/django/db/models/fields/__init__.py:1665: RuntimeWarning: DateTimeField Ad.start_date received a naive datetime (2024-10-19 11:44:42.793945) while time zone support is active.
  warnings.warn(
Popup Ad Object: Popup Ad - https://teccmark.com/
Popup Ad Object: Popup Ad - https://teccmark.com/
Popup Ad Object: Popup Ad - https://teccmark.com/
Popup Ad Object: Popup Ad - https://teccmark.com/
Popup Ad Object: Popup Ad - https://teccmark.com/
Ad Object: Popup Ad - https://teccmark.com/
Popup Ad Object: Popup Ad - https://teccmark.com/
Popup Ad Object: Popup Ad - https://teccmark.com/
Popup Ad Object: Popup Ad - https://teccmark.com/
Popup Ad Object: Popup Ad - https://teccmark.com/
Ad Object: Popup Ad - https://teccmark.com/
Not Found: /media/img/logo.png
Not Found: /static/vendor/bootstrap/js/bootstrap.bundle.min.js
Not Found: /static/vendor/bootstrap/js/bootstrap.bundle.min.js
Popup Ad Object: Popup Ad - https://teccmark.com/
Popup Ad Object: Popup Ad - https://teccmark.com/
Popup Ad Object: Popup Ad - https://teccmark.com/
Popup Ad Object: Popup Ad - https://teccmark.com/
Popup Ad Object: Popup Ad - https://teccmark.com/
Popup Ad Object: Popup Ad - https://teccmark.com/
Not Found: /static/vendor/bootstrap/js/bootstrap.bundle.min.js
Popup Ad Object: Popup Ad - https://teccmark.com/
Ad Object: Popup Ad - https://teccmark.com/
Popup Ad Object: Popup Ad - https://teccmark.com/
Ad Object: Popup Ad - https://teccmark.com/
Popup Ad Object: Popup Ad - https://teccmark.com/
Ad Object: Popup Ad - https://teccmark.com/
Popup Ad Object: Popup Ad - https://teccmark.com/
Ad Object: Popup Ad - https://teccmark.com/
Popup Ad Object: Popup Ad - https://teccmark.com/
Ad Object: Popup Ad - https://teccmark.com/
Popup Ad Object: Popup Ad - https://teccmark.com/
Ad Object: Popup Ad - https://teccmark.com/
Not Found: /media/img/logo.png
Not Found: /static/vendor/bootstrap/js/bootstrap.bundle.min.js
Not Found: /static/vendor/bootstrap/js/bootstrap.bundle.min.js
Not Found: /static/vendor/bootstrap/js/bootstrap.bundle.min.js
[UID:1472][599946] Reached max children process limit: 6, extra: 2, current: 8, busy: 7, please increase LSAPI_CHILDREN.
[UID:1472][599946] Reached max children process limit: 6, extra: 2, current: 8, busy: 8, please increase LSAPI_CHILDREN.
[UID:1472][599946] Reached max children process limit: 6, extra: 2, current: 8, busy: 8, please increase LSAPI_CHILDREN.
[UID:1472][599946] Reached max children process limit: 6, extra: 2, current: 8, busy: 8, please increase LSAPI_CHILDREN.
[UID:1472][599946] Reached max children process limit: 6, extra: 2, current: 8, busy: 8, please increase LSAPI_CHILDREN.
[UID:1472][599946] Reached max children process limit: 6, extra: 2, current: 8, busy: 8, please increase LSAPI_CHILDREN.
[UID:1472][599946] Reached max children process limit: 6, extra: 2, current: 8, busy: 8, please increase LSAPI_CHILDREN.
[UID:1472][599946] Reached max children process limit: 6, extra: 2, current: 8, busy: 8, please increase LSAPI_CHILDREN.
[UID:1472][599946] Reached max children process limit: 6, extra: 2, current: 8, busy: 8, please increase LSAPI_CHILDREN.
[UID:1472][599946] Reached max children process limit: 6, extra: 2, current: 8, busy: 8, please increase LSAPI_CHILDREN.
Popup Ad Object: Popup Ad - https://teccmark.com/
Popup Ad Object: Popup Ad - https://teccmark.com/
Not Found: /cart.json
Popup Ad Object: Popup Ad - https://teccmark.com/
Popup Ad Object: Popup Ad - https://teccmark.com/
Popup Ad Object: Popup Ad - https://teccmark.com/
Popup Ad Object: Popup Ad - https://teccmark.com/
Popup Ad Object: Popup Ad - https://teccmark.com/
Ad Object: Popup Ad - https://teccmark.com/
Popup Ad Object: Popup Ad - https://teccmark.com/
Popup Ad Object: Popup Ad - https://teccmark.com/
Popup Ad Object: Popup Ad - https://teccmark.com/
Not Found: /static/vendor/bootstrap/js/bootstrap.bundle.min.js
Not Found: /cart.json
Popup Ad Object: Popup Ad - https://teccmark.com/
Ad Object: Popup Ad - https://teccmark.com/
Popup Ad Object: Popup Ad - https://teccmark.com/
Not Found: /static/vendor/bootstrap/js/bootstrap.bundle.min.js
Not Found: /cart.json
Popup Ad Object: Popup Ad - https://teccmark.com/
Ad Object: Popup Ad - https://teccmark.com/
Not Found: /static/vendor/bootstrap/js/bootstrap.bundle.min.js
Not Found: /cart.json
Popup Ad Object: Popup Ad - https://teccmark.com/
Ad Object: Popup Ad - https://teccmark.com/
Not Found: /static/vendor/bootstrap/js/bootstrap.bundle.min.js
Not Found: /cart.json
Popup Ad Object: Popup Ad - https://teccmark.com/
Ad Object: Popup Ad - https://teccmark.com/
Not Found: /static/vendor/bootstrap/js/bootstrap.bundle.min.js
Not Found: /cart.json
Popup Ad Object: Popup Ad - https://teccmark.com/
Ad Object: Popup Ad - https://teccmark.com/
Not Found: /static/vendor/bootstrap/js/bootstrap.bundle.min.js
Not Found: /media/img/logo.png
Not Found: /media/img/logo.png
Not Found: /static/vendor/bootstrap/js/bootstrap.bundle.min.js
Popup Ad Object: Popup Ad - https://teccmark.com/
Popup Ad Object: Popup Ad - https://teccmark.com/
Popup Ad Object: Popup Ad - https://teccmark.com/
Popup Ad Object: Popup Ad - https://teccmark.com/
Not Found: /static/vendor/bootstrap/js/bootstrap.bundle.min.js
Popup Ad Object: Popup Ad - https://teccmark.com/
Ad Object: Popup Ad - https://teccmark.com/
Popup Ad Object: Popup Ad - https://teccmark.com/
Ad Object: Popup Ad - https://teccmark.com/
Popup Ad Object: Popup Ad - https://teccmark.com/
Ad Object: Popup Ad - https://teccmark.com/
Popup Ad Object: Popup Ad - https://teccmark.com/
Popup Ad Object: Popup Ad - https://teccmark.com/
Ad Object: Popup Ad - https://teccmark.com/
Popup Ad Object: Popup Ad - https://teccmark.com/
Popup Ad Object: Popup Ad - https://teccmark.com/
Ad Object: Popup Ad - https://teccmark.com/
Popup Ad Object: Popup Ad - https://teccmark.com/
Ad Object: Popup Ad - https://teccmark.com/
Not Found: /favicon.ico
Not Found: /static/vendor/bootstrap/js/bootstrap.bundle.min.js
Not Found: /static/vendor/bootstrap/js/bootstrap.bundle.min.js
Popup Ad Object: Popup Ad - https://teccmark.com/
Ad Object: Popup Ad - https://teccmark.com/
Popup Ad Object: Popup Ad - https://teccmark.com/
Ad Object: Popup Ad - https://teccmark.com/
Popup Ad Object: Popup Ad - https://teccmark.com/
Ad Object: Popup Ad - https://teccmark.com/
Popup Ad Object: Popup Ad - https://teccmark.com/
Ad Object: Popup Ad - https://teccmark.com/
Popup Ad Object: Popup Ad - https://teccmark.com/
Ad Object: Popup Ad - https://teccmark.com/
Popup Ad Object: Popup Ad - https://teccmark.com/
Ad Object: Popup Ad - https://teccmark.com/
Not Found: /robots.txt
Not Found: /static/vendor/bootstrap/js/bootstrap.bundle.min.js
Not Found: /static/vendor/bootstrap/js/bootstrap.bundle.min.js
[UID:1472][599946] Reached max children process limit: 6, extra: 2, current: 8, busy: 8, please increase LSAPI_CHILDREN.
[UID:1472][599946] Reached max children process limit: 6, extra: 2, current: 8, busy: 8, please increase LSAPI_CHILDREN.
[UID:1472][599946] Reached max children process limit: 6, extra: 2, current: 8, busy: 8, please increase LSAPI_CHILDREN.
[UID:1472][599946] Reached max children process limit: 6, extra: 2, current: 8, busy: 8, please increase LSAPI_CHILDREN.
[UID:1472][599946] Reached max children process limit: 6, extra: 2, current: 8, busy: 8, please increase LSAPI_CHILDREN.
[UID:1472][599946] Reached max children process limit: 6, extra: 2, current: 8, busy: 8, please increase LSAPI_CHILDREN.
[UID:1472][599946] Reached max children process limit: 6, extra: 2, current: 8, busy: 8, please increase LSAPI_CHILDREN.
[UID:1472][599946] Reached max children process limit: 6, extra: 2, current: 8, busy: 8, please increase LSAPI_CHILDREN.
[UID:1472][599946] Reached max children process limit: 6, extra: 2, current: 8, busy: 8, please increase LSAPI_CHILDREN.
[UID:1472][599946] Reached max children process limit: 6, extra: 2, current: 8, busy: 8, please increase LSAPI_CHILDREN.
[UID:1472][599946] Reached max children process limit: 6, extra: 2, current: 8, busy: 8, please increase LSAPI_CHILDREN.
[UID:1472][599946] Reached max children process limit: 6, extra: 2, current: 8, busy: 8, please increase LSAPI_CHILDREN.
[UID:1472][599946] Reached max children process limit: 6, extra: 2, current: 8, busy: 8, please increase LSAPI_CHILDREN.
[UID:1472][599946] Reached max children process limit: 6, extra: 2, current: 8, busy: 8, please increase LSAPI_CHILDREN.
[UID:1472][599946] Reached max children process limit: 6, extra: 2, current: 8, busy: 8, please increase LSAPI_CHILDREN.
[UID:1472][599946] Reached max children process limit: 6, extra: 2, current: 8, busy: 8, please increase LSAPI_CHILDREN.
[UID:1472][599946] Reached max children process limit: 6, extra: 2, current: 8, busy: 8, please increase LSAPI_CHILDREN.
Popup Ad Object: Popup Ad - https://teccmark.com/
Ad Object: Popup Ad - https://teccmark.com/
[UID:1472][599946] Reached max children process limit: 6, extra: 2, current: 8, busy: 7, please increase LSAPI_CHILDREN.
[UID:1472][599946] Reached max children process limit: 6, extra: 2, current: 8, busy: 8, please increase LSAPI_CHILDREN.
[UID:1472][599946] Reached max children process limit: 6, extra: 2, current: 8, busy: 8, please increase LSAPI_CHILDREN.
Popup Ad Object: Popup Ad - https://teccmark.com/
Ad Object: Popup Ad - https://teccmark.com/
Popup Ad Object: Popup Ad - https://teccmark.com/
Ad Object: Popup Ad - https://teccmark.com/
Popup Ad Object: Popup Ad - https://teccmark.com/
Ad Object: Popup Ad - https://teccmark.com/
Popup Ad Object: Popup Ad - https://teccmark.com/
Ad Object: Popup Ad - https://teccmark.com/
Popup Ad Object: Popup Ad - https://teccmark.com/
Ad Object: Popup Ad - https://teccmark.com/
Popup Ad Object: Popup Ad - https://teccmark.com/
Ad Object: Popup Ad - https://teccmark.com/
Popup Ad Object: Popup Ad - https://teccmark.com/
Ad Object: Popup Ad - https://teccmark.com/
Popup Ad Object: Popup Ad - https://teccmark.com/
Ad Object: Popup Ad - https://teccmark.com/
[UID:1472][599946] Reached max children process limit: 6, extra: 2, current: 8, busy: 8, please increase LSAPI_CHILDREN.
[UID:1472][599946] Reached max children process limit: 6, extra: 2, current: 8, busy: 7, please increase LSAPI_CHILDREN.
[UID:1472][599946] Reached max children process limit: 6, extra: 2, current: 8, busy: 7, please increase LSAPI_CHILDREN.
[UID:1472][599946] Reached max children process limit: 6, extra: 2, current: 8, busy: 7, please increase LSAPI_CHILDREN.
[UID:1472][599946] Reached max children process limit: 6, extra: 2, current: 8, busy: 8, please increase LSAPI_CHILDREN.
[UID:1472][599946] Reached max children process limit: 6, extra: 2, current: 8, busy: 7, please increase LSAPI_CHILDREN.
[UID:1472][599946] Reached max children process limit: 6, extra: 2, current: 8, busy: 7, please increase LSAPI_CHILDREN.
Not Found: /static/vendor/bootstrap/js/bootstrap.bundle.min.js
Popup Ad Object: Popup Ad - https://teccmark.com/
Ad Object: Popup Ad - https://teccmark.com/
[UID:1472][599946] Reached max children process limit: 6, extra: 2, current: 8, busy: 8, please increase LSAPI_CHILDREN.
Not Found: /static/vendor/bootstrap/js/bootstrap.bundle.min.js
[UID:1472][599946] Reached max children process limit: 6, extra: 2, current: 8, busy: 8, please increase LSAPI_CHILDREN.
[UID:1472][599946] Reached max children process limit: 6, extra: 2, current: 8, busy: 8, please increase LSAPI_CHILDREN.
[UID:1472][599946] Reached max children process limit: 6, extra: 2, current: 8, busy: 8, please increase LSAPI_CHILDREN.
[UID:1472][599946] Reached max children process limit: 6, extra: 2, current: 8, busy: 8, please increase LSAPI_CHILDREN.
[UID:1472][599946] Reached max children process limit: 6, extra: 2, current: 8, busy: 8, please increase LSAPI_CHILDREN.
[UID:1472][599946] Reached max children process limit: 6, extra: 2, current: 8, busy: 8, please increase LSAPI_CHILDREN.
[UID:1472][599946] Reached max children process limit: 6, extra: 2, current: 8, busy: 8, please increase LSAPI_CHILDREN.
[UID:1472][599946] Reached max children process limit: 6, extra: 2, current: 8, busy: 8, please increase LSAPI_CHILDREN.
[UID:1472][599946] Reached max children process limit: 6, extra: 2, current: 8, busy: 8, please increase LSAPI_CHILDREN.
[UID:1472][599946] Reached max children process limit: 6, extra: 2, current: 8, busy: 8, please increase LSAPI_CHILDREN.
[UID:1472][599946] Reached max children process limit: 6, extra: 2, current: 8, busy: 8, please increase LSAPI_CHILDREN.
[UID:1472][599946] Reached max children process limit: 6, extra: 2, current: 8, busy: 8, please increase LSAPI_CHILDREN.
Not Found: /cart.json
Popup Ad Object: Popup Ad - https://teccmark.com/
Ad Object: Popup Ad - https://teccmark.com/
[UID:1472][599946] Reached max children process limit: 6, extra: 2, current: 8, busy: 8, please increase LSAPI_CHILDREN.
[UID:1472][599946] Reached max children process limit: 6, extra: 2, current: 8, busy: 7, please increase LSAPI_CHILDREN.
[UID:1472][599946] Reached max children process limit: 6, extra: 2, current: 8, busy: 7, please increase LSAPI_CHILDREN.
[UID:1472][599946] Reached max children process limit: 6, extra: 2, current: 8, busy: 7, please increase LSAPI_CHILDREN.
[UID:1472][599946] Reached max children process limit: 6, extra: 2, current: 8, busy: 8, please increase LSAPI_CHILDREN.
[UID:1472][599946] Reached max children process limit: 6, extra: 2, current: 8, busy: 7, please increase LSAPI_CHILDREN.
[UID:1472][599946] Reached max children process limit: 6, extra: 2, current: 8, busy: 7, please increase LSAPI_CHILDREN.
Popup Ad Object: Popup Ad - https://teccmark.com/
Ad Object: Popup Ad - https://teccmark.com/
Popup Ad Object: Popup Ad - https://teccmark.com/
Ad Object: Popup Ad - https://teccmark.com/
Popup Ad Object: Popup Ad - https://teccmark.com/
Ad Object: Popup Ad - https://teccmark.com/
Popup Ad Object: Popup Ad - https://teccmark.com/
Ad Object: Popup Ad - https://teccmark.com/
/home/ystridin/virtualenv/aronno/3.10/lib/python3.10/site-packages/django/db/models/fields/__init__.py:1665: RuntimeWarning: DateTimeField Ad.end_date received a naive datetime (2024-10-19 12:04:57.021050) while time zone support is active.
  warnings.warn(
/home/ystridin/virtualenv/aronno/3.10/lib/python3.10/site-packages/django/db/models/fields/__init__.py:1665: RuntimeWarning: DateTimeField Ad.start_date received a naive datetime (2024-10-19 12:04:57.021050) while time zone support is active.
  warnings.warn(
Not Found: /static/vendor/bootstrap/js/bootstrap.bundle.min.js
/home/ystridin/virtualenv/aronno/3.10/lib/python3.10/site-packages/django/db/models/fields/__init__.py:1665: RuntimeWarning: DateTimeField Ad.end_date received a naive datetime (2024-10-19 12:04:57.407628) while time zone support is active.
  warnings.warn(
/home/ystridin/virtualenv/aronno/3.10/lib/python3.10/site-packages/django/db/models/fields/__init__.py:1665: RuntimeWarning: DateTimeField Ad.start_date received a naive datetime (2024-10-19 12:04:57.407628) while time zone support is active.
  warnings.warn(
/home/ystridin/virtualenv/aronno/3.10/lib/python3.10/site-packages/django/db/models/fields/__init__.py:1665: RuntimeWarning: DateTimeField Ad.end_date received a naive datetime (2024-10-19 12:04:57.420406) while time zone support is active.
  warnings.warn(
/home/ystridin/virtualenv/aronno/3.10/lib/python3.10/site-packages/django/db/models/fields/__init__.py:1665: RuntimeWarning: DateTimeField Ad.start_date received a naive datetime (2024-10-19 12:04:57.420406) while time zone support is active.
  warnings.warn(
/home/ystridin/virtualenv/aronno/3.10/lib/python3.10/site-packages/django/db/models/fields/__init__.py:1665: RuntimeWarning: DateTimeField Ad.end_date received a naive datetime (2024-10-19 12:04:58.166698) while time zone support is active.
  warnings.warn(
/home/ystridin/virtualenv/aronno/3.10/lib/python3.10/site-packages/django/db/models/fields/__init__.py:1665: RuntimeWarning: DateTimeField Ad.start_date received a naive datetime (2024-10-19 12:04:58.166698) while time zone support is active.
  warnings.warn(
/home/ystridin/virtualenv/aronno/3.10/lib/python3.10/site-packages/django/db/models/fields/__init__.py:1665: RuntimeWarning: DateTimeField Ad.end_date received a naive datetime (2024-10-19 12:04:58.169122) while time zone support is active.
  warnings.warn(
/home/ystridin/virtualenv/aronno/3.10/lib/python3.10/site-packages/django/db/models/fields/__init__.py:1665: RuntimeWarning: DateTimeField Ad.start_date received a naive datetime (2024-10-19 12:04:58.169122) while time zone support is active.
  warnings.warn(
/home/ystridin/virtualenv/aronno/3.10/lib/python3.10/site-packages/django/db/models/fields/__init__.py:1665: RuntimeWarning: DateTimeField Ad.end_date received a naive datetime (2024-10-19 12:04:58.772763) while time zone support is active.
  warnings.warn(
/home/ystridin/virtualenv/aronno/3.10/lib/python3.10/site-packages/django/db/models/fields/__init__.py:1665: RuntimeWarning: DateTimeField Ad.start_date received a naive datetime (2024-10-19 12:04:58.772763) while time zone support is active.
  warnings.warn(
Popup Ad Object: Popup Ad - https://teccmark.com/
Ad Object: Popup Ad - https://teccmark.com/
Popup Ad Object: Popup Ad - https://teccmark.com/
Ad Object: Popup Ad - https://teccmark.com/
Popup Ad Object: Popup Ad - https://teccmark.com/
Ad Object: Popup Ad - https://teccmark.com/
/home/ystridin/virtualenv/aronno/3.10/lib/python3.10/site-packages/django/db/models/fields/__init__.py:1665: RuntimeWarning: DateTimeField Ad.end_date received a naive datetime (2024-10-19 12:05:53.726597) while time zone support is active.
  warnings.warn(
/home/ystridin/virtualenv/aronno/3.10/lib/python3.10/site-packages/django/db/models/fields/__init__.py:1665: RuntimeWarning: DateTimeField Ad.start_date received a naive datetime (2024-10-19 12:05:53.726597) while time zone support is active.
  warnings.warn(
Not Found: /static/vendor/bootstrap/js/bootstrap.bundle.min.js
Not Found: /static/vendor/bootstrap/js/bootstrap.bundle.min.js
Not Found: /static/vendor/bootstrap/js/bootstrap.bundle.min.js
Popup Ad Object: Popup Ad - https://teccmark.com/
Ad Object: Popup Ad - https://teccmark.com/
Popup Ad Object: Popup Ad - https://teccmark.com/
Ad Object: Popup Ad - https://teccmark.com/
/home/ystridin/virtualenv/aronno/3.10/lib/python3.10/site-packages/django/db/models/fields/__init__.py:1665: RuntimeWarning: DateTimeField Ad.end_date received a naive datetime (2024-10-19 12:06:54.823705) while time zone support is active.
  warnings.warn(
/home/ystridin/virtualenv/aronno/3.10/lib/python3.10/site-packages/django/db/models/fields/__init__.py:1665: RuntimeWarning: DateTimeField Ad.start_date received a naive datetime (2024-10-19 12:06:54.823705) while time zone support is active.
  warnings.warn(
/home/ystridin/virtualenv/aronno/3.10/lib/python3.10/site-packages/django/db/models/fields/__init__.py:1665: RuntimeWarning: DateTimeField Ad.end_date received a naive datetime (2024-10-19 12:06:55.204320) while time zone support is active.
  warnings.warn(
/home/ystridin/virtualenv/aronno/3.10/lib/python3.10/site-packages/django/db/models/fields/__init__.py:1665: RuntimeWarning: DateTimeField Ad.start_date received a naive datetime (2024-10-19 12:06:55.204320) while time zone support is active.
  warnings.warn(
/home/ystridin/virtualenv/aronno/3.10/lib/python3.10/site-packages/django/db/models/fields/__init__.py:1665: RuntimeWarning: DateTimeField Ad.end_date received a naive datetime (2024-10-19 12:06:55.364214) while time zone support is active.
  warnings.warn(
/home/ystridin/virtualenv/aronno/3.10/lib/python3.10/site-packages/django/db/models/fields/__init__.py:1665: RuntimeWarning: DateTimeField Ad.start_date received a naive datetime (2024-10-19 12:06:55.364214) while time zone support is active.
  warnings.warn(
Not Found: /static/vendor/bootstrap/js/bootstrap.bundle.min.js
/home/ystridin/virtualenv/aronno/3.10/lib/python3.10/site-packages/django/db/models/fields/__init__.py:1665: RuntimeWarning: DateTimeField Ad.end_date received a naive datetime (2024-10-19 12:06:55.903617) while time zone support is active.
  warnings.warn(
/home/ystridin/virtualenv/aronno/3.10/lib/python3.10/site-packages/django/db/models/fields/__init__.py:1665: RuntimeWarning: DateTimeField Ad.start_date received a naive datetime (2024-10-19 12:06:55.903617) while time zone support is active.
  warnings.warn(
/home/ystridin/virtualenv/aronno/3.10/lib/python3.10/site-packages/django/db/models/fields/__init__.py:1665: RuntimeWarning: DateTimeField Ad.end_date received a naive datetime (2024-10-19 12:06:55.906098) while time zone support is active.
  warnings.warn(
/home/ystridin/virtualenv/aronno/3.10/lib/python3.10/site-packages/django/db/models/fields/__init__.py:1665: RuntimeWarning: DateTimeField Ad.start_date received a naive datetime (2024-10-19 12:06:55.906098) while time zone support is active.
  warnings.warn(
Popup Ad Object: Popup Ad - https://teccmark.com/
Ad Object: Popup Ad - https://teccmark.com/
/home/ystridin/virtualenv/aronno/3.10/lib/python3.10/site-packages/django/db/models/fields/__init__.py:1665: RuntimeWarning: DateTimeField Ad.end_date received a naive datetime (2024-10-19 12:06:56.528320) while time zone support is active.
  warnings.warn(
/home/ystridin/virtualenv/aronno/3.10/lib/python3.10/site-packages/django/db/models/fields/__init__.py:1665: RuntimeWarning: DateTimeField Ad.start_date received a naive datetime (2024-10-19 12:06:56.528320) while time zone support is active.
  warnings.warn(
Popup Ad Object: Popup Ad - https://teccmark.com/
Ad Object: Popup Ad - https://teccmark.com/
Popup Ad Object: Popup Ad - https://teccmark.com/
Ad Object: Popup Ad - https://teccmark.com/
Popup Ad Object: Popup Ad - https://teccmark.com/
Ad Object: Popup Ad - https://teccmark.com/
Not Found: /static/vendor/bootstrap/js/bootstrap.bundle.min.js
Not Found: /static/vendor/bootstrap/js/bootstrap.bundle.min.js
Not Found: /static/vendor/bootstrap/js/bootstrap.bundle.min.js
Not Found: /static/vendor/bootstrap/js/bootstrap.bundle.min.js
Not Found: /static/vendor/bootstrap/js/bootstrap.bundle.min.js
/home/ystridin/virtualenv/aronno/3.10/lib/python3.10/site-packages/django/db/models/fields/__init__.py:1665: RuntimeWarning: DateTimeField Ad.end_date received a naive datetime (2024-10-19 12:08:25.216397) while time zone support is active.
  warnings.warn(
/home/ystridin/virtualenv/aronno/3.10/lib/python3.10/site-packages/django/db/models/fields/__init__.py:1665: RuntimeWarning: DateTimeField Ad.start_date received a naive datetime (2024-10-19 12:08:25.216397) while time zone support is active.
  warnings.warn(
Not Found: /static/vendor/bootstrap/js/bootstrap.bundle.min.js
/home/ystridin/virtualenv/aronno/3.10/lib/python3.10/site-packages/django/db/models/fields/__init__.py:1665: RuntimeWarning: DateTimeField Ad.end_date received a naive datetime (2024-10-19 12:08:25.519745) while time zone support is active.
  warnings.warn(
/home/ystridin/virtualenv/aronno/3.10/lib/python3.10/site-packages/django/db/models/fields/__init__.py:1665: RuntimeWarning: DateTimeField Ad.start_date received a naive datetime (2024-10-19 12:08:25.519745) while time zone support is active.
  warnings.warn(
/home/ystridin/virtualenv/aronno/3.10/lib/python3.10/site-packages/django/db/models/fields/__init__.py:1665: RuntimeWarning: DateTimeField Ad.end_date received a naive datetime (2024-10-19 12:08:25.715584) while time zone support is active.
  warnings.warn(
/home/ystridin/virtualenv/aronno/3.10/lib/python3.10/site-packages/django/db/models/fields/__init__.py:1665: RuntimeWarning: DateTimeField Ad.start_date received a naive datetime (2024-10-19 12:08:25.715584) while time zone support is active.
  warnings.warn(
/home/ystridin/virtualenv/aronno/3.10/lib/python3.10/site-packages/django/db/models/fields/__init__.py:1665: RuntimeWarning: DateTimeField Ad.end_date received a naive datetime (2024-10-19 12:08:26.239821) while time zone support is active.
  warnings.warn(
/home/ystridin/virtualenv/aronno/3.10/lib/python3.10/site-packages/django/db/models/fields/__init__.py:1665: RuntimeWarning: DateTimeField Ad.start_date received a naive datetime (2024-10-19 12:08:26.239821) while time zone support is active.
  warnings.warn(
/home/ystridin/virtualenv/aronno/3.10/lib/python3.10/site-packages/django/db/models/fields/__init__.py:1665: RuntimeWarning: DateTimeField Ad.end_date received a naive datetime (2024-10-19 12:08:26.251454) while time zone support is active.
  warnings.warn(
/home/ystridin/virtualenv/aronno/3.10/lib/python3.10/site-packages/django/db/models/fields/__init__.py:1665: RuntimeWarning: DateTimeField Ad.start_date received a naive datetime (2024-10-19 12:08:26.251454) while time zone support is active.
  warnings.warn(
/home/ystridin/virtualenv/aronno/3.10/lib/python3.10/site-packages/django/db/models/fields/__init__.py:1665: RuntimeWarning: DateTimeField Ad.end_date received a naive datetime (2024-10-19 12:08:27.055829) while time zone support is active.
  warnings.warn(
/home/ystridin/virtualenv/aronno/3.10/lib/python3.10/site-packages/django/db/models/fields/__init__.py:1665: RuntimeWarning: DateTimeField Ad.start_date received a naive datetime (2024-10-19 12:08:27.055829) while time zone support is active.
  warnings.warn(
Not Found: /media/img/logo.png
Not Found: /static/vendor/bootstrap/js/bootstrap.bundle.min.js
Not Found: /media/img/logo.png
Not Found: /static/vendor/bootstrap/js/bootstrap.bundle.min.js
Popup Ad Object: Popup Ad - https://teccmark.com/
Popup Ad Object: Popup Ad - https://teccmark.com/
Popup Ad Object: Popup Ad - https://teccmark.com/
Popup Ad Object: Popup Ad - https://teccmark.com/
Popup Ad Object: Popup Ad - https://teccmark.com/
Popup Ad Object: Popup Ad - https://teccmark.com/
Not Found: /media/img/logo.png
Not Found: /static/vendor/bootstrap/js/bootstrap.bundle.min.js
Not Found: /static/vendor/bootstrap/js/bootstrap.bundle.min.js
Not Found: /static/vendor/bootstrap/js/bootstrap.bundle.min.js
Not Found: /static/vendor/bootstrap/js/bootstrap.bundle.min.js
/home/ystridin/virtualenv/aronno/3.10/lib/python3.10/site-packages/django/db/models/fields/__init__.py:1665: RuntimeWarning: DateTimeField Ad.end_date received a naive datetime (2024-10-19 12:10:28.877658) while time zone support is active.
  warnings.warn(
/home/ystridin/virtualenv/aronno/3.10/lib/python3.10/site-packages/django/db/models/fields/__init__.py:1665: RuntimeWarning: DateTimeField Ad.start_date received a naive datetime (2024-10-19 12:10:28.877658) while time zone support is active.
  warnings.warn(
/home/ystridin/virtualenv/aronno/3.10/lib/python3.10/site-packages/django/db/models/fields/__init__.py:1665: RuntimeWarning: DateTimeField Ad.end_date received a naive datetime (2024-10-19 12:10:29.082094) while time zone support is active.
  warnings.warn(
/home/ystridin/virtualenv/aronno/3.10/lib/python3.10/site-packages/django/db/models/fields/__init__.py:1665: RuntimeWarning: DateTimeField Ad.start_date received a naive datetime (2024-10-19 12:10:29.082094) while time zone support is active.
  warnings.warn(
Not Found: /static/vendor/bootstrap/js/bootstrap.bundle.min.js
/home/ystridin/virtualenv/aronno/3.10/lib/python3.10/site-packages/django/db/models/fields/__init__.py:1665: RuntimeWarning: DateTimeField Ad.end_date received a naive datetime (2024-10-19 12:10:29.238420) while time zone support is active.
  warnings.warn(
/home/ystridin/virtualenv/aronno/3.10/lib/python3.10/site-packages/django/db/models/fields/__init__.py:1665: RuntimeWarning: DateTimeField Ad.start_date received a naive datetime (2024-10-19 12:10:29.238420) while time zone support is active.
  warnings.warn(
/home/ystridin/virtualenv/aronno/3.10/lib/python3.10/site-packages/django/db/models/fields/__init__.py:1665: RuntimeWarning: DateTimeField Ad.end_date received a naive datetime (2024-10-19 12:10:29.241133) while time zone support is active.
  warnings.warn(
/home/ystridin/virtualenv/aronno/3.10/lib/python3.10/site-packages/django/db/models/fields/__init__.py:1665: RuntimeWarning: DateTimeField Ad.start_date received a naive datetime (2024-10-19 12:10:29.241133) while time zone support is active.
  warnings.warn(
/home/ystridin/virtualenv/aronno/3.10/lib/python3.10/site-packages/django/db/models/fields/__init__.py:1665: RuntimeWarning: DateTimeField Ad.end_date received a naive datetime (2024-10-19 12:10:29.531713) while time zone support is active.
  warnings.warn(
/home/ystridin/virtualenv/aronno/3.10/lib/python3.10/site-packages/django/db/models/fields/__init__.py:1665: RuntimeWarning: DateTimeField Ad.start_date received a naive datetime (2024-10-19 12:10:29.531713) while time zone support is active.
  warnings.warn(
/home/ystridin/virtualenv/aronno/3.10/lib/python3.10/site-packages/django/db/models/fields/__init__.py:1665: RuntimeWarning: DateTimeField Ad.end_date received a naive datetime (2024-10-19 12:10:29.532424) while time zone support is active.
  warnings.warn(
/home/ystridin/virtualenv/aronno/3.10/lib/python3.10/site-packages/django/db/models/fields/__init__.py:1665: RuntimeWarning: DateTimeField Ad.start_date received a naive datetime (2024-10-19 12:10:29.532424) while time zone support is active.
  warnings.warn(
Not Found: /static/vendor/bootstrap/js/bootstrap.bundle.min.js
/home/ystridin/virtualenv/aronno/3.10/lib/python3.10/site-packages/django/db/models/fields/__init__.py:1665: RuntimeWarning: DateTimeField Ad.end_date received a naive datetime (2024-10-19 12:10:29.988211) while time zone support is active.
  warnings.warn(
/home/ystridin/virtualenv/aronno/3.10/lib/python3.10/site-packages/django/db/models/fields/__init__.py:1665: RuntimeWarning: DateTimeField Ad.start_date received a naive datetime (2024-10-19 12:10:29.988211) while time zone support is active.
  warnings.warn(
/home/ystridin/virtualenv/aronno/3.10/lib/python3.10/site-packages/django/db/models/fields/__init__.py:1665: RuntimeWarning: DateTimeField Ad.end_date received a naive datetime (2024-10-19 12:10:29.989092) while time zone support is active.
  warnings.warn(
/home/ystridin/virtualenv/aronno/3.10/lib/python3.10/site-packages/django/db/models/fields/__init__.py:1665: RuntimeWarning: DateTimeField Ad.start_date received a naive datetime (2024-10-19 12:10:29.989092) while time zone support is active.
  warnings.warn(
/home/ystridin/virtualenv/aronno/3.10/lib/python3.10/site-packages/django/db/models/fields/__init__.py:1665: RuntimeWarning: DateTimeField Ad.end_date received a naive datetime (2024-10-19 12:10:30.514590) while time zone support is active.
  warnings.warn(
/home/ystridin/virtualenv/aronno/3.10/lib/python3.10/site-packages/django/db/models/fields/__init__.py:1665: RuntimeWarning: DateTimeField Ad.start_date received a naive datetime (2024-10-19 12:10:30.514590) while time zone support is active.
  warnings.warn(
Popup Ad Object: Popup Ad - https://teccmark.com/
Popup Ad Object: Popup Ad - https://teccmark.com/
Popup Ad Object: Popup Ad - https://teccmark.com/
Popup Ad Object: Popup Ad - https://teccmark.com/
Popup Ad Object: Popup Ad - https://teccmark.com/
Popup Ad Object: Popup Ad - https://teccmark.com/
Ad Object: Popup Ad - https://teccmark.com/
Popup Ad Object: Popup Ad - https://teccmark.com/
Ad Object: Popup Ad - https://teccmark.com/
Popup Ad Object: Popup Ad - https://teccmark.com/
Ad Object: Popup Ad - https://teccmark.com/
Popup Ad Object: Popup Ad - https://teccmark.com/
Ad Object: Popup Ad - https://teccmark.com/
Popup Ad Object: Popup Ad - https://teccmark.com/
Ad Object: Popup Ad - https://teccmark.com/
Popup Ad Object: Popup Ad - https://teccmark.com/
Ad Object: Popup Ad - https://teccmark.com/
Popup Ad Object: Popup Ad - https://teccmark.com/
Ad Object: Popup Ad - https://teccmark.com/
Popup Ad Object: Popup Ad - https://teccmark.com/
Ad Object: Popup Ad - https://teccmark.com/
Not Found: /static/vendor/bootstrap/js/bootstrap.bundle.min.js
Not Found: /android-icon.png
Not Found: /apple-touch-icon.png
Popup Ad Object: Popup Ad - https://teccmark.com/
Popup Ad Object: Popup Ad - https://teccmark.com/
Ad Object: Popup Ad - https://teccmark.com/
Popup Ad Object: Popup Ad - https://teccmark.com/
Ad Object: Popup Ad - https://teccmark.com/
Popup Ad Object: Popup Ad - https://teccmark.com/
Ad Object: Popup Ad - https://teccmark.com/
Popup Ad Object: Popup Ad - https://teccmark.com/
Ad Object: Popup Ad - https://teccmark.com/
Popup Ad Object: Popup Ad - https://teccmark.com/
Ad Object: Popup Ad - https://teccmark.com/
Popup Ad Object: Popup Ad - https://teccmark.com/
Ad Object: Popup Ad - https://teccmark.com/
/home/ystridin/virtualenv/aronno/3.10/lib/python3.10/site-packages/django/db/models/fields/__init__.py:1665: RuntimeWarning: DateTimeField Ad.end_date received a naive datetime (2024-10-19 12:11:01.703700) while time zone support is active.
  warnings.warn(
/home/ystridin/virtualenv/aronno/3.10/lib/python3.10/site-packages/django/db/models/fields/__init__.py:1665: RuntimeWarning: DateTimeField Ad.start_date received a naive datetime (2024-10-19 12:11:01.703700) while time zone support is active.
  warnings.warn(
Not Found: /static/vendor/bootstrap/js/bootstrap.bundle.min.js
Not Found: /static/vendor/bootstrap/js/bootstrap.bundle.min.js
Not Found: /category/football/android-icon.png
Not Found: /category/football/apple-touch-icon.png
Not Found: /cart.json
Popup Ad Object: Popup Ad - https://teccmark.com/
Ad Object: Popup Ad - https://teccmark.com/
Popup Ad Object: Popup Ad - https://teccmark.com/
Ad Object: Popup Ad - https://teccmark.com/
/home/ystridin/virtualenv/aronno/3.10/lib/python3.10/site-packages/django/db/models/fields/__init__.py:1665: RuntimeWarning: DateTimeField Ad.end_date received a naive datetime (2024-10-19 12:11:07.250961) while time zone support is active.
  warnings.warn(
/home/ystridin/virtualenv/aronno/3.10/lib/python3.10/site-packages/django/db/models/fields/__init__.py:1665: RuntimeWarning: DateTimeField Ad.start_date received a naive datetime (2024-10-19 12:11:07.250961) while time zone support is active.
  warnings.warn(
Not Found: /static/vendor/bootstrap/js/bootstrap.bundle.min.js
Not Found: /static/vendor/bootstrap/js/bootstrap.bundle.min.js
Not Found: /cart.json
Not Found: /static/vendor/bootstrap/js/bootstrap.bundle.min.js
Not Found: /media/img/logo.png
Not Found: /static/vendor/bootstrap/js/bootstrap.bundle.min.js
Not Found: /static/vendor/bootstrap/js/bootstrap.bundle.min.js
Not Found: /news/26/android-icon.png
Not Found: /news/26/apple-touch-icon.png
Not Found: /cart.json
/home/ystridin/virtualenv/aronno/3.10/lib/python3.10/site-packages/django/db/models/fields/__init__.py:1665: RuntimeWarning: DateTimeField Ad.end_date received a naive datetime (2024-10-19 12:12:38.843602) while time zone support is active.
  warnings.warn(
/home/ystridin/virtualenv/aronno/3.10/lib/python3.10/site-packages/django/db/models/fields/__init__.py:1665: RuntimeWarning: DateTimeField Ad.start_date received a naive datetime (2024-10-19 12:12:38.843602) while time zone support is active.
  warnings.warn(
Not Found: /static/vendor/bootstrap/js/bootstrap.bundle.min.js
Popup Ad Object: Popup Ad - https://teccmark.com/
Ad Object: Popup Ad - https://teccmark.com/
Not Found: /favicon.ico
Not Found: /static/vendor/bootstrap/js/bootstrap.bundle.min.js
Popup Ad Object: Popup Ad - https://teccmark.com/
Ad Object: Popup Ad - https://teccmark.com/
Popup Ad Object: Popup Ad - https://teccmark.com/
Popup Ad Object: Popup Ad - https://teccmark.com/
Ad Object: Popup Ad - https://teccmark.com/
Popup Ad Object: Popup Ad - https://teccmark.com/
Ad Object: Popup Ad - https://teccmark.com/
Popup Ad Object: Popup Ad - https://teccmark.com/
Ad Object: Popup Ad - https://teccmark.com/
Popup Ad Object: Popup Ad - https://teccmark.com/
Ad Object: Popup Ad - https://teccmark.com/
Popup Ad Object: Popup Ad - https://teccmark.com/
Ad Object: Popup Ad - https://teccmark.com/
Popup Ad Object: Popup Ad - https://teccmark.com/
Ad Object: Popup Ad - https://teccmark.com/
Popup Ad Object: Popup Ad - https://teccmark.com/
Ad Object: Popup Ad - https://teccmark.com/
Popup Ad Object: Popup Ad - https://teccmark.com/
Ad Object: Popup Ad - https://teccmark.com/
Popup Ad Object: Popup Ad - https://teccmark.com/
Ad Object: Popup Ad - https://teccmark.com/
Popup Ad Object: Popup Ad - https://teccmark.com/
Ad Object: Popup Ad - https://teccmark.com/
Popup Ad Object: Popup Ad - https://teccmark.com/
Ad Object: Popup Ad - https://teccmark.com/
/home/ystridin/virtualenv/aronno/3.10/lib/python3.10/site-packages/django/db/models/fields/__init__.py:1665: RuntimeWarning: DateTimeField Ad.end_date received a naive datetime (2024-10-19 12:15:02.369876) while time zone support is active.
  warnings.warn(
/home/ystridin/virtualenv/aronno/3.10/lib/python3.10/site-packages/django/db/models/fields/__init__.py:1665: RuntimeWarning: DateTimeField Ad.start_date received a naive datetime (2024-10-19 12:15:02.369876) while time zone support is active.
  warnings.warn(
Not Found: /static/vendor/bootstrap/js/bootstrap.bundle.min.js
/home/ystridin/virtualenv/aronno/3.10/lib/python3.10/site-packages/django/db/models/fields/__init__.py:1665: RuntimeWarning: DateTimeField Ad.end_date received a naive datetime (2024-10-19 12:15:03.190697) while time zone support is active.
  warnings.warn(
/home/ystridin/virtualenv/aronno/3.10/lib/python3.10/site-packages/django/db/models/fields/__init__.py:1665: RuntimeWarning: DateTimeField Ad.end_date received a naive datetime (2024-10-19 12:15:03.190706) while time zone support is active.
  warnings.warn(
/home/ystridin/virtualenv/aronno/3.10/lib/python3.10/site-packages/django/db/models/fields/__init__.py:1665: RuntimeWarning: DateTimeField Ad.start_date received a naive datetime (2024-10-19 12:15:03.190697) while time zone support is active.
  warnings.warn(
/home/ystridin/virtualenv/aronno/3.10/lib/python3.10/site-packages/django/db/models/fields/__init__.py:1665: RuntimeWarning: DateTimeField Ad.start_date received a naive datetime (2024-10-19 12:15:03.190706) while time zone support is active.
  warnings.warn(
/home/ystridin/virtualenv/aronno/3.10/lib/python3.10/site-packages/django/db/models/fields/__init__.py:1665: RuntimeWarning: DateTimeField Ad.end_date received a naive datetime (2024-10-19 12:15:03.647784) while time zone support is active.
  warnings.warn(
/home/ystridin/virtualenv/aronno/3.10/lib/python3.10/site-packages/django/db/models/fields/__init__.py:1665: RuntimeWarning: DateTimeField Ad.start_date received a naive datetime (2024-10-19 12:15:03.647784) while time zone support is active.
  warnings.warn(
/home/ystridin/virtualenv/aronno/3.10/lib/python3.10/site-packages/django/db/models/fields/__init__.py:1665: RuntimeWarning: DateTimeField Ad.end_date received a naive datetime (2024-10-19 12:15:03.654686) while time zone support is active.
  warnings.warn(
/home/ystridin/virtualenv/aronno/3.10/lib/python3.10/site-packages/django/db/models/fields/__init__.py:1665: RuntimeWarning: DateTimeField Ad.start_date received a naive datetime (2024-10-19 12:15:03.654686) while time zone support is active.
  warnings.warn(
/home/ystridin/virtualenv/aronno/3.10/lib/python3.10/site-packages/django/db/models/fields/__init__.py:1665: RuntimeWarning: DateTimeField Ad.end_date received a naive datetime (2024-10-19 12:15:04.017423) while time zone support is active.
  warnings.warn(
/home/ystridin/virtualenv/aronno/3.10/lib/python3.10/site-packages/django/db/models/fields/__init__.py:1665: RuntimeWarning: DateTimeField Ad.start_date received a naive datetime (2024-10-19 12:15:04.017423) while time zone support is active.
  warnings.warn(
/home/ystridin/virtualenv/aronno/3.10/lib/python3.10/site-packages/django/db/models/fields/__init__.py:1665: RuntimeWarning: DateTimeField Ad.end_date received a naive datetime (2024-10-19 12:15:11.272781) while time zone support is active.
  warnings.warn(
/home/ystridin/virtualenv/aronno/3.10/lib/python3.10/site-packages/django/db/models/fields/__init__.py:1665: RuntimeWarning: DateTimeField Ad.start_date received a naive datetime (2024-10-19 12:15:11.272781) while time zone support is active.
  warnings.warn(
/home/ystridin/virtualenv/aronno/3.10/lib/python3.10/site-packages/django/db/models/fields/__init__.py:1665: RuntimeWarning: DateTimeField Ad.end_date received a naive datetime (2024-10-19 12:15:11.526192) while time zone support is active.
  warnings.warn(
/home/ystridin/virtualenv/aronno/3.10/lib/python3.10/site-packages/django/db/models/fields/__init__.py:1665: RuntimeWarning: DateTimeField Ad.start_date received a naive datetime (2024-10-19 12:15:11.526192) while time zone support is active.
  warnings.warn(
Not Found: /static/vendor/bootstrap/js/bootstrap.bundle.min.js
/home/ystridin/virtualenv/aronno/3.10/lib/python3.10/site-packages/django/db/models/fields/__init__.py:1665: RuntimeWarning: DateTimeField Ad.end_date received a naive datetime (2024-10-19 12:15:11.534486) while time zone support is active.
  warnings.warn(
/home/ystridin/virtualenv/aronno/3.10/lib/python3.10/site-packages/django/db/models/fields/__init__.py:1665: RuntimeWarning: DateTimeField Ad.start_date received a naive datetime (2024-10-19 12:15:11.534486) while time zone support is active.
  warnings.warn(
/home/ystridin/virtualenv/aronno/3.10/lib/python3.10/site-packages/django/db/models/fields/__init__.py:1665: RuntimeWarning: DateTimeField Ad.end_date received a naive datetime (2024-10-19 12:15:11.740790) while time zone support is active.
  warnings.warn(
/home/ystridin/virtualenv/aronno/3.10/lib/python3.10/site-packages/django/db/models/fields/__init__.py:1665: RuntimeWarning: DateTimeField Ad.start_date received a naive datetime (2024-10-19 12:15:11.740790) while time zone support is active.
  warnings.warn(
/home/ystridin/virtualenv/aronno/3.10/lib/python3.10/site-packages/django/db/models/fields/__init__.py:1665: RuntimeWarning: DateTimeField Ad.end_date received a naive datetime (2024-10-19 12:15:11.975841) while time zone support is active.
  warnings.warn(
/home/ystridin/virtualenv/aronno/3.10/lib/python3.10/site-packages/django/db/models/fields/__init__.py:1665: RuntimeWarning: DateTimeField Ad.start_date received a naive datetime (2024-10-19 12:15:11.975841) while time zone support is active.
  warnings.warn(
Not Found: /static/vendor/bootstrap/js/bootstrap.bundle.min.js
Not Found: /cart.json
Popup Ad Object: Popup Ad - https://teccmark.com/
Ad Object: Popup Ad - https://teccmark.com/
Not Found: /static/vendor/bootstrap/js/bootstrap.bundle.min.js
Popup Ad Object: Popup Ad - https://teccmark.com/
Ad Object: Popup Ad - https://teccmark.com/
Popup Ad Object: Popup Ad - https://teccmark.com/
Ad Object: Popup Ad - https://teccmark.com/
Popup Ad Object: Popup Ad - https://teccmark.com/
Ad Object: Popup Ad - https://teccmark.com/
Not Found: /static/vendor/bootstrap/js/bootstrap.bundle.min.js
[UID:1472][599946] Reached max children process limit: 6, extra: 2, current: 8, busy: 7, please increase LSAPI_CHILDREN.
[UID:1472][599946] Reached max children process limit: 6, extra: 2, current: 8, busy: 8, please increase LSAPI_CHILDREN.
[UID:1472][599946] Reached max children process limit: 6, extra: 2, current: 8, busy: 8, please increase LSAPI_CHILDREN.
[UID:1472][599946] Reached max children process limit: 6, extra: 2, current: 8, busy: 8, please increase LSAPI_CHILDREN.
[UID:1472][599946] Reached max children process limit: 6, extra: 2, current: 8, busy: 8, please increase LSAPI_CHILDREN.
[UID:1472][599946] Reached max children process limit: 6, extra: 2, current: 8, busy: 8, please increase LSAPI_CHILDREN.
[UID:1472][599946] Reached max children process limit: 6, extra: 2, current: 8, busy: 8, please increase LSAPI_CHILDREN.
[UID:1472][599946] Reached max children process limit: 6, extra: 2, current: 8, busy: 8, please increase LSAPI_CHILDREN.
Popup Ad Object: Popup Ad - https://teccmark.com/
Ad Object: Popup Ad - https://teccmark.com/
[UID:1472][599946] Reached max children process limit: 6, extra: 2, current: 8, busy: 8, please increase LSAPI_CHILDREN.
Popup Ad Object: Popup Ad - https://teccmark.com/
Ad Object: Popup Ad - https://teccmark.com/
Popup Ad Object: Popup Ad - https://teccmark.com/
Ad Object: Popup Ad - https://teccmark.com/
Popup Ad Object: Popup Ad - https://teccmark.com/
Ad Object: Popup Ad - https://teccmark.com/
Popup Ad Object: Popup Ad - https://teccmark.com/
Ad Object: Popup Ad - https://teccmark.com/
Popup Ad Object: Popup Ad - https://teccmark.com/
Ad Object: Popup Ad - https://teccmark.com/
Not Found: /favicon.ico
Not Found: /static/vendor/bootstrap/js/bootstrap.bundle.min.js
Not Found: /cart.json
Not Found: /static/vendor/bootstrap/js/bootstrap.bundle.min.js
Not Found: /cart.json
Not Found: /static/vendor/bootstrap/js/bootstrap.bundle.min.js
Not Found: /cart.json
Not Found: /static/vendor/bootstrap/js/bootstrap.bundle.min.js
Popup Ad Object: Popup Ad - https://teccmark.com/
Ad Object: Popup Ad - https://teccmark.com/
Popup Ad Object: Popup Ad - https://teccmark.com/
Ad Object: Popup Ad - https://teccmark.com/
Popup Ad Object: Popup Ad - https://teccmark.com/
Ad Object: Popup Ad - https://teccmark.com/
Popup Ad Object: Popup Ad - https://teccmark.com/
Ad Object: Popup Ad - https://teccmark.com/
Popup Ad Object: Popup Ad - https://teccmark.com/
Ad Object: Popup Ad - https://teccmark.com/
Popup Ad Object: Popup Ad - https://teccmark.com/
Ad Object: Popup Ad - https://teccmark.com/
Popup Ad Object: Popup Ad - https://teccmark.com/
Ad Object: Popup Ad - https://teccmark.com/
Popup Ad Object: Popup Ad - https://teccmark.com/
Ad Object: Popup Ad - https://teccmark.com/
Popup Ad Object: Popup Ad - https://teccmark.com/
Ad Object: Popup Ad - https://teccmark.com/
Not Found: /favicon.ico
Not Found: /favicon.ico
Not Found: /static/vendor/bootstrap/js/bootstrap.bundle.min.js
Popup Ad Object: Popup Ad - https://teccmark.com/
Ad Object: Popup Ad - https://teccmark.com/
Popup Ad Object: Popup Ad - https://teccmark.com/
Ad Object: Popup Ad - https://teccmark.com/
Popup Ad Object: Popup Ad - https://teccmark.com/
Ad Object: Popup Ad - https://teccmark.com/
Popup Ad Object: Popup Ad - https://teccmark.com/
Ad Object: Popup Ad - https://teccmark.com/
Popup Ad Object: Popup Ad - https://teccmark.com/
Ad Object: Popup Ad - https://teccmark.com/
Popup Ad Object: Popup Ad - https://teccmark.com/
Ad Object: Popup Ad - https://teccmark.com/
Popup Ad Object: Popup Ad - https://teccmark.com/
Ad Object: Popup Ad - https://teccmark.com/
Not Found: /static/vendor/bootstrap/js/bootstrap.bundle.min.js
Popup Ad Object: Popup Ad - https://teccmark.com/
Ad Object: Popup Ad - https://teccmark.com/
Popup Ad Object: Popup Ad - https://teccmark.com/
Ad Object: Popup Ad - https://teccmark.com/
Popup Ad Object: Popup Ad - https://teccmark.com/
Ad Object: Popup Ad - https://teccmark.com/
Popup Ad Object: Popup Ad - https://teccmark.com/
Ad Object: Popup Ad - https://teccmark.com/
Not Found: /cart.json
Not Found: /favicon.ico
[UID:1472][599946] Reached max children process limit: 6, extra: 2, current: 8, busy: 7, please increase LSAPI_CHILDREN.
Not Found: /static/vendor/bootstrap/js/bootstrap.bundle.min.js
[UID:1472][599946] Reached max children process limit: 6, extra: 2, current: 8, busy: 8, please increase LSAPI_CHILDREN.
[UID:1472][599946] Reached max children process limit: 6, extra: 2, current: 8, busy: 8, please increase LSAPI_CHILDREN.
[UID:1472][599946] Reached max children process limit: 6, extra: 2, current: 8, busy: 8, please increase LSAPI_CHILDREN.
[UID:1472][599946] Reached max children process limit: 6, extra: 2, current: 8, busy: 8, please increase LSAPI_CHILDREN.
[UID:1472][599946] Reached max children process limit: 6, extra: 2, current: 8, busy: 8, please increase LSAPI_CHILDREN.
[UID:1472][599946] Reached max children process limit: 6, extra: 2, current: 8, busy: 8, please increase LSAPI_CHILDREN.
[UID:1472][599946] Reached max children process limit: 6, extra: 2, current: 8, busy: 8, please increase LSAPI_CHILDREN.
[UID:1472][599946] Reached max children process limit: 6, extra: 2, current: 8, busy: 8, please increase LSAPI_CHILDREN.
[UID:1472][599946] Reached max children process limit: 6, extra: 2, current: 8, busy: 8, please increase LSAPI_CHILDREN.
[UID:1472][599946] Reached max children process limit: 6, extra: 2, current: 8, busy: 8, please increase LSAPI_CHILDREN.
Popup Ad Object: Popup Ad - https://teccmark.com/
Ad Object: Popup Ad - https://teccmark.com/
Popup Ad Object: Popup Ad - https://teccmark.com/
Ad Object: Popup Ad - https://teccmark.com/
Popup Ad Object: Popup Ad - https://teccmark.com/
Ad Object: Popup Ad - https://teccmark.com/
Popup Ad Object: Popup Ad - https://teccmark.com/
Ad Object: Popup Ad - https://teccmark.com/
Popup Ad Object: Popup Ad - https://teccmark.com/
Ad Object: Popup Ad - https://teccmark.com/
Popup Ad Object: Popup Ad - https://teccmark.com/
Ad Object: Popup Ad - https://teccmark.com/
Popup Ad Object: Popup Ad - https://teccmark.com/
Ad Object: Popup Ad - https://teccmark.com/
Not Found: /static/vendor/bootstrap/js/bootstrap.bundle.min.js
Not Found: /cart.json
Popup Ad Object: Popup Ad - https://teccmark.com/
Ad Object: Popup Ad - https://teccmark.com/
Popup Ad Object: Popup Ad - https://teccmark.com/
Ad Object: Popup Ad - https://teccmark.com/
Popup Ad Object: Popup Ad - https://teccmark.com/
Ad Object: Popup Ad - https://teccmark.com/
Popup Ad Object: Popup Ad - https://teccmark.com/
Ad Object: Popup Ad - https://teccmark.com/
Not Found: /static/vendor/bootstrap/js/bootstrap.bundle.min.js
Not Found: /cart.json
Popup Ad Object: Popup Ad - https://teccmark.com/
Ad Object: Popup Ad - https://teccmark.com/
Popup Ad Object: Popup Ad - https://teccmark.com/
Ad Object: Popup Ad - https://teccmark.com/
Not Found: /static/vendor/bootstrap/js/bootstrap.bundle.min.js
Not Found: /cart.json
Popup Ad Object: Popup Ad - https://teccmark.com/
Ad Object: Popup Ad - https://teccmark.com/
Popup Ad Object: Popup Ad - https://teccmark.com/
Ad Object: Popup Ad - https://teccmark.com/
Not Found: /static/vendor/bootstrap/js/bootstrap.bundle.min.js
Popup Ad Object: Popup Ad - https://teccmark.com/
Ad Object: Popup Ad - https://teccmark.com/
Popup Ad Object: Popup Ad - https://teccmark.com/
Ad Object: Popup Ad - https://teccmark.com/
Popup Ad Object: Popup Ad - https://teccmark.com/
Ad Object: Popup Ad - https://teccmark.com/
Popup Ad Object: Popup Ad - https://teccmark.com/
Ad Object: Popup Ad - https://teccmark.com/
Popup Ad Object: Popup Ad - https://teccmark.com/
Ad Object: Popup Ad - https://teccmark.com/
Not Found: /favicon.ico
Popup Ad Object: Popup Ad - https://teccmark.com/
Ad Object: Popup Ad - https://teccmark.com/
Popup Ad Object: Popup Ad - https://teccmark.com/
Ad Object: Popup Ad - https://teccmark.com/
Not Found: /static/vendor/bootstrap/js/bootstrap.bundle.min.js
Not Found: /cart.json
Popup Ad Object: Popup Ad - https://teccmark.com/
Ad Object: Popup Ad - https://teccmark.com/
Not Found: /media/img/logo.png
Not Found: /static/vendor/bootstrap/js/bootstrap.bundle.min.js
Not Found: /static/vendor/bootstrap/js/bootstrap.bundle.min.js
Not Found: /static/vendor/bootstrap/js/bootstrap.bundle.min.js
Not Found: /cart.json
Popup Ad Object: Popup Ad - https://teccmark.com/
Ad Object: Popup Ad - https://teccmark.com/
Not Found: /static/vendor/bootstrap/js/bootstrap.bundle.min.js
Not Found: /cart.json
Popup Ad Object: Popup Ad - https://teccmark.com/
Ad Object: Popup Ad - https://teccmark.com/
Popup Ad Object: Popup Ad - https://teccmark.com/
Ad Object: Popup Ad - https://teccmark.com/
Popup Ad Object: Popup Ad - https://teccmark.com/
Popup Ad Object: Popup Ad - https://teccmark.com/
Popup Ad Object: Popup Ad - https://teccmark.com/
Popup Ad Object: Popup Ad - https://teccmark.com/
Popup Ad Object: Popup Ad - https://teccmark.com/
Popup Ad Object: Popup Ad - https://teccmark.com/
/home/ystridin/virtualenv/aronno/3.10/lib/python3.10/site-packages/django/db/models/fields/__init__.py:1665: RuntimeWarning: DateTimeField Ad.end_date received a naive datetime (2024-10-19 12:33:50.626341) while time zone support is active.
  warnings.warn(
/home/ystridin/virtualenv/aronno/3.10/lib/python3.10/site-packages/django/db/models/fields/__init__.py:1665: RuntimeWarning: DateTimeField Ad.start_date received a naive datetime (2024-10-19 12:33:50.626341) while time zone support is active.
  warnings.warn(
Not Found: /static/vendor/bootstrap/js/bootstrap.bundle.min.js
Not Found: /cart.json
Not Found: /media/img/logo.png
Not Found: /static/vendor/bootstrap/js/bootstrap.bundle.min.js
Not Found: /static/vendor/bootstrap/js/bootstrap.bundle.min.js
Not Found: /category/international/
Not Found: /category/international/
Not Found: /category/international/
Not Found: /category/international/
Not Found: /category/international/
Popup Ad Object: Popup Ad - https://teccmark.com/
Popup Ad Object: Popup Ad - https://teccmark.com/
/home/ystridin/virtualenv/aronno/3.10/lib/python3.10/site-packages/django/db/models/fields/__init__.py:1665: RuntimeWarning: DateTimeField Ad.end_date received a naive datetime (2024-10-19 12:37:38.871552) while time zone support is active.
  warnings.warn(
/home/ystridin/virtualenv/aronno/3.10/lib/python3.10/site-packages/django/db/models/fields/__init__.py:1665: RuntimeWarning: DateTimeField Ad.start_date received a naive datetime (2024-10-19 12:37:38.871552) while time zone support is active.
  warnings.warn(
Not Found: /static/vendor/bootstrap/js/bootstrap.bundle.min.js
/home/ystridin/virtualenv/aronno/3.10/lib/python3.10/site-packages/django/db/models/fields/__init__.py:1665: RuntimeWarning: DateTimeField Ad.end_date received a naive datetime (2024-10-19 12:37:39.300211) while time zone support is active.
  warnings.warn(
/home/ystridin/virtualenv/aronno/3.10/lib/python3.10/site-packages/django/db/models/fields/__init__.py:1665: RuntimeWarning: DateTimeField Ad.start_date received a naive datetime (2024-10-19 12:37:39.300211) while time zone support is active.
  warnings.warn(
/home/ystridin/virtualenv/aronno/3.10/lib/python3.10/site-packages/django/db/models/fields/__init__.py:1665: RuntimeWarning: DateTimeField Ad.end_date received a naive datetime (2024-10-19 12:37:39.311741) while time zone support is active.
  warnings.warn(
/home/ystridin/virtualenv/aronno/3.10/lib/python3.10/site-packages/django/db/models/fields/__init__.py:1665: RuntimeWarning: DateTimeField Ad.start_date received a naive datetime (2024-10-19 12:37:39.311741) while time zone support is active.
  warnings.warn(
/home/ystridin/virtualenv/aronno/3.10/lib/python3.10/site-packages/django/db/models/fields/__init__.py:1665: RuntimeWarning: DateTimeField Ad.end_date received a naive datetime (2024-10-19 12:37:39.318750) while time zone support is active.
  warnings.warn(
/home/ystridin/virtualenv/aronno/3.10/lib/python3.10/site-packages/django/db/models/fields/__init__.py:1665: RuntimeWarning: DateTimeField Ad.start_date received a naive datetime (2024-10-19 12:37:39.318750) while time zone support is active.
  warnings.warn(
/home/ystridin/virtualenv/aronno/3.10/lib/python3.10/site-packages/django/db/models/fields/__init__.py:1665: RuntimeWarning: DateTimeField Ad.end_date received a naive datetime (2024-10-19 12:37:39.904443) while time zone support is active.
  warnings.warn(
/home/ystridin/virtualenv/aronno/3.10/lib/python3.10/site-packages/django/db/models/fields/__init__.py:1665: RuntimeWarning: DateTimeField Ad.start_date received a naive datetime (2024-10-19 12:37:39.904443) while time zone support is active.
  warnings.warn(
/home/ystridin/virtualenv/aronno/3.10/lib/python3.10/site-packages/django/db/models/fields/__init__.py:1665: RuntimeWarning: DateTimeField Ad.end_date received a naive datetime (2024-10-19 12:37:40.415660) while time zone support is active.
  warnings.warn(
/home/ystridin/virtualenv/aronno/3.10/lib/python3.10/site-packages/django/db/models/fields/__init__.py:1665: RuntimeWarning: DateTimeField Ad.start_date received a naive datetime (2024-10-19 12:37:40.415660) while time zone support is active.
  warnings.warn(
Not Found: /category/international/
Not Found: /category/international/
Not Found: /category/international/
Not Found: /category/international/
Not Found: /category/international/
/home/ystridin/virtualenv/aronno/3.10/lib/python3.10/site-packages/django/db/models/fields/__init__.py:1665: RuntimeWarning: DateTimeField Ad.end_date received a naive datetime (2024-10-19 12:37:44.840235) while time zone support is active.
  warnings.warn(
/home/ystridin/virtualenv/aronno/3.10/lib/python3.10/site-packages/django/db/models/fields/__init__.py:1665: RuntimeWarning: DateTimeField Ad.start_date received a naive datetime (2024-10-19 12:37:44.840235) while time zone support is active.
  warnings.warn(
/home/ystridin/virtualenv/aronno/3.10/lib/python3.10/site-packages/django/db/models/fields/__init__.py:1665: RuntimeWarning: DateTimeField Ad.end_date received a naive datetime (2024-10-19 12:37:44.847227) while time zone support is active.
  warnings.warn(
/home/ystridin/virtualenv/aronno/3.10/lib/python3.10/site-packages/django/db/models/fields/__init__.py:1665: RuntimeWarning: DateTimeField Ad.start_date received a naive datetime (2024-10-19 12:37:44.847227) while time zone support is active.
  warnings.warn(
/home/ystridin/virtualenv/aronno/3.10/lib/python3.10/site-packages/django/db/models/fields/__init__.py:1665: RuntimeWarning: DateTimeField Ad.end_date received a naive datetime (2024-10-19 12:37:44.852699) while time zone support is active.
  warnings.warn(
/home/ystridin/virtualenv/aronno/3.10/lib/python3.10/site-packages/django/db/models/fields/__init__.py:1665: RuntimeWarning: DateTimeField Ad.start_date received a naive datetime (2024-10-19 12:37:44.852699) while time zone support is active.
  warnings.warn(
Popup Ad Object: Popup Ad - https://teccmark.com/
Popup Ad Object: Popup Ad - https://teccmark.com/
Popup Ad Object: Popup Ad - https://teccmark.com/
Popup Ad Object: Popup Ad - https://teccmark.com/
Popup Ad Object: Popup Ad - https://teccmark.com/
Popup Ad Object: Popup Ad - https://teccmark.com/
Popup Ad Object: Popup Ad - https://teccmark.com/
/home/ystridin/virtualenv/aronno/3.10/lib/python3.10/site-packages/django/db/models/fields/__init__.py:1665: RuntimeWarning: DateTimeField Ad.end_date received a naive datetime (2024-10-19 12:39:42.925501) while time zone support is active.
  warnings.warn(
/home/ystridin/virtualenv/aronno/3.10/lib/python3.10/site-packages/django/db/models/fields/__init__.py:1665: RuntimeWarning: DateTimeField Ad.start_date received a naive datetime (2024-10-19 12:39:42.925501) while time zone support is active.
  warnings.warn(
Not Found: /static/vendor/bootstrap/js/bootstrap.bundle.min.js
Not Found: /cart.json
/home/ystridin/virtualenv/aronno/3.10/lib/python3.10/site-packages/django/db/models/fields/__init__.py:1665: RuntimeWarning: DateTimeField Ad.end_date received a naive datetime (2024-10-19 12:39:45.499270) while time zone support is active.
  warnings.warn(
/home/ystridin/virtualenv/aronno/3.10/lib/python3.10/site-packages/django/db/models/fields/__init__.py:1665: RuntimeWarning: DateTimeField Ad.start_date received a naive datetime (2024-10-19 12:39:45.499270) while time zone support is active.
  warnings.warn(
Not Found: /static/vendor/bootstrap/js/bootstrap.bundle.min.js
Not Found: /cart.json
/home/ystridin/virtualenv/aronno/3.10/lib/python3.10/site-packages/django/db/models/fields/__init__.py:1665: RuntimeWarning: DateTimeField Ad.end_date received a naive datetime (2024-10-19 12:40:00.134757) while time zone support is active.
  warnings.warn(
/home/ystridin/virtualenv/aronno/3.10/lib/python3.10/site-packages/django/db/models/fields/__init__.py:1665: RuntimeWarning: DateTimeField Ad.start_date received a naive datetime (2024-10-19 12:40:00.134757) while time zone support is active.
  warnings.warn(
Not Found: /static/vendor/bootstrap/js/bootstrap.bundle.min.js
Not Found: /cart.json
/home/ystridin/virtualenv/aronno/3.10/lib/python3.10/site-packages/django/db/models/fields/__init__.py:1665: RuntimeWarning: DateTimeField Ad.end_date received a naive datetime (2024-10-19 12:41:25.836316) while time zone support is active.
  warnings.warn(
/home/ystridin/virtualenv/aronno/3.10/lib/python3.10/site-packages/django/db/models/fields/__init__.py:1665: RuntimeWarning: DateTimeField Ad.start_date received a naive datetime (2024-10-19 12:41:25.836316) while time zone support is active.
  warnings.warn(
Not Found: /static/vendor/bootstrap/js/bootstrap.bundle.min.js
Not Found: /cart.json
/home/ystridin/virtualenv/aronno/3.10/lib/python3.10/site-packages/django/db/models/fields/__init__.py:1665: RuntimeWarning: DateTimeField Ad.end_date received a naive datetime (2024-10-19 12:41:30.615980) while time zone support is active.
  warnings.warn(
/home/ystridin/virtualenv/aronno/3.10/lib/python3.10/site-packages/django/db/models/fields/__init__.py:1665: RuntimeWarning: DateTimeField Ad.start_date received a naive datetime (2024-10-19 12:41:30.615980) while time zone support is active.
  warnings.warn(
Not Found: /static/vendor/bootstrap/js/bootstrap.bundle.min.js
Not Found: /cart.json
/home/ystridin/virtualenv/aronno/3.10/lib/python3.10/site-packages/django/db/models/fields/__init__.py:1665: RuntimeWarning: DateTimeField Ad.end_date received a naive datetime (2024-10-19 12:42:51.644383) while time zone support is active.
  warnings.warn(
/home/ystridin/virtualenv/aronno/3.10/lib/python3.10/site-packages/django/db/models/fields/__init__.py:1665: RuntimeWarning: DateTimeField Ad.start_date received a naive datetime (2024-10-19 12:42:51.644383) while time zone support is active.
  warnings.warn(
/home/ystridin/virtualenv/aronno/3.10/lib/python3.10/site-packages/django/db/models/fields/__init__.py:1665: RuntimeWarning: DateTimeField Ad.end_date received a naive datetime (2024-10-19 12:42:52.098912) while time zone support is active.
  warnings.warn(
/home/ystridin/virtualenv/aronno/3.10/lib/python3.10/site-packages/django/db/models/fields/__init__.py:1665: RuntimeWarning: DateTimeField Ad.start_date received a naive datetime (2024-10-19 12:42:52.098912) while time zone support is active.
  warnings.warn(
Not Found: /static/vendor/bootstrap/js/bootstrap.bundle.min.js
Not Found: /cart.json
/home/ystridin/virtualenv/aronno/3.10/lib/python3.10/site-packages/django/db/models/fields/__init__.py:1665: RuntimeWarning: DateTimeField Ad.end_date received a naive datetime (2024-10-19 12:42:56.644875) while time zone support is active.
  warnings.warn(
/home/ystridin/virtualenv/aronno/3.10/lib/python3.10/site-packages/django/db/models/fields/__init__.py:1665: RuntimeWarning: DateTimeField Ad.start_date received a naive datetime (2024-10-19 12:42:56.644875) while time zone support is active.
  warnings.warn(
Not Found: /static/vendor/bootstrap/js/bootstrap.bundle.min.js
/home/ystridin/virtualenv/aronno/3.10/lib/python3.10/site-packages/django/db/models/fields/__init__.py:1665: RuntimeWarning: DateTimeField Ad.end_date received a naive datetime (2024-10-19 12:42:57.065258) while time zone support is active.
  warnings.warn(
/home/ystridin/virtualenv/aronno/3.10/lib/python3.10/site-packages/django/db/models/fields/__init__.py:1665: RuntimeWarning: DateTimeField Ad.start_date received a naive datetime (2024-10-19 12:42:57.065258) while time zone support is active.
  warnings.warn(
/home/ystridin/virtualenv/aronno/3.10/lib/python3.10/site-packages/django/db/models/fields/__init__.py:1665: RuntimeWarning: DateTimeField Ad.end_date received a naive datetime (2024-10-19 12:42:57.067656) while time zone support is active.
  warnings.warn(
/home/ystridin/virtualenv/aronno/3.10/lib/python3.10/site-packages/django/db/models/fields/__init__.py:1665: RuntimeWarning: DateTimeField Ad.start_date received a naive datetime (2024-10-19 12:42:57.067656) while time zone support is active.
  warnings.warn(
/home/ystridin/virtualenv/aronno/3.10/lib/python3.10/site-packages/django/db/models/fields/__init__.py:1665: RuntimeWarning: DateTimeField Ad.end_date received a naive datetime (2024-10-19 12:42:57.673816) while time zone support is active.
  warnings.warn(
/home/ystridin/virtualenv/aronno/3.10/lib/python3.10/site-packages/django/db/models/fields/__init__.py:1665: RuntimeWarning: DateTimeField Ad.start_date received a naive datetime (2024-10-19 12:42:57.673816) while time zone support is active.
  warnings.warn(
/home/ystridin/virtualenv/aronno/3.10/lib/python3.10/site-packages/django/db/models/fields/__init__.py:1665: RuntimeWarning: DateTimeField Ad.end_date received a naive datetime (2024-10-19 12:42:58.124259) while time zone support is active.
  warnings.warn(
/home/ystridin/virtualenv/aronno/3.10/lib/python3.10/site-packages/django/db/models/fields/__init__.py:1665: RuntimeWarning: DateTimeField Ad.start_date received a naive datetime (2024-10-19 12:42:58.124259) while time zone support is active.
  warnings.warn(
Not Found: /static/vendor/bootstrap/js/bootstrap.bundle.min.js
Popup Ad Object: Popup Ad - https://teccmark.com/
Ad Object: Popup Ad - https://teccmark.com/
Popup Ad Object: Popup Ad - https://teccmark.com/
Ad Object: Popup Ad - https://teccmark.com/
Popup Ad Object: Popup Ad - https://teccmark.com/
Ad Object: Popup Ad - https://teccmark.com/
/home/ystridin/virtualenv/aronno/3.10/lib/python3.10/site-packages/django/db/models/fields/__init__.py:1665: RuntimeWarning: DateTimeField Ad.end_date received a naive datetime (2024-10-19 12:43:22.177142) while time zone support is active.
  warnings.warn(
/home/ystridin/virtualenv/aronno/3.10/lib/python3.10/site-packages/django/db/models/fields/__init__.py:1665: RuntimeWarning: DateTimeField Ad.start_date received a naive datetime (2024-10-19 12:43:22.177142) while time zone support is active.
  warnings.warn(
/home/ystridin/virtualenv/aronno/3.10/lib/python3.10/site-packages/django/db/models/fields/__init__.py:1665: RuntimeWarning: DateTimeField Ad.end_date received a naive datetime (2024-10-19 12:43:22.386987) while time zone support is active.
  warnings.warn(
/home/ystridin/virtualenv/aronno/3.10/lib/python3.10/site-packages/django/db/models/fields/__init__.py:1665: RuntimeWarning: DateTimeField Ad.start_date received a naive datetime (2024-10-19 12:43:22.386987) while time zone support is active.
  warnings.warn(
Not Found: /static/vendor/bootstrap/js/bootstrap.bundle.min.js
/home/ystridin/virtualenv/aronno/3.10/lib/python3.10/site-packages/django/db/models/fields/__init__.py:1665: RuntimeWarning: DateTimeField Ad.end_date received a naive datetime (2024-10-19 12:43:22.539520) while time zone support is active.
  warnings.warn(
/home/ystridin/virtualenv/aronno/3.10/lib/python3.10/site-packages/django/db/models/fields/__init__.py:1665: RuntimeWarning: DateTimeField Ad.start_date received a naive datetime (2024-10-19 12:43:22.539520) while time zone support is active.
  warnings.warn(
/home/ystridin/virtualenv/aronno/3.10/lib/python3.10/site-packages/django/db/models/fields/__init__.py:1665: RuntimeWarning: DateTimeField Ad.end_date received a naive datetime (2024-10-19 12:43:22.541683) while time zone support is active.
  warnings.warn(
/home/ystridin/virtualenv/aronno/3.10/lib/python3.10/site-packages/django/db/models/fields/__init__.py:1665: RuntimeWarning: DateTimeField Ad.start_date received a naive datetime (2024-10-19 12:43:22.541683) while time zone support is active.
  warnings.warn(
/home/ystridin/virtualenv/aronno/3.10/lib/python3.10/site-packages/django/db/models/fields/__init__.py:1665: RuntimeWarning: DateTimeField Ad.end_date received a naive datetime (2024-10-19 12:43:22.542431) while time zone support is active.
  warnings.warn(
/home/ystridin/virtualenv/aronno/3.10/lib/python3.10/site-packages/django/db/models/fields/__init__.py:1665: RuntimeWarning: DateTimeField Ad.start_date received a naive datetime (2024-10-19 12:43:22.542431) while time zone support is active.
  warnings.warn(
/home/ystridin/virtualenv/aronno/3.10/lib/python3.10/site-packages/django/db/models/fields/__init__.py:1665: RuntimeWarning: DateTimeField Ad.end_date received a naive datetime (2024-10-19 12:43:22.652373) while time zone support is active.
  warnings.warn(
/home/ystridin/virtualenv/aronno/3.10/lib/python3.10/site-packages/django/db/models/fields/__init__.py:1665: RuntimeWarning: DateTimeField Ad.start_date received a naive datetime (2024-10-19 12:43:22.652373) while time zone support is active.
  warnings.warn(
/home/ystridin/virtualenv/aronno/3.10/lib/python3.10/site-packages/django/db/models/fields/__init__.py:1665: RuntimeWarning: DateTimeField Ad.end_date received a naive datetime (2024-10-19 12:43:22.664625) while time zone support is active.
  warnings.warn(
/home/ystridin/virtualenv/aronno/3.10/lib/python3.10/site-packages/django/db/models/fields/__init__.py:1665: RuntimeWarning: DateTimeField Ad.start_date received a naive datetime (2024-10-19 12:43:22.664625) while time zone support is active.
  warnings.warn(
/home/ystridin/virtualenv/aronno/3.10/lib/python3.10/site-packages/django/db/models/fields/__init__.py:1665: RuntimeWarning: DateTimeField Ad.end_date received a naive datetime (2024-10-19 12:43:22.697985) while time zone support is active.
  warnings.warn(
/home/ystridin/virtualenv/aronno/3.10/lib/python3.10/site-packages/django/db/models/fields/__init__.py:1665: RuntimeWarning: DateTimeField Ad.start_date received a naive datetime (2024-10-19 12:43:22.697985) while time zone support is active.
  warnings.warn(
Not Found: /static/vendor/bootstrap/js/bootstrap.bundle.min.js
/home/ystridin/virtualenv/aronno/3.10/lib/python3.10/site-packages/django/db/models/fields/__init__.py:1665: RuntimeWarning: DateTimeField Ad.end_date received a naive datetime (2024-10-19 12:43:23.721730) while time zone support is active.
  warnings.warn(
/home/ystridin/virtualenv/aronno/3.10/lib/python3.10/site-packages/django/db/models/fields/__init__.py:1665: RuntimeWarning: DateTimeField Ad.start_date received a naive datetime (2024-10-19 12:43:23.721730) while time zone support is active.
  warnings.warn(
/home/ystridin/virtualenv/aronno/3.10/lib/python3.10/site-packages/django/db/models/fields/__init__.py:1665: RuntimeWarning: DateTimeField Ad.end_date received a naive datetime (2024-10-19 12:43:23.926569) while time zone support is active.
  warnings.warn(
/home/ystridin/virtualenv/aronno/3.10/lib/python3.10/site-packages/django/db/models/fields/__init__.py:1665: RuntimeWarning: DateTimeField Ad.start_date received a naive datetime (2024-10-19 12:43:23.926569) while time zone support is active.
  warnings.warn(
Popup Ad Object: Popup Ad - https://teccmark.com/
Ad Object: Popup Ad - https://teccmark.com/
Popup Ad Object: Popup Ad - https://teccmark.com/
Ad Object: Popup Ad - https://teccmark.com/
Not Found: /static/vendor/bootstrap/js/bootstrap.bundle.min.js
Not Found: /media/img/logo.png
Not Found: /static/vendor/bootstrap/js/bootstrap.bundle.min.js
Popup Ad Object: Popup Ad - https://teccmark.com/
Ad Object: Popup Ad - https://teccmark.com/
Popup Ad Object: Popup Ad - https://teccmark.com/
Ad Object: Popup Ad - https://teccmark.com/
Popup Ad Object: Popup Ad - https://teccmark.com/
Ad Object: Popup Ad - https://teccmark.com/
Not Found: /media/img/logo.png
Not Found: /static/vendor/bootstrap/js/bootstrap.bundle.min.js
Popup Ad Object: Popup Ad - https://teccmark.com/
Ad Object: Popup Ad - https://teccmark.com/
Popup Ad Object: Popup Ad - https://teccmark.com/
Ad Object: Popup Ad - https://teccmark.com/
Popup Ad Object: Popup Ad - https://teccmark.com/
Ad Object: Popup Ad - https://teccmark.com/
Popup Ad Object: Popup Ad - https://teccmark.com/
Ad Object: Popup Ad - https://teccmark.com/
Popup Ad Object: Popup Ad - https://teccmark.com/
Popup Ad Object: Popup Ad - https://teccmark.com/
Not Found: /category/jobs/
Not Found: /favicon.ico
Not Found: /category/jobs/
Not Found: /category/jobs/
Not Found: /category/jobs/
Not Found: /category/jobs/
Popup Ad Object: Popup Ad - https://teccmark.com/
Popup Ad Object: Popup Ad - https://teccmark.com/
Not Found: /cart.json
Popup Ad Object: Popup Ad - https://teccmark.com/
Popup Ad Object: Popup Ad - https://teccmark.com/
Popup Ad Object: Popup Ad - https://teccmark.com/
Popup Ad Object: Popup Ad - https://teccmark.com/
Popup Ad Object: Popup Ad - https://teccmark.com/
/home/ystridin/virtualenv/aronno/3.10/lib/python3.10/site-packages/django/db/models/fields/__init__.py:1665: RuntimeWarning: DateTimeField Ad.end_date received a naive datetime (2024-10-19 12:47:54.448585) while time zone support is active.
  warnings.warn(
/home/ystridin/virtualenv/aronno/3.10/lib/python3.10/site-packages/django/db/models/fields/__init__.py:1665: RuntimeWarning: DateTimeField Ad.start_date received a naive datetime (2024-10-19 12:47:54.448585) while time zone support is active.
  warnings.warn(
Not Found: /static/vendor/bootstrap/js/bootstrap.bundle.min.js
Not Found: /cart.json
Not Found: /comment/3/
Not Found: /media/img/logo.png
Not Found: /static/vendor/bootstrap/js/bootstrap.bundle.min.js
Not Found: /media/img/logo.png
Not Found: /static/vendor/bootstrap/js/bootstrap.bundle.min.js
Popup Ad Object: Popup Ad - https://teccmark.com/
Popup Ad Object: Popup Ad - https://teccmark.com/
Popup Ad Object: Popup Ad - https://teccmark.com/
/home/ystridin/virtualenv/aronno/3.10/lib/python3.10/site-packages/django/db/models/fields/__init__.py:1665: RuntimeWarning: DateTimeField Ad.end_date received a naive datetime (2024-10-19 12:51:09.223520) while time zone support is active.
  warnings.warn(
/home/ystridin/virtualenv/aronno/3.10/lib/python3.10/site-packages/django/db/models/fields/__init__.py:1665: RuntimeWarning: DateTimeField Ad.start_date received a naive datetime (2024-10-19 12:51:09.223520) while time zone support is active.
  warnings.warn(
Not Found: /static/vendor/bootstrap/js/bootstrap.bundle.min.js
[UID:1472][599946] Reached max children process limit: 6, extra: 2, current: 8, busy: 8, please increase LSAPI_CHILDREN.
Popup Ad Object: Popup Ad - https://teccmark.com/
Not Found: /cart.json
Popup Ad Object: Popup Ad - https://teccmark.com/
Not Found: /cart.json
Not Found: /cart.json
Not Found: /static/vendor/bootstrap/js/bootstrap.bundle.min.js
Not Found: /cart.json
Popup Ad Object: Popup Ad - https://teccmark.com/
Ad Object: Popup Ad - https://teccmark.com/
Not Found: /static/vendor/bootstrap/js/bootstrap.bundle.min.js
Not Found: /cart.json
Not Found: /static/vendor/bootstrap/js/bootstrap.bundle.min.js
[UID:1472][599946] Reached max children process limit: 6, extra: 2, current: 8, busy: 7, please increase LSAPI_CHILDREN.
[UID:1472][599946] Child process with pid: 942413 was killed by signal: 15, core dumped: no
[UID:1472][599946] Child process with pid: 942415 was killed by signal: 15, core dumped: no
[UID:1472][599946] Child process with pid: 942416 was killed by signal: 15, core dumped: no
OSError: LSAPI: File error
Not Found: /static/vendor/bootstrap/js/bootstrap.bundle.min.js
Not Found: /static/vendor/bootstrap/js/bootstrap.bundle.min.js
[UID:1472][599946] Child process with pid: 942418 was killed by signal: 15, core dumped: no
Not Found: /favicon.ico
[UID:1472][599946] Reached max children process limit: 6, extra: 2, current: 8, busy: 8, please increase LSAPI_CHILDREN.
Not Found: /static/vendor/bootstrap/js/bootstrap.bundle.min.js
[UID:1472][599946] Reached max children process limit: 6, extra: 2, current: 8, busy: 8, please increase LSAPI_CHILDREN.
[UID:1472][599946] Reached max children process limit: 6, extra: 2, current: 8, busy: 8, please increase LSAPI_CHILDREN.
[UID:1472][599946] Reached max children process limit: 6, extra: 2, current: 8, busy: 8, please increase LSAPI_CHILDREN.
[UID:1472][599946] Reached max children process limit: 6, extra: 2, current: 8, busy: 8, please increase LSAPI_CHILDREN.
[UID:1472][599946] Reached max children process limit: 6, extra: 2, current: 8, busy: 8, please increase LSAPI_CHILDREN.
[UID:1472][599946] Reached max children process limit: 6, extra: 2, current: 8, busy: 8, please increase LSAPI_CHILDREN.
[UID:1472][599946] Reached max children process limit: 6, extra: 2, current: 8, busy: 8, please increase LSAPI_CHILDREN.
[UID:1472][599946] Reached max children process limit: 6, extra: 2, current: 8, busy: 8, please increase LSAPI_CHILDREN.
[UID:1472][599946] Reached max children process limit: 6, extra: 2, current: 8, busy: 8, please increase LSAPI_CHILDREN.
[UID:1472][599946] Reached max children process limit: 6, extra: 2, current: 8, busy: 8, please increase LSAPI_CHILDREN.
Not Found: /cart.json
[UID:1472][599946] Reached max children process limit: 6, extra: 2, current: 8, busy: 8, please increase LSAPI_CHILDREN.
[UID:1472][599946] Reached max children process limit: 6, extra: 2, current: 8, busy: 8, please increase LSAPI_CHILDREN.
[UID:1472][599946] Reached max children process limit: 6, extra: 2, current: 8, busy: 8, please increase LSAPI_CHILDREN.
[UID:1472][599946] Reached max children process limit: 6, extra: 2, current: 8, busy: 8, please increase LSAPI_CHILDREN.
[UID:1472][599946] Reached max children process limit: 6, extra: 2, current: 8, busy: 8, please increase LSAPI_CHILDREN.
[UID:1472][599946] Reached max children process limit: 6, extra: 2, current: 8, busy: 8, please increase LSAPI_CHILDREN.
[UID:1472][599946] Reached max children process limit: 6, extra: 2, current: 8, busy: 8, please increase LSAPI_CHILDREN.
[UID:1472][599946] Reached max children process limit: 6, extra: 2, current: 8, busy: 8, please increase LSAPI_CHILDREN.
[UID:1472][599946] Reached max children process limit: 6, extra: 2, current: 8, busy: 8, please increase LSAPI_CHILDREN.
[UID:1472][599946] Reached max children process limit: 6, extra: 2, current: 8, busy: 8, please increase LSAPI_CHILDREN.
Popup Ad Object: Popup Ad - https://teccmark.com/
Ad Object: Popup Ad - https://teccmark.com/
[UID:1472][599946] Reached max children process limit: 6, extra: 2, current: 8, busy: 8, please increase LSAPI_CHILDREN.
Popup Ad Object: Popup Ad - https://teccmark.com/
Not Found: /static/vendor/bootstrap/js/bootstrap.bundle.min.js
[UID:1472][599946] Reached max children process limit: 6, extra: 2, current: 8, busy: 8, please increase LSAPI_CHILDREN.
[UID:1472][599946] Reached max children process limit: 6, extra: 2, current: 8, busy: 8, please increase LSAPI_CHILDREN.
[UID:1472][599946] Reached max children process limit: 6, extra: 2, current: 8, busy: 8, please increase LSAPI_CHILDREN.
[UID:1472][599946] Reached max children process limit: 6, extra: 2, current: 8, busy: 8, please increase LSAPI_CHILDREN.
[UID:1472][599946] Reached max children process limit: 6, extra: 2, current: 8, busy: 8, please increase LSAPI_CHILDREN.
Not Found: /cart.json
[UID:1472][599946] Reached max children process limit: 6, extra: 2, current: 8, busy: 8, please increase LSAPI_CHILDREN.
[UID:1472][599946] Reached max children process limit: 6, extra: 2, current: 8, busy: 8, please increase LSAPI_CHILDREN.
[UID:1472][599946] Reached max children process limit: 6, extra: 2, current: 8, busy: 8, please increase LSAPI_CHILDREN.
[UID:1472][599946] Reached max children process limit: 6, extra: 2, current: 8, busy: 8, please increase LSAPI_CHILDREN.
Popup Ad Object: Popup Ad - https://teccmark.com/
Ad Object: Popup Ad - https://teccmark.com/
Popup Ad Object: Popup Ad - https://teccmark.com/
Ad Object: Popup Ad - https://teccmark.com/
Popup Ad Object: Popup Ad - https://teccmark.com/
Ad Object: Popup Ad - https://teccmark.com/
[UID:1472][599946] Reached max children process limit: 6, extra: 2, current: 8, busy: 8, please increase LSAPI_CHILDREN.
[UID:1472][599946] Reached max children process limit: 6, extra: 2, current: 8, busy: 8, please increase LSAPI_CHILDREN.
Not Found: /favicon.ico
Not Found: /favicon.ico
Not Found: /static/vendor/bootstrap/js/bootstrap.bundle.min.js
Popup Ad Object: Popup Ad - https://teccmark.com/
Not Found: /media/img/logo.png
Not Found: /static/vendor/bootstrap/js/bootstrap.bundle.min.js
Not Found: /media/img/logo.png
Not Found: /static/vendor/bootstrap/js/bootstrap.bundle.min.js
/home/ystridin/virtualenv/aronno/3.10/lib/python3.10/site-packages/django/db/models/fields/__init__.py:1665: RuntimeWarning: DateTimeField Ad.end_date received a naive datetime (2024-10-19 13:04:17.119573) while time zone support is active.
  warnings.warn(
/home/ystridin/virtualenv/aronno/3.10/lib/python3.10/site-packages/django/db/models/fields/__init__.py:1665: RuntimeWarning: DateTimeField Ad.start_date received a naive datetime (2024-10-19 13:04:17.119573) while time zone support is active.
  warnings.warn(
Not Found: /static/vendor/bootstrap/js/bootstrap.bundle.min.js
Not Found: /category/football/android-icon.png
Not Found: /category/football/apple-touch-icon.png
Not Found: /static/vendor/bootstrap/js/bootstrap.bundle.min.js
Not Found: /android-icon.png
Not Found: /apple-touch-icon.png
Not Found: /category/technology/
Not Found: /favicon.ico
Not Found: /static/vendor/bootstrap/js/bootstrap.bundle.min.js
Not Found: /media/img/logo.png
Not Found: /static/vendor/bootstrap/js/bootstrap.bundle.min.js
Not Found: /static/vendor/bootstrap/js/bootstrap.bundle.min.js
Not Found: /media/img/logo.png
Not Found: /static/vendor/bootstrap/js/bootstrap.bundle.min.js
Not Found: /static/vendor/bootstrap/js/bootstrap.bundle.min.js
/home/ystridin/virtualenv/aronno/3.10/lib/python3.10/site-packages/django/db/models/fields/__init__.py:1665: RuntimeWarning: DateTimeField Ad.end_date received a naive datetime (2024-10-19 13:05:16.620436) while time zone support is active.
  warnings.warn(
/home/ystridin/virtualenv/aronno/3.10/lib/python3.10/site-packages/django/db/models/fields/__init__.py:1665: RuntimeWarning: DateTimeField Ad.start_date received a naive datetime (2024-10-19 13:05:16.620436) while time zone support is active.
  warnings.warn(
Not Found: /static/vendor/bootstrap/js/bootstrap.bundle.min.js
Not Found: /section/forest/android-icon.png
Not Found: /section/forest/apple-touch-icon.png
Not Found: /static/vendor/bootstrap/js/bootstrap.bundle.min.js
Not Found: /.well-known/traffic-advice
Not Found: /static/vendor/bootstrap/js/bootstrap.bundle.min.js
[UID:1472][599946] Reached max children process limit: 6, extra: 2, current: 8, busy: 8, please increase LSAPI_CHILDREN.
[UID:1472][599946] Reached max children process limit: 6, extra: 2, current: 8, busy: 8, please increase LSAPI_CHILDREN.
[UID:1472][599946] Reached max children process limit: 6, extra: 2, current: 8, busy: 8, please increase LSAPI_CHILDREN.
[UID:1472][599946] Reached max children process limit: 6, extra: 2, current: 8, busy: 8, please increase LSAPI_CHILDREN.
[UID:1472][599946] Reached max children process limit: 6, extra: 2, current: 8, busy: 8, please increase LSAPI_CHILDREN.
[UID:1472][599946] Reached max children process limit: 6, extra: 2, current: 8, busy: 8, please increase LSAPI_CHILDREN.
[UID:1472][599946] Reached max children process limit: 6, extra: 2, current: 8, busy: 8, please increase LSAPI_CHILDREN.
[UID:1472][599946] Reached max children process limit: 6, extra: 2, current: 8, busy: 8, please increase LSAPI_CHILDREN.
[UID:1472][599946] Reached max children process limit: 6, extra: 2, current: 8, busy: 8, please increase LSAPI_CHILDREN.
[UID:1472][599946] Reached max children process limit: 6, extra: 2, current: 8, busy: 8, please increase LSAPI_CHILDREN.
[UID:1472][599946] Reached max children process limit: 6, extra: 2, current: 8, busy: 8, please increase LSAPI_CHILDREN.
[UID:1472][599946] Reached max children process limit: 6, extra: 2, current: 8, busy: 8, please increase LSAPI_CHILDREN.
[UID:1472][599946] Reached max children process limit: 6, extra: 2, current: 8, busy: 8, please increase LSAPI_CHILDREN.
[UID:1472][599946] Reached max children process limit: 6, extra: 2, current: 8, busy: 8, please increase LSAPI_CHILDREN.
[UID:1472][599946] Reached max children process limit: 6, extra: 2, current: 8, busy: 8, please increase LSAPI_CHILDREN.
[UID:1472][599946] Reached max children process limit: 6, extra: 2, current: 8, busy: 8, please increase LSAPI_CHILDREN.
[UID:1472][599946] Reached max children process limit: 6, extra: 2, current: 8, busy: 8, please increase LSAPI_CHILDREN.
Popup Ad Object: Popup Ad - https://teccmark.com/
Ad Object: Popup Ad - https://teccmark.com/
Popup Ad Object: Popup Ad - https://teccmark.com/
Ad Object: Popup Ad - https://teccmark.com/
Popup Ad Object: Popup Ad - https://teccmark.com/
Popup Ad Object: Popup Ad - https://teccmark.com/
Popup Ad Object: Popup Ad - https://teccmark.com/
Popup Ad Object: Popup Ad - https://teccmark.com/
Ad Object: Popup Ad - https://teccmark.com/
Popup Ad Object: Popup Ad - https://teccmark.com/
Ad Object: Popup Ad - https://teccmark.com/
Popup Ad Object: Popup Ad - https://teccmark.com/
Ad Object: Popup Ad - https://teccmark.com/
Popup Ad Object: Popup Ad - https://teccmark.com/
Ad Object: Popup Ad - https://teccmark.com/
Not Found: /static/vendor/bootstrap/js/bootstrap.bundle.min.js
Not Found: /static/vendor/bootstrap/js/bootstrap.bundle.min.js
[UID:1472][599946] Reached max children process limit: 6, extra: 2, current: 8, busy: 7, please increase LSAPI_CHILDREN.
[UID:1472][599946] Reached max children process limit: 6, extra: 2, current: 8, busy: 8, please increase LSAPI_CHILDREN.
Not Found: /static/vendor/bootstrap/js/bootstrap.bundle.min.js
[UID:1472][599946] Reached max children process limit: 6, extra: 2, current: 8, busy: 8, please increase LSAPI_CHILDREN.
[UID:1472][599946] Reached max children process limit: 6, extra: 2, current: 8, busy: 8, please increase LSAPI_CHILDREN.
[UID:1472][599946] Reached max children process limit: 6, extra: 2, current: 8, busy: 8, please increase LSAPI_CHILDREN.
[UID:1472][599946] Reached max children process limit: 6, extra: 2, current: 8, busy: 8, please increase LSAPI_CHILDREN.
[UID:1472][599946] Reached max children process limit: 6, extra: 2, current: 8, busy: 8, please increase LSAPI_CHILDREN.
Popup Ad Object: Popup Ad - https://teccmark.com/
Ad Object: Popup Ad - https://teccmark.com/
[UID:1472][599946] Reached max children process limit: 6, extra: 2, current: 8, busy: 8, please increase LSAPI_CHILDREN.
Not Found: /static/vendor/bootstrap/js/bootstrap.bundle.min.js
Not Found: /android-icon.png
Not Found: /static/vendor/bootstrap/js/bootstrap.bundle.min.js
Not Found: /static/vendor/bootstrap/js/bootstrap.bundle.min.js
Not Found: /media/img/logo.png
Not Found: /static/vendor/bootstrap/js/bootstrap.bundle.min.js
Popup Ad Object: Popup Ad - https://teccmark.com/
Ad Object: Popup Ad - https://teccmark.com/
Popup Ad Object: Popup Ad - https://teccmark.com/
Not Found: /static/vendor/bootstrap/js/bootstrap.bundle.min.js
Not Found: /static/vendor/bootstrap/js/bootstrap.bundle.min.js
Not Found: /media/img/logo.png
Not Found: /static/vendor/bootstrap/js/bootstrap.bundle.min.js
Not Found: /static/vendor/bootstrap/js/bootstrap.bundle.min.js
Not Found: /static/vendor/bootstrap/js/bootstrap.bundle.min.js
Popup Ad Object: Popup Ad - https://teccmark.com/
Ad Object: Popup Ad - https://teccmark.com/
Not Found: /static/vendor/bootstrap/js/bootstrap.bundle.min.js
Popup Ad Object: Popup Ad - https://teccmark.com/
Popup Ad Object: Popup Ad - https://teccmark.com/
Popup Ad Object: Popup Ad - https://teccmark.com/
Popup Ad Object: Popup Ad - https://teccmark.com/
Popup Ad Object: Popup Ad - https://teccmark.com/
Popup Ad Object: Popup Ad - https://teccmark.com/
Popup Ad Object: Popup Ad - https://teccmark.com/
Popup Ad Object: Popup Ad - https://teccmark.com/
Popup Ad Object: Popup Ad - https://teccmark.com/
Popup Ad Object: Popup Ad - https://teccmark.com/
Ad Object: Popup Ad - https://teccmark.com/
Popup Ad Object: Popup Ad - https://teccmark.com/
Popup Ad Object: Popup Ad - https://teccmark.com/
Popup Ad Object: Popup Ad - https://teccmark.com/
Popup Ad Object: Popup Ad - https://teccmark.com/
Ad Object: Popup Ad - https://teccmark.com/
Not Found: /apple-touch-icon-precomposed.png
Not Found: /apple-touch-icon.png
Not Found: /favicon.ico
Not Found: /apple-touch-icon.png
Not Found: /android-icon.png
Not Found: /static/vendor/bootstrap/js/bootstrap.bundle.min.js
Not Found: /media/img/logo.png
Not Found: /static/vendor/bootstrap/js/bootstrap.bundle.min.js
Not Found: /static/vendor/bootstrap/js/bootstrap.bundle.min.js
/home/ystridin/virtualenv/aronno/3.10/lib/python3.10/site-packages/django/db/models/fields/__init__.py:1665: RuntimeWarning: DateTimeField Ad.end_date received a naive datetime (2024-10-19 13:08:28.724271) while time zone support is active.
  warnings.warn(
/home/ystridin/virtualenv/aronno/3.10/lib/python3.10/site-packages/django/db/models/fields/__init__.py:1665: RuntimeWarning: DateTimeField Ad.start_date received a naive datetime (2024-10-19 13:08:28.724271) while time zone support is active.
  warnings.warn(
Not Found: /static/vendor/bootstrap/js/bootstrap.bundle.min.js
Not Found: /category/countrywide/android-icon.png
Not Found: /static/vendor/bootstrap/js/bootstrap.bundle.min.js
Not Found: /static/vendor/bootstrap/js/bootstrap.bundle.min.js
/home/ystridin/virtualenv/aronno/3.10/lib/python3.10/site-packages/django/db/models/fields/__init__.py:1665: RuntimeWarning: DateTimeField Ad.end_date received a naive datetime (2024-10-19 13:08:43.468313) while time zone support is active.
  warnings.warn(
/home/ystridin/virtualenv/aronno/3.10/lib/python3.10/site-packages/django/db/models/fields/__init__.py:1665: RuntimeWarning: DateTimeField Ad.start_date received a naive datetime (2024-10-19 13:08:43.468313) while time zone support is active.
  warnings.warn(
Not Found: /static/vendor/bootstrap/js/bootstrap.bundle.min.js
/home/ystridin/virtualenv/aronno/3.10/lib/python3.10/site-packages/django/db/models/fields/__init__.py:1665: RuntimeWarning: DateTimeField Ad.end_date received a naive datetime (2024-10-19 13:08:49.158730) while time zone support is active.
  warnings.warn(
/home/ystridin/virtualenv/aronno/3.10/lib/python3.10/site-packages/django/db/models/fields/__init__.py:1665: RuntimeWarning: DateTimeField Ad.start_date received a naive datetime (2024-10-19 13:08:49.158730) while time zone support is active.
  warnings.warn(
Not Found: /static/vendor/bootstrap/js/bootstrap.bundle.min.js
Not Found: /section/sports/android-icon.png
Not Found: /static/vendor/bootstrap/js/bootstrap.bundle.min.js
Not Found: /static/vendor/bootstrap/js/bootstrap.bundle.min.js
/home/ystridin/aronno/home/views.py:499: UnorderedObjectListWarning: Pagination may yield inconsistent results with an unordered object_list: <class 'home.models.NewsList'> QuerySet.
  paginator = Paginator(search_results, 4)  # Show4 results per page
Not Found: /static/vendor/bootstrap/js/bootstrap.bundle.min.js
Not Found: /search/sakib/android-icon.png
Not Found: /static/vendor/bootstrap/js/bootstrap.bundle.min.js
Not Found: /search/\u09b8\u09be\u0995\u09bf\u09ac/android-icon.png/search/%E0%A6%B8%E0%A6%BE%E0%A6%95%E0%A6%BF%E0%A6%AC/android-icon.png
Not Found: /static/vendor/bootstrap/js/bootstrap.bundle.min.js
/home/ystridin/aronno/home/views.py:499: UnorderedObjectListWarning: Pagination may yield inconsistent results with an unordered object_list: <class 'home.models.NewsList'> QuerySet.
  paginator = Paginator(search_results, 4)  # Show4 results per page
Not Found: /static/vendor/bootstrap/js/bootstrap.bundle.min.js
Not Found: /search/Football/android-icon.png
Not Found: /search/Football/apple-touch-icon.png
/home/ystridin/aronno/home/views.py:499: UnorderedObjectListWarning: Pagination may yield inconsistent results with an unordered object_list: <class 'home.models.NewsList'> QuerySet.
  paginator = Paginator(search_results, 4)  # Show4 results per page
Not Found: /static/vendor/bootstrap/js/bootstrap.bundle.min.js
Not Found: /search/Sakib al hasan/android-icon.png/search/Sakib%20al%20hasan/android-icon.png
Not Found: /search/Sakib al hasan/apple-touch-icon.png/search/Sakib%20al%20hasan/apple-touch-icon.png
Not Found: /search/Sakib al hasan/search/\u09b8\u09be\u0995\u09bf\u09ac/search/Sakib%20al%20hasan/search/%E0%A6%B8%E0%A6%BE%E0%A6%95%E0%A6%BF%E0%A6%AC/
Not Found: /static/vendor/bootstrap/js/bootstrap.bundle.min.js
Not Found: /search/Sakib al hasan/search/\u09b8\u09be\u0995\u09bf\u09ac/search/Sakib%20al%20hasan/search/%E0%A6%B8%E0%A6%BE%E0%A6%95%E0%A6%BF%E0%A6%AC/
Not Found: /media/img/logo.png
Not Found: /static/vendor/bootstrap/js/bootstrap.bundle.min.js
Not Found: /media/img/logo.png
Not Found: /static/vendor/bootstrap/js/bootstrap.bundle.min.js
Popup Ad Object: Popup Ad - https://teccmark.com/
Popup Ad Object: Popup Ad - https://teccmark.com/
Not Found: /static/vendor/bootstrap/js/bootstrap.bundle.min.js
Not Found: /search/\u09b8\u09be\u0995\u09bf\u09ac/android-icon.png/search/%E0%A6%B8%E0%A6%BE%E0%A6%95%E0%A6%BF%E0%A6%AC/android-icon.png
Not Found: /search/\u09b8\u09be\u0995\u09bf\u09ac/apple-touch-icon.png/search/%E0%A6%B8%E0%A6%BE%E0%A6%95%E0%A6%BF%E0%A6%AC/apple-touch-icon.png
Not Found: /static/vendor/bootstrap/js/bootstrap.bundle.min.js
Popup Ad Object: Popup Ad - https://teccmark.com/
Ad Object: Popup Ad - https://teccmark.com/
Popup Ad Object: Popup Ad - https://teccmark.com/
Ad Object: Popup Ad - https://teccmark.com/
Popup Ad Object: Popup Ad - https://teccmark.com/
Ad Object: Popup Ad - https://teccmark.com/
Not Found: /media/img/logo.png
Not Found: /static/vendor/bootstrap/js/bootstrap.bundle.min.js
Not Found: /media/img/logo.png
Not Found: /static/vendor/bootstrap/js/bootstrap.bundle.min.js
Popup Ad Object: Popup Ad - https://teccmark.com/
Popup Ad Object: Popup Ad - https://teccmark.com/
Popup Ad Object: Popup Ad - https://teccmark.com/
/home/ystridin/aronno/home/views.py:499: UnorderedObjectListWarning: Pagination may yield inconsistent results with an unordered object_list: <class 'home.models.NewsList'> QuerySet.
  paginator = Paginator(search_results, 4)  # Show4 results per page
Not Found: /static/vendor/bootstrap/js/bootstrap.bundle.min.js
/home/ystridin/aronno/home/views.py:499: UnorderedObjectListWarning: Pagination may yield inconsistent results with an unordered object_list: <class 'home.models.NewsList'> QuerySet.
  paginator = Paginator(search_results, 4)  # Show4 results per page
/home/ystridin/aronno/home/views.py:499: UnorderedObjectListWarning: Pagination may yield inconsistent results with an unordered object_list: <class 'home.models.NewsList'> QuerySet.
  paginator = Paginator(search_results, 4)  # Show4 results per page
Not Found: /search/\u09b6\u09bf\u0995\u09cd\u09b7\u09be/search/\u0987\u0989\u0995\u09cd\u09b0\u09c7\u09a8\u09c7\u09b0/search/%E0%A6%B6%E0%A6%BF%E0%A6%95%E0%A7%8D%E0%A6%B7%E0%A6%BE/search/%E0%A6%87%E0%A6%89%E0%A6%95%E0%A7%8D%E0%A6%B0%E0%A7%87%E0%A6%A8%E0%A7%87%E0%A6%B0/
Not Found: /search/\u09b6\u09bf\u0995\u09cd\u09b7\u09be/search/\u0987\u0989\u0995\u09cd\u09b0\u09c7\u09a8\u09c7\u09b0/search/%E0%A6%B6%E0%A6%BF%E0%A6%95%E0%A7%8D%E0%A6%B7%E0%A6%BE/search/%E0%A6%87%E0%A6%89%E0%A6%95%E0%A7%8D%E0%A6%B0%E0%A7%87%E0%A6%A8%E0%A7%87%E0%A6%B0/
Not Found: /search/\u09b6\u09bf\u0995\u09cd\u09b7\u09be/search/\u0987\u0989\u0995\u09cd\u09b0\u09c7\u09a8\u09c7\u09b0/search/%E0%A6%B6%E0%A6%BF%E0%A6%95%E0%A7%8D%E0%A6%B7%E0%A6%BE/search/%E0%A6%87%E0%A6%89%E0%A6%95%E0%A7%8D%E0%A6%B0%E0%A7%87%E0%A6%A8%E0%A7%87%E0%A6%B0/
Not Found: /search/\u09b6\u09bf\u0995\u09cd\u09b7\u09be/search/\u0987\u0989\u0995\u09cd\u09b0\u09c7\u09a8\u09c7\u09b0/search/%E0%A6%B6%E0%A6%BF%E0%A6%95%E0%A7%8D%E0%A6%B7%E0%A6%BE/search/%E0%A6%87%E0%A6%89%E0%A6%95%E0%A7%8D%E0%A6%B0%E0%A7%87%E0%A6%A8%E0%A7%87%E0%A6%B0/
Not Found: /search/\u09b6\u09bf\u0995\u09cd\u09b7\u09be/search/\u0987\u0989\u0995\u09cd\u09b0\u09c7\u09a8\u09c7\u09b0/search/%E0%A6%B6%E0%A6%BF%E0%A6%95%E0%A7%8D%E0%A6%B7%E0%A6%BE/search/%E0%A6%87%E0%A6%89%E0%A6%95%E0%A7%8D%E0%A6%B0%E0%A7%87%E0%A6%A8%E0%A7%87%E0%A6%B0/
/home/ystridin/aronno/home/views.py:499: UnorderedObjectListWarning: Pagination may yield inconsistent results with an unordered object_list: <class 'home.models.NewsList'> QuerySet.
  paginator = Paginator(search_results, 4)  # Show4 results per page
Not Found: /search/\u09b6\u09bf\u0995\u09cd\u09b7\u09be/news/19/search/%E0%A6%B6%E0%A6%BF%E0%A6%95%E0%A7%8D%E0%A6%B7%E0%A6%BE/news/19/
Not Found: /search/\u09b6\u09bf\u0995\u09cd\u09b7\u09be/news/19/search/%E0%A6%B6%E0%A6%BF%E0%A6%95%E0%A7%8D%E0%A6%B7%E0%A6%BE/news/19/
Not Found: /search/\u09b6\u09bf\u0995\u09cd\u09b7\u09be/news/19/search/%E0%A6%B6%E0%A6%BF%E0%A6%95%E0%A7%8D%E0%A6%B7%E0%A6%BE/news/19/
Not Found: /search/\u09b6\u09bf\u0995\u09cd\u09b7\u09be/news/19/search/%E0%A6%B6%E0%A6%BF%E0%A6%95%E0%A7%8D%E0%A6%B7%E0%A6%BE/news/19/
Not Found: /search/\u09b6\u09bf\u0995\u09cd\u09b7\u09be/news/19/search/%E0%A6%B6%E0%A6%BF%E0%A6%95%E0%A7%8D%E0%A6%B7%E0%A6%BE/news/19/
/home/ystridin/aronno/home/views.py:499: UnorderedObjectListWarning: Pagination may yield inconsistent results with an unordered object_list: <class 'home.models.NewsList'> QuerySet.
  paginator = Paginator(search_results, 4)  # Show4 results per page
Not Found: /static/vendor/bootstrap/js/bootstrap.bundle.min.js
[UID:1472][599946] Reached max children process limit: 6, extra: 2, current: 8, busy: 7, please increase LSAPI_CHILDREN.
[UID:1472][599946] Reached max children process limit: 6, extra: 2, current: 8, busy: 8, please increase LSAPI_CHILDREN.
[UID:1472][599946] Reached max children process limit: 6, extra: 2, current: 8, busy: 8, please increase LSAPI_CHILDREN.
[UID:1472][599946] Reached max children process limit: 6, extra: 2, current: 8, busy: 8, please increase LSAPI_CHILDREN.
[UID:1472][599946] Reached max children process limit: 6, extra: 2, current: 8, busy: 8, please increase LSAPI_CHILDREN.
[UID:1472][599946] Reached max children process limit: 6, extra: 2, current: 8, busy: 8, please increase LSAPI_CHILDREN.
[UID:1472][599946] Reached max children process limit: 6, extra: 2, current: 8, busy: 8, please increase LSAPI_CHILDREN.
[UID:1472][599946] Reached max children process limit: 6, extra: 2, current: 8, busy: 8, please increase LSAPI_CHILDREN.
[UID:1472][599946] Reached max children process limit: 6, extra: 2, current: 8, busy: 8, please increase LSAPI_CHILDREN.
[UID:1472][599946] Reached max children process limit: 6, extra: 2, current: 8, busy: 8, please increase LSAPI_CHILDREN.
[UID:1472][599946] Reached max children process limit: 6, extra: 2, current: 8, busy: 8, please increase LSAPI_CHILDREN.
[UID:1472][599946] Reached max children process limit: 6, extra: 2, current: 8, busy: 8, please increase LSAPI_CHILDREN.
Popup Ad Object: Popup Ad - https://teccmark.com/
Popup Ad Object: Popup Ad - https://teccmark.com/
Ad Object: Popup Ad - https://teccmark.com/
Popup Ad Object: Popup Ad - https://teccmark.com/
Ad Object: Popup Ad - https://teccmark.com/
Popup Ad Object: Popup Ad - https://teccmark.com/
Ad Object: Popup Ad - https://teccmark.com/
Popup Ad Object: Popup Ad - https://teccmark.com/
Popup Ad Object: Popup Ad - https://teccmark.com/
Popup Ad Object: Popup Ad - https://teccmark.com/
Popup Ad Object: Popup Ad - https://teccmark.com/
Ad Object: Popup Ad - https://teccmark.com/
Popup Ad Object: Popup Ad - https://teccmark.com/
[UID:1472][599946] Reached max children process limit: 6, extra: 2, current: 8, busy: 8, please increase LSAPI_CHILDREN.
/home/ystridin/aronno/home/views.py:499: UnorderedObjectListWarning: Pagination may yield inconsistent results with an unordered object_list: <class 'home.models.NewsList'> QuerySet.
  paginator = Paginator(search_results, 4)  # Show4 results per page
Popup Ad Object: Popup Ad - https://teccmark.com/
Ad Object: Popup Ad - https://teccmark.com/
Popup Ad Object: Popup Ad - https://teccmark.com/
Popup Ad Object: Popup Ad - https://teccmark.com/
Popup Ad Object: Popup Ad - https://teccmark.com/
Ad Object: Popup Ad - https://teccmark.com/
Popup Ad Object: Popup Ad - https://teccmark.com/
Ad Object: Popup Ad - https://teccmark.com/
Popup Ad Object: Popup Ad - https://teccmark.com/
Popup Ad Object: Popup Ad - https://teccmark.com/
Not Found: /static/vendor/bootstrap/js/bootstrap.bundle.min.js
Popup Ad Object: Popup Ad - https://teccmark.com/
Ad Object: Popup Ad - https://teccmark.com/
[UID:1472][599946] Child process with pid: 1017187 was killed by signal: 9, core dumped: no
[UID:1472][599946] Child process with pid: 1019202 was killed by signal: 15, core dumped: no
[UID:1472][599946] Child process with pid: 1019214 was killed by signal: 9, core dumped: no
Not Found: /favicon.ico
Not Found: /static/vendor/bootstrap/js/bootstrap.bundle.min.js
/home/ystridin/aronno/home/views.py:499: UnorderedObjectListWarning: Pagination may yield inconsistent results with an unordered object_list: <class 'home.models.NewsList'> QuerySet.
  paginator = Paginator(search_results, 4)  # Show4 results per page
Not Found: /static/vendor/bootstrap/js/bootstrap.bundle.min.js
/home/ystridin/aronno/home/views.py:499: UnorderedObjectListWarning: Pagination may yield inconsistent results with an unordered object_list: <class 'home.models.NewsList'> QuerySet.
  paginator = Paginator(search_results, 4)  # Show4 results per page
/home/ystridin/aronno/home/views.py:499: UnorderedObjectListWarning: Pagination may yield inconsistent results with an unordered object_list: <class 'home.models.NewsList'> QuerySet.
  paginator = Paginator(search_results, 4)  # Show4 results per page
/home/ystridin/aronno/home/views.py:499: UnorderedObjectListWarning: Pagination may yield inconsistent results with an unordered object_list: <class 'home.models.NewsList'> QuerySet.
  paginator = Paginator(search_results, 4)  # Show4 results per page
Popup Ad Object: Popup Ad - https://teccmark.com/
Ad Object: Popup Ad - https://teccmark.com/
Popup Ad Object: Popup Ad - https://teccmark.com/
Ad Object: Popup Ad - https://teccmark.com/
Not Found: /search/\u09a8\u09bf\u099c\u09c7\u09a4/search/\u09a8\u09bf\u099c\u09c7\u09b0/search/%E0%A6%A8%E0%A6%BF%E0%A6%9C%E0%A7%87%E0%A6%A4/search/%E0%A6%A8%E0%A6%BF%E0%A6%9C%E0%A7%87%E0%A6%B0/
Not Found: /search/\u09a8\u09bf\u099c\u09c7\u09a4/search/\u09a8\u09bf\u099c\u09c7\u09b0/search/%E0%A6%A8%E0%A6%BF%E0%A6%9C%E0%A7%87%E0%A6%A4/search/%E0%A6%A8%E0%A6%BF%E0%A6%9C%E0%A7%87%E0%A6%B0/
Not Found: /search/\u09a8\u09bf\u099c\u09c7\u09a4/search/\u09a8\u09bf\u099c\u09c7\u09b0/search/%E0%A6%A8%E0%A6%BF%E0%A6%9C%E0%A7%87%E0%A6%A4/search/%E0%A6%A8%E0%A6%BF%E0%A6%9C%E0%A7%87%E0%A6%B0/
Not Found: /search/\u09a8\u09bf\u099c\u09c7\u09a4/search/\u09a8\u09bf\u099c\u09c7\u09b0/search/%E0%A6%A8%E0%A6%BF%E0%A6%9C%E0%A7%87%E0%A6%A4/search/%E0%A6%A8%E0%A6%BF%E0%A6%9C%E0%A7%87%E0%A6%B0/
Not Found: /search/\u09a8\u09bf\u099c\u09c7\u09a4/search/\u09a8\u09bf\u099c\u09c7\u09b0/search/%E0%A6%A8%E0%A6%BF%E0%A6%9C%E0%A7%87%E0%A6%A4/search/%E0%A6%A8%E0%A6%BF%E0%A6%9C%E0%A7%87%E0%A6%B0/
Popup Ad Object: Popup Ad - https://teccmark.com/
Ad Object: Popup Ad - https://teccmark.com/
/home/ystridin/aronno/home/views.py:499: UnorderedObjectListWarning: Pagination may yield inconsistent results with an unordered object_list: <class 'home.models.NewsList'> QuerySet.
  paginator = Paginator(search_results, 4)  # Show4 results per page
Popup Ad Object: Popup Ad - https://teccmark.com/
Ad Object: Popup Ad - https://teccmark.com/
Popup Ad Object: Popup Ad - https://teccmark.com/
Ad Object: Popup Ad - https://teccmark.com/
/home/ystridin/aronno/home/views.py:499: UnorderedObjectListWarning: Pagination may yield inconsistent results with an unordered object_list: <class 'home.models.NewsList'> QuerySet.
  paginator = Paginator(search_results, 4)  # Show4 results per page
Popup Ad Object: Popup Ad - https://teccmark.com/
Ad Object: Popup Ad - https://teccmark.com/
Not Found: /search/\u09b8\u09be\u0995\u09bf\u09ac/search/%E0%A6%B8%E0%A6%BE%E0%A6%95%E0%A6%BF%E0%A6%AC/search/%E0%A6%B8%E0%A6%BE%E0%A6%95%E0%A6%BF%E0%A6%AC/search/%25E0%25A6%25B8%25E0%25A6%25BE%25E0%25A6%2595%25E0%25A6%25BF%25E0%25A6%25AC/
Not Found: /favicon.ico
Not Found: /cart.json
Not Found: /search/\u09b6\u09bf\u0995\u09cd\u09b7\u09be/search/\u09b6\u09bf\u0995\u09cd\u09b7\u09be/search/%E0%A6%B6%E0%A6%BF%E0%A6%95%E0%A7%8D%E0%A6%B7%E0%A6%BE/search/%E0%A6%B6%E0%A6%BF%E0%A6%95%E0%A7%8D%E0%A6%B7%E0%A6%BE/
Not Found: /search/\u09b6\u09bf\u0995\u09cd\u09b7\u09be/search/\u09b6\u09bf\u0995\u09cd\u09b7\u09be/search/%E0%A6%B6%E0%A6%BF%E0%A6%95%E0%A7%8D%E0%A6%B7%E0%A6%BE/search/%E0%A6%B6%E0%A6%BF%E0%A6%95%E0%A7%8D%E0%A6%B7%E0%A6%BE/
Not Found: /search/\u09b6\u09bf\u0995\u09cd\u09b7\u09be/search/\u09b6\u09bf\u0995\u09cd\u09b7\u09be/search/%E0%A6%B6%E0%A6%BF%E0%A6%95%E0%A7%8D%E0%A6%B7%E0%A6%BE/search/%E0%A6%B6%E0%A6%BF%E0%A6%95%E0%A7%8D%E0%A6%B7%E0%A6%BE/
Not Found: /search/\u09b6\u09bf\u0995\u09cd\u09b7\u09be/search/\u09b6\u09bf\u0995\u09cd\u09b7\u09be/search/%E0%A6%B6%E0%A6%BF%E0%A6%95%E0%A7%8D%E0%A6%B7%E0%A6%BE/search/%E0%A6%B6%E0%A6%BF%E0%A6%95%E0%A7%8D%E0%A6%B7%E0%A6%BE/
Not Found: /favicon.ico
Not Found: /search/\u09b6\u09bf\u0995\u09cd\u09b7\u09be/search/\u09b6\u09bf\u0995\u09cd\u09b7\u09be/search/%E0%A6%B6%E0%A6%BF%E0%A6%95%E0%A7%8D%E0%A6%B7%E0%A6%BE/search/%E0%A6%B6%E0%A6%BF%E0%A6%95%E0%A7%8D%E0%A6%B7%E0%A6%BE/
Not Found: /cart.json
Not Found: /search/\u09b6\u09bf\u0995\u09cd\u09b7\u09be/search/\u09b6\u09bf\u0995\u09cd\u09b7\u09be/search/%E0%A6%B6%E0%A6%BF%E0%A6%95%E0%A7%8D%E0%A6%B7%E0%A6%BE/search/%E0%A6%B6%E0%A6%BF%E0%A6%95%E0%A7%8D%E0%A6%B7%E0%A6%BE/
/home/ystridin/aronno/home/views.py:499: UnorderedObjectListWarning: Pagination may yield inconsistent results with an unordered object_list: <class 'home.models.NewsList'> QuerySet.
  paginator = Paginator(search_results, 4)  # Show4 results per page
/home/ystridin/aronno/home/views.py:499: UnorderedObjectListWarning: Pagination may yield inconsistent results with an unordered object_list: <class 'home.models.NewsList'> QuerySet.
  paginator = Paginator(search_results, 4)  # Show4 results per page
Not Found: /static/vendor/bootstrap/js/bootstrap.bundle.min.js
Not Found: /cart.json
Not Found: /search/\u09b6\u09bf\u0995\u09cd\u09b7\u09be/search/s/search/%E0%A6%B6%E0%A6%BF%E0%A6%95%E0%A7%8D%E0%A6%B7%E0%A6%BE/search/s/
Not Found: /search/\u09b6\u09bf\u0995\u09cd\u09b7\u09be/search/s/search/%E0%A6%B6%E0%A6%BF%E0%A6%95%E0%A7%8D%E0%A6%B7%E0%A6%BE/search/s/
Not Found: /search/\u09b6\u09bf\u0995\u09cd\u09b7\u09be/search/s/search/%E0%A6%B6%E0%A6%BF%E0%A6%95%E0%A7%8D%E0%A6%B7%E0%A6%BE/search/s/
Not Found: /search/\u09b6\u09bf\u0995\u09cd\u09b7\u09be/search/s/search/%E0%A6%B6%E0%A6%BF%E0%A6%95%E0%A7%8D%E0%A6%B7%E0%A6%BE/search/s/
Not Found: /search/\u09b6\u09bf\u0995\u09cd\u09b7\u09be/search/s/search/%E0%A6%B6%E0%A6%BF%E0%A6%95%E0%A7%8D%E0%A6%B7%E0%A6%BE/search/s/
/home/ystridin/aronno/home/views.py:499: UnorderedObjectListWarning: Pagination may yield inconsistent results with an unordered object_list: <class 'home.models.NewsList'> QuerySet.
  paginator = Paginator(search_results, 4)  # Show4 results per page
Not Found: /static/vendor/bootstrap/js/bootstrap.bundle.min.js
Not Found: /cart.json
/home/ystridin/aronno/home/views.py:499: UnorderedObjectListWarning: Pagination may yield inconsistent results with an unordered object_list: <class 'home.models.NewsList'> QuerySet.
  paginator = Paginator(search_results, 4)  # Show4 results per page
/home/ystridin/aronno/home/views.py:499: UnorderedObjectListWarning: Pagination may yield inconsistent results with an unordered object_list: <class 'home.models.NewsList'> QuerySet.
  paginator = Paginator(search_results, 4)  # Show4 results per page
/home/ystridin/aronno/home/views.py:499: UnorderedObjectListWarning: Pagination may yield inconsistent results with an unordered object_list: <class 'home.models.NewsList'> QuerySet.
  paginator = Paginator(search_results, 4)  # Show4 results per page
Not Found: /static/vendor/bootstrap/js/bootstrap.bundle.min.js
Not Found: /cart.json
Not Found: /search/\u09b6\u09bf\u0995\u09cd\u09b7\u09be/search/\u09b8\u09be\u0995\u09bf\u09ac/search/%E0%A6%B6%E0%A6%BF%E0%A6%95%E0%A7%8D%E0%A6%B7%E0%A6%BE/search/%E0%A6%B8%E0%A6%BE%E0%A6%95%E0%A6%BF%E0%A6%AC/
Not Found: /search/\u09b6\u09bf\u0995\u09cd\u09b7\u09be/search/\u09b8\u09be\u0995\u09bf\u09ac/search/%E0%A6%B6%E0%A6%BF%E0%A6%95%E0%A7%8D%E0%A6%B7%E0%A6%BE/search/%E0%A6%B8%E0%A6%BE%E0%A6%95%E0%A6%BF%E0%A6%AC/
Not Found: /search/\u09b6\u09bf\u0995\u09cd\u09b7\u09be/search/\u09b8\u09be\u0995\u09bf\u09ac/search/%E0%A6%B6%E0%A6%BF%E0%A6%95%E0%A7%8D%E0%A6%B7%E0%A6%BE/search/%E0%A6%B8%E0%A6%BE%E0%A6%95%E0%A6%BF%E0%A6%AC/
Not Found: /search/\u09b6\u09bf\u0995\u09cd\u09b7\u09be/search/\u09b8\u09be\u0995\u09bf\u09ac/search/%E0%A6%B6%E0%A6%BF%E0%A6%95%E0%A7%8D%E0%A6%B7%E0%A6%BE/search/%E0%A6%B8%E0%A6%BE%E0%A6%95%E0%A6%BF%E0%A6%AC/
Not Found: /search/\u09b6\u09bf\u0995\u09cd\u09b7\u09be/search/\u09b8\u09be\u0995\u09bf\u09ac/search/%E0%A6%B6%E0%A6%BF%E0%A6%95%E0%A7%8D%E0%A6%B7%E0%A6%BE/search/%E0%A6%B8%E0%A6%BE%E0%A6%95%E0%A6%BF%E0%A6%AC/
Not Found: /static/vendor/bootstrap/js/bootstrap.bundle.min.js
Not Found: /static/vendor/bootstrap/js/bootstrap.bundle.min.js
Not Found: /search/saklain/android-icon.png
Not Found: /search/saklain/apple-touch-icon.png
Not Found: /static/vendor/bootstrap/js/bootstrap.bundle.min.js
Not Found: /search/Nizam/android-icon.png
Not Found: /search/Nizam/apple-touch-icon.png
Not Found: /static/vendor/bootstrap/js/bootstrap.bundle.min.js
Not Found: /search/Thakur/android-icon.png
Not Found: /search/Thakur/apple-touch-icon.png
Not Found: /static/vendor/bootstrap/js/bootstrap.bundle.min.js
Not Found: /search/Bal/android-icon.png
Not Found: /search/Bal/apple-touch-icon.png
Not Found: /media/img/logo.png
Not Found: /static/vendor/bootstrap/js/bootstrap.bundle.min.js
Not Found: /static/vendor/bootstrap/js/bootstrap.bundle.min.js
Not Found: /news/18/android-icon.png
Not Found: /news/18/apple-touch-icon.png
Not Found: /static/vendor/bootstrap/js/bootstrap.bundle.min.js
Not Found: /cart.json
Not Found: /search/\u09b6\u09bf\u0995\u09cd\u09b7\u09be/search/\u09b8\u09be\u0995\u09bf\u09ac/search/%E0%A6%B6%E0%A6%BF%E0%A6%95%E0%A7%8D%E0%A6%B7%E0%A6%BE/search/%E0%A6%B8%E0%A6%BE%E0%A6%95%E0%A6%BF%E0%A6%AC/
/home/ystridin/aronno/home/views.py:499: UnorderedObjectListWarning: Pagination may yield inconsistent results with an unordered object_list: <class 'home.models.NewsList'> QuerySet.
  paginator = Paginator(search_results, 4)  # Show4 results per page
Not Found: /search/\u09b6\u09bf\u0995\u09cd\u09b7\u09be/search/s/search/%E0%A6%B6%E0%A6%BF%E0%A6%95%E0%A7%8D%E0%A6%B7%E0%A6%BE/search/s/
Not Found: /search/\u09b6\u09bf\u0995\u09cd\u09b7\u09be/search/s/search/%E0%A6%B6%E0%A6%BF%E0%A6%95%E0%A7%8D%E0%A6%B7%E0%A6%BE/search/s/
Not Found: /search/\u09b6\u09bf\u0995\u09cd\u09b7\u09be/search/s/search/%E0%A6%B6%E0%A6%BF%E0%A6%95%E0%A7%8D%E0%A6%B7%E0%A6%BE/search/s/
Not Found: /search/\u09b6\u09bf\u0995\u09cd\u09b7\u09be/search/s/search/%E0%A6%B6%E0%A6%BF%E0%A6%95%E0%A7%8D%E0%A6%B7%E0%A6%BE/search/s/
Not Found: /search/\u09b6\u09bf\u0995\u09cd\u09b7\u09be/search/s/search/%E0%A6%B6%E0%A6%BF%E0%A6%95%E0%A7%8D%E0%A6%B7%E0%A6%BE/search/s/
/home/ystridin/aronno/home/views.py:499: UnorderedObjectListWarning: Pagination may yield inconsistent results with an unordered object_list: <class 'home.models.NewsList'> QuerySet.
  paginator = Paginator(search_results, 4)  # Show4 results per page
Not Found: /static/vendor/bootstrap/js/bootstrap.bundle.min.js
/home/ystridin/aronno/home/views.py:499: UnorderedObjectListWarning: Pagination may yield inconsistent results with an unordered object_list: <class 'home.models.NewsList'> QuerySet.
  paginator = Paginator(search_results, 4)  # Show4 results per page
Not Found: /static/vendor/bootstrap/js/bootstrap.bundle.min.js
Not Found: /search/s/android-icon.png
Not Found: /search/s/apple-touch-icon.png
Not Found: /static/vendor/bootstrap/js/bootstrap.bundle.min.js
Not Found: /search/\u09b8\u09be\u0995\u09bf\u09ac/android-icon.png/search/%E0%A6%B8%E0%A6%BE%E0%A6%95%E0%A6%BF%E0%A6%AC/android-icon.png
Not Found: /search/\u09b8\u09be\u0995\u09bf\u09ac/apple-touch-icon.png/search/%E0%A6%B8%E0%A6%BE%E0%A6%95%E0%A6%BF%E0%A6%AC/apple-touch-icon.png
Not Found: /search/\u09b6\u09bf\u0995\u09cd\u09b7\u09be/search/s/search/%E0%A6%B6%E0%A6%BF%E0%A6%95%E0%A7%8D%E0%A6%B7%E0%A6%BE/search/s/
Not Found: /search/\u09b6\u09bf\u0995\u09cd\u09b7\u09be/search/s/search/%E0%A6%B6%E0%A6%BF%E0%A6%95%E0%A7%8D%E0%A6%B7%E0%A6%BE/search/s/
Not Found: /search/\u09b6\u09bf\u0995\u09cd\u09b7\u09be/search/s/search/%E0%A6%B6%E0%A6%BF%E0%A6%95%E0%A7%8D%E0%A6%B7%E0%A6%BE/search/s/
Not Found: /search/\u09b6\u09bf\u0995\u09cd\u09b7\u09be/search/s/search/%E0%A6%B6%E0%A6%BF%E0%A6%95%E0%A7%8D%E0%A6%B7%E0%A6%BE/search/s/
Not Found: /search/\u09b6\u09bf\u0995\u09cd\u09b7\u09be/search/s/search/%E0%A6%B6%E0%A6%BF%E0%A6%95%E0%A7%8D%E0%A6%B7%E0%A6%BE/search/s/
Not Found: /static/vendor/bootstrap/js/bootstrap.bundle.min.js
Not Found: /cart.json
Popup Ad Object: Popup Ad - https://teccmark.com/
Ad Object: Popup Ad - https://teccmark.com/
Not Found: /static/vendor/bootstrap/js/bootstrap.bundle.min.js
Not Found: /cart.json
Not Found: /static/vendor/bootstrap/js/bootstrap.bundle.min.js
/home/ystridin/virtualenv/aronno/3.10/lib/python3.10/site-packages/django/db/models/fields/__init__.py:1665: RuntimeWarning: DateTimeField Ad.end_date received a naive datetime (2024-10-19 13:20:39.706012) while time zone support is active.
  warnings.warn(
/home/ystridin/virtualenv/aronno/3.10/lib/python3.10/site-packages/django/db/models/fields/__init__.py:1665: RuntimeWarning: DateTimeField Ad.start_date received a naive datetime (2024-10-19 13:20:39.706012) while time zone support is active.
  warnings.warn(
Not Found: /static/vendor/bootstrap/js/bootstrap.bundle.min.js
Not Found: /cart.json
/home/ystridin/virtualenv/aronno/3.10/lib/python3.10/site-packages/django/db/models/fields/__init__.py:1665: RuntimeWarning: DateTimeField Ad.end_date received a naive datetime (2024-10-19 13:22:20.428655) while time zone support is active.
  warnings.warn(
/home/ystridin/virtualenv/aronno/3.10/lib/python3.10/site-packages/django/db/models/fields/__init__.py:1665: RuntimeWarning: DateTimeField Ad.start_date received a naive datetime (2024-10-19 13:22:20.428655) while time zone support is active.
  warnings.warn(
Not Found: /static/vendor/bootstrap/js/bootstrap.bundle.min.js
Not Found: /cart.json
Popup Ad Object: Popup Ad - https://teccmark.com/
Ad Object: Popup Ad - https://teccmark.com/
Popup Ad Object: Popup Ad - https://teccmark.com/
Ad Object: Popup Ad - https://teccmark.com/
Popup Ad Object: Popup Ad - https://teccmark.com/
Ad Object: Popup Ad - https://teccmark.com/
Popup Ad Object: Popup Ad - https://teccmark.com/
Ad Object: Popup Ad - https://teccmark.com/
Popup Ad Object: Popup Ad - https://teccmark.com/
Ad Object: Popup Ad - https://teccmark.com/
Popup Ad Object: Popup Ad - https://teccmark.com/
Ad Object: Popup Ad - https://teccmark.com/
Popup Ad Object: Popup Ad - https://teccmark.com/
Ad Object: Popup Ad - https://teccmark.com/
Popup Ad Object: Popup Ad - https://teccmark.com/
Ad Object: Popup Ad - https://teccmark.com/
Popup Ad Object: Popup Ad - https://teccmark.com/
Ad Object: Popup Ad - https://teccmark.com/
Popup Ad Object: Popup Ad - https://teccmark.com/
Ad Object: Popup Ad - https://teccmark.com/
Popup Ad Object: Popup Ad - https://teccmark.com/
Popup Ad Object: Popup Ad - https://teccmark.com/
Ad Object: Popup Ad - https://teccmark.com/
Popup Ad Object: Popup Ad - https://teccmark.com/
Ad Object: Popup Ad - https://teccmark.com/
Not Found: /category/international/
Not Found: /cart.json
Not Found: /favicon.ico
Not Found: /static/vendor/bootstrap/js/bootstrap.bundle.min.js
Not Found: /cart.json
/home/ystridin/virtualenv/aronno/3.10/lib/python3.10/site-packages/django/db/models/fields/__init__.py:1665: RuntimeWarning: DateTimeField Ad.end_date received a naive datetime (2024-10-19 13:22:33.333229) while time zone support is active.
  warnings.warn(
/home/ystridin/virtualenv/aronno/3.10/lib/python3.10/site-packages/django/db/models/fields/__init__.py:1665: RuntimeWarning: DateTimeField Ad.start_date received a naive datetime (2024-10-19 13:22:33.333229) while time zone support is active.
  warnings.warn(
Not Found: /static/vendor/bootstrap/js/bootstrap.bundle.min.js
Not Found: /cart.json
/home/ystridin/virtualenv/aronno/3.10/lib/python3.10/site-packages/django/db/models/fields/__init__.py:1665: RuntimeWarning: DateTimeField Ad.end_date received a naive datetime (2024-10-19 13:22:40.005657) while time zone support is active.
  warnings.warn(
/home/ystridin/virtualenv/aronno/3.10/lib/python3.10/site-packages/django/db/models/fields/__init__.py:1665: RuntimeWarning: DateTimeField Ad.start_date received a naive datetime (2024-10-19 13:22:40.005657) while time zone support is active.
  warnings.warn(
Not Found: /static/vendor/bootstrap/js/bootstrap.bundle.min.js
Not Found: /cart.json
/home/ystridin/aronno/home/views.py:499: UnorderedObjectListWarning: Pagination may yield inconsistent results with an unordered object_list: <class 'home.models.NewsList'> QuerySet.
  paginator = Paginator(search_results, 4)  # Show4 results per page
Not Found: /cart.json
/home/ystridin/virtualenv/aronno/3.10/lib/python3.10/site-packages/django/db/models/fields/__init__.py:1665: RuntimeWarning: DateTimeField Ad.end_date received a naive datetime (2024-10-19 13:22:51.493034) while time zone support is active.
  warnings.warn(
/home/ystridin/virtualenv/aronno/3.10/lib/python3.10/site-packages/django/db/models/fields/__init__.py:1665: RuntimeWarning: DateTimeField Ad.start_date received a naive datetime (2024-10-19 13:22:51.493034) while time zone support is active.
  warnings.warn(
Not Found: /static/vendor/bootstrap/js/bootstrap.bundle.min.js
Not Found: /cart.json
Popup Ad Object: Popup Ad - https://teccmark.com/
Popup Ad Object: Popup Ad - https://teccmark.com/
Not Found: /static/vendor/bootstrap/js/bootstrap.bundle.min.js
Not Found: /cart.json
/home/ystridin/virtualenv/aronno/3.10/lib/python3.10/site-packages/django/db/models/fields/__init__.py:1665: RuntimeWarning: DateTimeField Ad.end_date received a naive datetime (2024-10-19 13:22:59.453146) while time zone support is active.
  warnings.warn(
/home/ystridin/virtualenv/aronno/3.10/lib/python3.10/site-packages/django/db/models/fields/__init__.py:1665: RuntimeWarning: DateTimeField Ad.start_date received a naive datetime (2024-10-19 13:22:59.453146) while time zone support is active.
  warnings.warn(
Not Found: /static/vendor/bootstrap/js/bootstrap.bundle.min.js
Not Found: /cart.json
Not Found: /static/vendor/bootstrap/js/bootstrap.bundle.min.js
Not Found: /cart.json
/home/ystridin/virtualenv/aronno/3.10/lib/python3.10/site-packages/django/db/models/fields/__init__.py:1665: RuntimeWarning: DateTimeField Ad.end_date received a naive datetime (2024-10-19 13:23:07.588978) while time zone support is active.
  warnings.warn(
/home/ystridin/virtualenv/aronno/3.10/lib/python3.10/site-packages/django/db/models/fields/__init__.py:1665: RuntimeWarning: DateTimeField Ad.start_date received a naive datetime (2024-10-19 13:23:07.588978) while time zone support is active.
  warnings.warn(
Not Found: /static/vendor/bootstrap/js/bootstrap.bundle.min.js
Not Found: /cart.json
Not Found: /static/vendor/bootstrap/js/bootstrap.bundle.min.js
Not Found: /cart.json
Not Found: /static/vendor/bootstrap/js/bootstrap.bundle.min.js
/home/ystridin/virtualenv/aronno/3.10/lib/python3.10/site-packages/django/db/models/fields/__init__.py:1665: RuntimeWarning: DateTimeField Ad.end_date received a naive datetime (2024-10-19 13:23:13.773032) while time zone support is active.
  warnings.warn(
/home/ystridin/virtualenv/aronno/3.10/lib/python3.10/site-packages/django/db/models/fields/__init__.py:1665: RuntimeWarning: DateTimeField Ad.start_date received a naive datetime (2024-10-19 13:23:13.773032) while time zone support is active.
  warnings.warn(
Not Found: /static/vendor/bootstrap/js/bootstrap.bundle.min.js
Not Found: /media/img/logo.png
Not Found: /static/vendor/bootstrap/js/bootstrap.bundle.min.js
Not Found: /cart.json
Not Found: /static/vendor/bootstrap/js/bootstrap.bundle.min.js
Popup Ad Object: Popup Ad - https://teccmark.com/
Ad Object: Popup Ad - https://teccmark.com/
Popup Ad Object: Popup Ad - https://teccmark.com/
Ad Object: Popup Ad - https://teccmark.com/
Popup Ad Object: Popup Ad - https://teccmark.com/
/home/ystridin/virtualenv/aronno/3.10/lib/python3.10/site-packages/django/db/models/fields/__init__.py:1665: RuntimeWarning: DateTimeField Ad.end_date received a naive datetime (2024-10-19 13:23:16.514938) while time zone support is active.
  warnings.warn(
/home/ystridin/virtualenv/aronno/3.10/lib/python3.10/site-packages/django/db/models/fields/__init__.py:1665: RuntimeWarning: DateTimeField Ad.start_date received a naive datetime (2024-10-19 13:23:16.514938) while time zone support is active.
  warnings.warn(
Not Found: /static/vendor/bootstrap/js/bootstrap.bundle.min.js
Popup Ad Object: Popup Ad - https://teccmark.com/
Ad Object: Popup Ad - https://teccmark.com/
Popup Ad Object: Popup Ad - https://teccmark.com/
Popup Ad Object: Popup Ad - https://teccmark.com/
/home/ystridin/virtualenv/aronno/3.10/lib/python3.10/site-packages/django/db/models/fields/__init__.py:1665: RuntimeWarning: DateTimeField Ad.end_date received a naive datetime (2024-10-19 13:23:16.765675) while time zone support is active.
  warnings.warn(
/home/ystridin/virtualenv/aronno/3.10/lib/python3.10/site-packages/django/db/models/fields/__init__.py:1665: RuntimeWarning: DateTimeField Ad.start_date received a naive datetime (2024-10-19 13:23:16.765675) while time zone support is active.
  warnings.warn(
/home/ystridin/virtualenv/aronno/3.10/lib/python3.10/site-packages/django/db/models/fields/__init__.py:1665: RuntimeWarning: DateTimeField Ad.end_date received a naive datetime (2024-10-19 13:23:16.801495) while time zone support is active.
  warnings.warn(
/home/ystridin/virtualenv/aronno/3.10/lib/python3.10/site-packages/django/db/models/fields/__init__.py:1665: RuntimeWarning: DateTimeField Ad.start_date received a naive datetime (2024-10-19 13:23:16.801495) while time zone support is active.
  warnings.warn(
/home/ystridin/virtualenv/aronno/3.10/lib/python3.10/site-packages/django/db/models/fields/__init__.py:1665: RuntimeWarning: DateTimeField Ad.end_date received a naive datetime (2024-10-19 13:23:17.146504) while time zone support is active.
  warnings.warn(
/home/ystridin/virtualenv/aronno/3.10/lib/python3.10/site-packages/django/db/models/fields/__init__.py:1665: RuntimeWarning: DateTimeField Ad.start_date received a naive datetime (2024-10-19 13:23:17.146504) while time zone support is active.
  warnings.warn(
/home/ystridin/virtualenv/aronno/3.10/lib/python3.10/site-packages/django/db/models/fields/__init__.py:1665: RuntimeWarning: DateTimeField Ad.end_date received a naive datetime (2024-10-19 13:23:17.156074) while time zone support is active.
  warnings.warn(
/home/ystridin/virtualenv/aronno/3.10/lib/python3.10/site-packages/django/db/models/fields/__init__.py:1665: RuntimeWarning: DateTimeField Ad.start_date received a naive datetime (2024-10-19 13:23:17.156074) while time zone support is active.
  warnings.warn(
/home/ystridin/virtualenv/aronno/3.10/lib/python3.10/site-packages/django/db/models/fields/__init__.py:1665: RuntimeWarning: DateTimeField Ad.end_date received a naive datetime (2024-10-19 13:23:17.165891) while time zone support is active.
  warnings.warn(
/home/ystridin/virtualenv/aronno/3.10/lib/python3.10/site-packages/django/db/models/fields/__init__.py:1665: RuntimeWarning: DateTimeField Ad.start_date received a naive datetime (2024-10-19 13:23:17.165891) while time zone support is active.
  warnings.warn(
Popup Ad Object: Popup Ad - https://teccmark.com/
Popup Ad Object: Popup Ad - https://teccmark.com/
Popup Ad Object: Popup Ad - https://teccmark.com/
Popup Ad Object: Popup Ad - https://teccmark.com/
Ad Object: Popup Ad - https://teccmark.com/
Popup Ad Object: Popup Ad - https://teccmark.com/
Ad Object: Popup Ad - https://teccmark.com/
Popup Ad Object: Popup Ad - https://teccmark.com/
Ad Object: Popup Ad - https://teccmark.com/
/home/ystridin/virtualenv/aronno/3.10/lib/python3.10/site-packages/django/db/models/fields/__init__.py:1665: RuntimeWarning: DateTimeField Ad.end_date received a naive datetime (2024-10-19 13:23:36.429104) while time zone support is active.
  warnings.warn(
/home/ystridin/virtualenv/aronno/3.10/lib/python3.10/site-packages/django/db/models/fields/__init__.py:1665: RuntimeWarning: DateTimeField Ad.start_date received a naive datetime (2024-10-19 13:23:36.429104) while time zone support is active.
  warnings.warn(
/home/ystridin/virtualenv/aronno/3.10/lib/python3.10/site-packages/django/db/models/fields/__init__.py:1665: RuntimeWarning: DateTimeField Ad.end_date received a naive datetime (2024-10-19 13:23:36.695287) while time zone support is active.
  warnings.warn(
/home/ystridin/virtualenv/aronno/3.10/lib/python3.10/site-packages/django/db/models/fields/__init__.py:1665: RuntimeWarning: DateTimeField Ad.start_date received a naive datetime (2024-10-19 13:23:36.695287) while time zone support is active.
  warnings.warn(
/home/ystridin/virtualenv/aronno/3.10/lib/python3.10/site-packages/django/db/models/fields/__init__.py:1665: RuntimeWarning: DateTimeField Ad.end_date received a naive datetime (2024-10-19 13:23:36.697070) while time zone support is active.
  warnings.warn(
/home/ystridin/virtualenv/aronno/3.10/lib/python3.10/site-packages/django/db/models/fields/__init__.py:1665: RuntimeWarning: DateTimeField Ad.start_date received a naive datetime (2024-10-19 13:23:36.697070) while time zone support is active.
  warnings.warn(
Not Found: /static/vendor/bootstrap/js/bootstrap.bundle.min.js
/home/ystridin/virtualenv/aronno/3.10/lib/python3.10/site-packages/django/db/models/fields/__init__.py:1665: RuntimeWarning: DateTimeField Ad.end_date received a naive datetime (2024-10-19 13:23:37.079317) while time zone support is active.
  warnings.warn(
/home/ystridin/virtualenv/aronno/3.10/lib/python3.10/site-packages/django/db/models/fields/__init__.py:1665: RuntimeWarning: DateTimeField Ad.start_date received a naive datetime (2024-10-19 13:23:37.079317) while time zone support is active.
  warnings.warn(
/home/ystridin/virtualenv/aronno/3.10/lib/python3.10/site-packages/django/db/models/fields/__init__.py:1665: RuntimeWarning: DateTimeField Ad.end_date received a naive datetime (2024-10-19 13:23:37.082833) while time zone support is active.
  warnings.warn(
/home/ystridin/virtualenv/aronno/3.10/lib/python3.10/site-packages/django/db/models/fields/__init__.py:1665: RuntimeWarning: DateTimeField Ad.start_date received a naive datetime (2024-10-19 13:23:37.082833) while time zone support is active.
  warnings.warn(
/home/ystridin/virtualenv/aronno/3.10/lib/python3.10/site-packages/django/db/models/fields/__init__.py:1665: RuntimeWarning: DateTimeField Ad.end_date received a naive datetime (2024-10-19 13:23:37.265337) while time zone support is active.
  warnings.warn(
/home/ystridin/virtualenv/aronno/3.10/lib/python3.10/site-packages/django/db/models/fields/__init__.py:1665: RuntimeWarning: DateTimeField Ad.start_date received a naive datetime (2024-10-19 13:23:37.265337) while time zone support is active.
  warnings.warn(
/home/ystridin/virtualenv/aronno/3.10/lib/python3.10/site-packages/django/db/models/fields/__init__.py:1665: RuntimeWarning: DateTimeField Ad.end_date received a naive datetime (2024-10-19 13:23:39.823272) while time zone support is active.
  warnings.warn(
/home/ystridin/virtualenv/aronno/3.10/lib/python3.10/site-packages/django/db/models/fields/__init__.py:1665: RuntimeWarning: DateTimeField Ad.start_date received a naive datetime (2024-10-19 13:23:39.823272) while time zone support is active.
  warnings.warn(
Not Found: /static/vendor/bootstrap/js/bootstrap.bundle.min.js
[UID:1472][599946] Reached max children process limit: 6, extra: 2, current: 8, busy: 7, please increase LSAPI_CHILDREN.
[UID:1472][599946] Reached max children process limit: 6, extra: 2, current: 8, busy: 8, please increase LSAPI_CHILDREN.
[UID:1472][599946] Reached max children process limit: 6, extra: 2, current: 8, busy: 8, please increase LSAPI_CHILDREN.
[UID:1472][599946] Reached max children process limit: 6, extra: 2, current: 8, busy: 8, please increase LSAPI_CHILDREN.
[UID:1472][599946] Reached max children process limit: 6, extra: 2, current: 8, busy: 8, please increase LSAPI_CHILDREN.
[UID:1472][599946] Reached max children process limit: 6, extra: 2, current: 8, busy: 8, please increase LSAPI_CHILDREN.
/home/ystridin/virtualenv/aronno/3.10/lib/python3.10/site-packages/django/db/models/fields/__init__.py:1665: RuntimeWarning: DateTimeField Ad.end_date received a naive datetime (2024-10-19 13:23:40.662139) while time zone support is active.
  warnings.warn(
/home/ystridin/virtualenv/aronno/3.10/lib/python3.10/site-packages/django/db/models/fields/__init__.py:1665: RuntimeWarning: DateTimeField Ad.start_date received a naive datetime (2024-10-19 13:23:40.662139) while time zone support is active.
  warnings.warn(
[UID:1472][599946] Reached max children process limit: 6, extra: 2, current: 8, busy: 8, please increase LSAPI_CHILDREN.
[UID:1472][599946] Reached max children process limit: 6, extra: 2, current: 8, busy: 8, please increase LSAPI_CHILDREN.
[UID:1472][599946] Reached max children process limit: 6, extra: 2, current: 8, busy: 8, please increase LSAPI_CHILDREN.
[UID:1472][599946] Reached max children process limit: 6, extra: 2, current: 8, busy: 8, please increase LSAPI_CHILDREN.
/home/ystridin/virtualenv/aronno/3.10/lib/python3.10/site-packages/django/db/models/fields/__init__.py:1665: RuntimeWarning: DateTimeField Ad.end_date received a naive datetime (2024-10-19 13:23:41.041028) while time zone support is active.
  warnings.warn(
/home/ystridin/virtualenv/aronno/3.10/lib/python3.10/site-packages/django/db/models/fields/__init__.py:1665: RuntimeWarning: DateTimeField Ad.start_date received a naive datetime (2024-10-19 13:23:41.041028) while time zone support is active.
  warnings.warn(
[UID:1472][599946] Reached max children process limit: 6, extra: 2, current: 8, busy: 8, please increase LSAPI_CHILDREN.
[UID:1472][599946] Reached max children process limit: 6, extra: 2, current: 8, busy: 8, please increase LSAPI_CHILDREN.
[UID:1472][599946] Reached max children process limit: 6, extra: 2, current: 8, busy: 8, please increase LSAPI_CHILDREN.
[UID:1472][599946] Reached max children process limit: 6, extra: 2, current: 8, busy: 8, please increase LSAPI_CHILDREN.
[UID:1472][599946] Reached max children process limit: 6, extra: 2, current: 8, busy: 8, please increase LSAPI_CHILDREN.
[UID:1472][599946] Reached max children process limit: 6, extra: 2, current: 8, busy: 8, please increase LSAPI_CHILDREN.
[UID:1472][599946] Reached max children process limit: 6, extra: 2, current: 8, busy: 8, please increase LSAPI_CHILDREN.
[UID:1472][599946] Reached max children process limit: 6, extra: 2, current: 8, busy: 8, please increase LSAPI_CHILDREN.
[UID:1472][599946] Reached max children process limit: 6, extra: 2, current: 8, busy: 8, please increase LSAPI_CHILDREN.
[UID:1472][599946] Reached max children process limit: 6, extra: 2, current: 8, busy: 8, please increase LSAPI_CHILDREN.
Popup Ad Object: Popup Ad - https://teccmark.com/
Ad Object: Popup Ad - https://teccmark.com/
Popup Ad Object: Popup Ad - https://teccmark.com/
Ad Object: Popup Ad - https://teccmark.com/
Popup Ad Object: Popup Ad - https://teccmark.com/
Ad Object: Popup Ad - https://teccmark.com/
Popup Ad Object: Popup Ad - https://teccmark.com/
Ad Object: Popup Ad - https://teccmark.com/
[UID:1472][599946] Reached max children process limit: 6, extra: 2, current: 8, busy: 7, please increase LSAPI_CHILDREN.
Popup Ad Object: Popup Ad - https://teccmark.com/
Popup Ad Object: Popup Ad - https://teccmark.com/
Ad Object: Popup Ad - https://teccmark.com/
Popup Ad Object: Popup Ad - https://teccmark.com/
Ad Object: Popup Ad - https://teccmark.com/
Popup Ad Object: Popup Ad - https://teccmark.com/
Popup Ad Object: Popup Ad - https://teccmark.com/
Popup Ad Object: Popup Ad - https://teccmark.com/
Ad Object: Popup Ad - https://teccmark.com/
/home/ystridin/virtualenv/aronno/3.10/lib/python3.10/site-packages/django/db/models/fields/__init__.py:1665: RuntimeWarning: DateTimeField Ad.end_date received a naive datetime (2024-10-19 13:23:42.076097) while time zone support is active.
  warnings.warn(
/home/ystridin/virtualenv/aronno/3.10/lib/python3.10/site-packages/django/db/models/fields/__init__.py:1665: RuntimeWarning: DateTimeField Ad.start_date received a naive datetime (2024-10-19 13:23:42.076097) while time zone support is active.
  warnings.warn(
[UID:1472][599946] Reached max children process limit: 6, extra: 2, current: 8, busy: 8, please increase LSAPI_CHILDREN.
[UID:1472][599946] Reached max children process limit: 6, extra: 2, current: 8, busy: 8, please increase LSAPI_CHILDREN.
[UID:1472][599946] Reached max children process limit: 6, extra: 2, current: 8, busy: 8, please increase LSAPI_CHILDREN.
/home/ystridin/virtualenv/aronno/3.10/lib/python3.10/site-packages/django/db/models/fields/__init__.py:1665: RuntimeWarning: DateTimeField Ad.end_date received a naive datetime (2024-10-19 13:23:42.481530) while time zone support is active.
  warnings.warn(
/home/ystridin/virtualenv/aronno/3.10/lib/python3.10/site-packages/django/db/models/fields/__init__.py:1665: RuntimeWarning: DateTimeField Ad.start_date received a naive datetime (2024-10-19 13:23:42.481530) while time zone support is active.
  warnings.warn(
Popup Ad Object: Popup Ad - https://teccmark.com/
Popup Ad Object: Popup Ad - https://teccmark.com/
Ad Object: Popup Ad - https://teccmark.com/
Popup Ad Object: Popup Ad - https://teccmark.com/
Popup Ad Object: Popup Ad - https://teccmark.com/
Not Found: /static/vendor/bootstrap/js/bootstrap.bundle.min.js
Popup Ad Object: Popup Ad - https://teccmark.com/
Ad Object: Popup Ad - https://teccmark.com/
Popup Ad Object: Popup Ad - https://teccmark.com/
Ad Object: Popup Ad - https://teccmark.com/
Not Found: /category/international/
Not Found: /favicon.ico
Not Found: /category/international/
Not Found: /category/international/
Not Found: /category/international/
Not Found: /category/international/
Popup Ad Object: Popup Ad - https://teccmark.com/
Ad Object: Popup Ad - https://teccmark.com/
Popup Ad Object: Popup Ad - https://teccmark.com/
Ad Object: Popup Ad - https://teccmark.com/
Popup Ad Object: Popup Ad - https://teccmark.com/
Ad Object: Popup Ad - https://teccmark.com/
Popup Ad Object: Popup Ad - https://teccmark.com/
Ad Object: Popup Ad - https://teccmark.com/
Not Found: /category/international/
Not Found: /static/vendor/bootstrap/js/bootstrap.bundle.min.js
Popup Ad Object: Popup Ad - https://teccmark.com/
Ad Object: Popup Ad - https://teccmark.com/
Popup Ad Object: Popup Ad - https://teccmark.com/
Ad Object: Popup Ad - https://teccmark.com/
Popup Ad Object: Popup Ad - https://teccmark.com/
Ad Object: Popup Ad - https://teccmark.com/
Popup Ad Object: Popup Ad - https://teccmark.com/
Ad Object: Popup Ad - https://teccmark.com/
Popup Ad Object: Popup Ad - https://teccmark.com/
Ad Object: Popup Ad - https://teccmark.com/
Not Found: /search/\u09b8\u09be\u0995\u09bf\u09ac/search/%E0%A6%B8%E0%A6%BE%E0%A6%95%E0%A6%BF%E0%A6%AC/search/%E0%A6%B8%E0%A6%BE%E0%A6%95%E0%A6%BF%E0%A6%AC/search/%25E0%25A6%25B8%25E0%25A6%25BE%25E0%25A6%2595%25E0%25A6%25BF%25E0%25A6%25AC/
Not Found: /favicon.ico
Not Found: /search/\u09b8\u09be\u0995\u09bf\u09ac/search/%E0%A6%B8%E0%A6%BE%E0%A6%95%E0%A6%BF%E0%A6%AC/search/%E0%A6%B8%E0%A6%BE%E0%A6%95%E0%A6%BF%E0%A6%AC/search/%25E0%25A6%25B8%25E0%25A6%25BE%25E0%25A6%2595%25E0%25A6%25BF%25E0%25A6%25AC/
Not Found: /search/\u09b8\u09be\u0995\u09bf\u09ac/search/%E0%A6%B8%E0%A6%BE%E0%A6%95%E0%A6%BF%E0%A6%AC/search/%E0%A6%B8%E0%A6%BE%E0%A6%95%E0%A6%BF%E0%A6%AC/search/%25E0%25A6%25B8%25E0%25A6%25BE%25E0%25A6%2595%25E0%25A6%25BF%25E0%25A6%25AC/
Not Found: /search/\u09b8\u09be\u0995\u09bf\u09ac/search/%E0%A6%B8%E0%A6%BE%E0%A6%95%E0%A6%BF%E0%A6%AC/search/%E0%A6%B8%E0%A6%BE%E0%A6%95%E0%A6%BF%E0%A6%AC/search/%25E0%25A6%25B8%25E0%25A6%25BE%25E0%25A6%2595%25E0%25A6%25BF%25E0%25A6%25AC/
Not Found: /search/\u09b8\u09be\u0995\u09bf\u09ac/search/%E0%A6%B8%E0%A6%BE%E0%A6%95%E0%A6%BF%E0%A6%AC/search/%E0%A6%B8%E0%A6%BE%E0%A6%95%E0%A6%BF%E0%A6%AC/search/%25E0%25A6%25B8%25E0%25A6%25BE%25E0%25A6%2595%25E0%25A6%25BF%25E0%25A6%25AC/
Not Found: /static/vendor/bootstrap/js/bootstrap.bundle.min.js
Not Found: /cart.json
Not Found: /search/\u09b8\u09be\u0995\u09bf\u09ac/search/%E0%A6%B8%E0%A6%BE%E0%A6%95%E0%A6%BF%E0%A6%AC/search/%E0%A6%B8%E0%A6%BE%E0%A6%95%E0%A6%BF%E0%A6%AC/search/%25E0%25A6%25B8%25E0%25A6%25BE%25E0%25A6%2595%25E0%25A6%25BF%25E0%25A6%25AC/
Not Found: /favicon.ico
Not Found: /search/\u09b8\u09be\u0995\u09bf\u09ac/search/%E0%A6%B8%E0%A6%BE%E0%A6%95%E0%A6%BF%E0%A6%AC/search/%E0%A6%B8%E0%A6%BE%E0%A6%95%E0%A6%BF%E0%A6%AC/search/%25E0%25A6%25B8%25E0%25A6%25BE%25E0%25A6%2595%25E0%25A6%25BF%25E0%25A6%25AC/
Not Found: /search/\u09b8\u09be\u0995\u09bf\u09ac/search/%E0%A6%B8%E0%A6%BE%E0%A6%95%E0%A6%BF%E0%A6%AC/search/%E0%A6%B8%E0%A6%BE%E0%A6%95%E0%A6%BF%E0%A6%AC/search/%25E0%25A6%25B8%25E0%25A6%25BE%25E0%25A6%2595%25E0%25A6%25BF%25E0%25A6%25AC/
Not Found: /search/\u09b8\u09be\u0995\u09bf\u09ac/search/%E0%A6%B8%E0%A6%BE%E0%A6%95%E0%A6%BF%E0%A6%AC/search/%E0%A6%B8%E0%A6%BE%E0%A6%95%E0%A6%BF%E0%A6%AC/search/%25E0%25A6%25B8%25E0%25A6%25BE%25E0%25A6%2595%25E0%25A6%25BF%25E0%25A6%25AC/
Not Found: /static/vendor/bootstrap/js/bootstrap.bundle.min.js
Not Found: /search/\u09b8\u09be\u0995\u09bf\u09ac/search/%E0%A6%B8%E0%A6%BE%E0%A6%95%E0%A6%BF%E0%A6%AC/search/%E0%A6%B8%E0%A6%BE%E0%A6%95%E0%A6%BF%E0%A6%AC/search/%25E0%25A6%25B8%25E0%25A6%25BE%25E0%25A6%2595%25E0%25A6%25BF%25E0%25A6%25AC/
Not Found: /search/\u09b8\u09be\u0995\u09bf\u09ac/search/%E0%A6%B8%E0%A6%BE%E0%A6%95%E0%A6%BF%E0%A6%AC/search/%E0%A6%B8%E0%A6%BE%E0%A6%95%E0%A6%BF%E0%A6%AC/search/%25E0%25A6%25B8%25E0%25A6%25BE%25E0%25A6%2595%25E0%25A6%25BF%25E0%25A6%25AC/
Not Found: /search/\u09b8\u09be\u0995\u09bf\u09ac/search/%E0%A6%B8%E0%A6%BE%E0%A6%95%E0%A6%BF%E0%A6%AC/search/%E0%A6%B8%E0%A6%BE%E0%A6%95%E0%A6%BF%E0%A6%AC/search/%25E0%25A6%25B8%25E0%25A6%25BE%25E0%25A6%2595%25E0%25A6%25BF%25E0%25A6%25AC/
Not Found: /search/\u09b8\u09be\u0995\u09bf\u09ac/search/%E0%A6%B8%E0%A6%BE%E0%A6%95%E0%A6%BF%E0%A6%AC/search/%E0%A6%B8%E0%A6%BE%E0%A6%95%E0%A6%BF%E0%A6%AC/search/%25E0%25A6%25B8%25E0%25A6%25BE%25E0%25A6%2595%25E0%25A6%25BF%25E0%25A6%25AC/
Not Found: /search/\u09b8\u09be\u0995\u09bf\u09ac/search/%E0%A6%B8%E0%A6%BE%E0%A6%95%E0%A6%BF%E0%A6%AC/search/%E0%A6%B8%E0%A6%BE%E0%A6%95%E0%A6%BF%E0%A6%AC/search/%25E0%25A6%25B8%25E0%25A6%25BE%25E0%25A6%2595%25E0%25A6%25BF%25E0%25A6%25AC/
Not Found: /media/img/logo.png
Not Found: /static/vendor/bootstrap/js/bootstrap.bundle.min.js
Not Found: /media/img/logo.png
Not Found: /static/vendor/bootstrap/js/bootstrap.bundle.min.js
Not Found: /media/img/logo.png
Not Found: /static/vendor/bootstrap/js/bootstrap.bundle.min.js
Not Found: /static/vendor/bootstrap/js/bootstrap.bundle.min.js
Not Found: /static/vendor/bootstrap/js/bootstrap.bundle.min.js
Not Found: /static/vendor/bootstrap/js/bootstrap.bundle.min.js
Not Found: /jogajog/android-icon.png
Not Found: /jogajog/apple-touch-icon.png
Not Found: /static/vendor/bootstrap/js/bootstrap.bundle.min.js
Not Found: /static/vendor/bootstrap/js/bootstrap.bundle.min.js
Not Found: /cart.json
Popup Ad Object: Popup Ad - https://teccmark.com/
Ad Object: Popup Ad - https://teccmark.com/
Popup Ad Object: Popup Ad - https://teccmark.com/
Ad Object: Popup Ad - https://teccmark.com/
Popup Ad Object: Popup Ad - https://teccmark.com/
Ad Object: Popup Ad - https://teccmark.com/
Popup Ad Object: Popup Ad - https://teccmark.com/
Ad Object: Popup Ad - https://teccmark.com/
Popup Ad Object: Popup Ad - https://teccmark.com/
Ad Object: Popup Ad - https://teccmark.com/
Popup Ad Object: Popup Ad - https://teccmark.com/
Popup Ad Object: Popup Ad - https://teccmark.com/
Popup Ad Object: Popup Ad - https://teccmark.com/
Ad Object: Popup Ad - https://teccmark.com/
Popup Ad Object: Popup Ad - https://teccmark.com/
Ad Object: Popup Ad - https://teccmark.com/
Popup Ad Object: Popup Ad - https://teccmark.com/
Ad Object: Popup Ad - https://teccmark.com/
Popup Ad Object: Popup Ad - https://teccmark.com/
Ad Object: Popup Ad - https://teccmark.com/
Popup Ad Object: Popup Ad - https://teccmark.com/
Ad Object: Popup Ad - https://teccmark.com/
Not Found: /static/vendor/bootstrap/js/bootstrap.bundle.min.js
Not Found: /cart.json
Not Found: /search/\u09b8\u09be\u0995\u09bf\u09ac/search/%E0%A6%B8%E0%A6%BE%E0%A6%95%E0%A6%BF%E0%A6%AC/search/%E0%A6%B8%E0%A6%BE%E0%A6%95%E0%A6%BF%E0%A6%AC/search/%25E0%25A6%25B8%25E0%25A6%25BE%25E0%25A6%2595%25E0%25A6%25BF%25E0%25A6%25AC/
Popup Ad Object: Popup Ad - https://teccmark.com/
Ad Object: Popup Ad - https://teccmark.com/
Not Found: /static/vendor/bootstrap/js/bootstrap.bundle.min.js
Popup Ad Object: Popup Ad - https://teccmark.com/
Ad Object: Popup Ad - https://teccmark.com/
Popup Ad Object: Popup Ad - https://teccmark.com/
Ad Object: Popup Ad - https://teccmark.com/
Popup Ad Object: Popup Ad - https://teccmark.com/
Ad Object: Popup Ad - https://teccmark.com/
Popup Ad Object: Popup Ad - https://teccmark.com/
Ad Object: Popup Ad - https://teccmark.com/
Not Found: /search/\u09b8\u09be\u0995\u09bf\u09ac/search/%E0%A6%B8%E0%A6%BE%E0%A6%95%E0%A6%BF%E0%A6%AC/search/%E0%A6%B8%E0%A6%BE%E0%A6%95%E0%A6%BF%E0%A6%AC/search/%25E0%25A6%25B8%25E0%25A6%25BE%25E0%25A6%2595%25E0%25A6%25BF%25E0%25A6%25AC/
Not Found: /search/\u09b8\u09be\u0995\u09bf\u09ac/search/%E0%A6%B8%E0%A6%BE%E0%A6%95%E0%A6%BF%E0%A6%AC/search/%E0%A6%B8%E0%A6%BE%E0%A6%95%E0%A6%BF%E0%A6%AC/search/%25E0%25A6%25B8%25E0%25A6%25BE%25E0%25A6%2595%25E0%25A6%25BF%25E0%25A6%25AC/
Not Found: /search/\u09b8\u09be\u0995\u09bf\u09ac/search/%E0%A6%B8%E0%A6%BE%E0%A6%95%E0%A6%BF%E0%A6%AC/search/%E0%A6%B8%E0%A6%BE%E0%A6%95%E0%A6%BF%E0%A6%AC/search/%25E0%25A6%25B8%25E0%25A6%25BE%25E0%25A6%2595%25E0%25A6%25BF%25E0%25A6%25AC/
Not Found: /search/\u09b8\u09be\u0995\u09bf\u09ac/search/%E0%A6%B8%E0%A6%BE%E0%A6%95%E0%A6%BF%E0%A6%AC/search/%E0%A6%B8%E0%A6%BE%E0%A6%95%E0%A6%BF%E0%A6%AC/search/%25E0%25A6%25B8%25E0%25A6%25BE%25E0%25A6%2595%25E0%25A6%25BF%25E0%25A6%25AC/
Not Found: /search/\u09b8\u09be\u0995\u09bf\u09ac/search/%E0%A6%B8%E0%A6%BE%E0%A6%95%E0%A6%BF%E0%A6%AC/search/%E0%A6%B8%E0%A6%BE%E0%A6%95%E0%A6%BF%E0%A6%AC/search/%25E0%25A6%25B8%25E0%25A6%25BE%25E0%25A6%2595%25E0%25A6%25BF%25E0%25A6%25AC/
Popup Ad Object: Popup Ad - https://teccmark.com/
Ad Object: Popup Ad - https://teccmark.com/
Popup Ad Object: Popup Ad - https://teccmark.com/
Ad Object: Popup Ad - https://teccmark.com/
Popup Ad Object: Popup Ad - https://teccmark.com/
Ad Object: Popup Ad - https://teccmark.com/
Popup Ad Object: Popup Ad - https://teccmark.com/
Ad Object: Popup Ad - https://teccmark.com/
/home/ystridin/virtualenv/aronno/3.10/lib/python3.10/site-packages/django/db/models/fields/__init__.py:1665: RuntimeWarning: DateTimeField Ad.end_date received a naive datetime (2024-10-19 13:56:22.888387) while time zone support is active.
  warnings.warn(
/home/ystridin/virtualenv/aronno/3.10/lib/python3.10/site-packages/django/db/models/fields/__init__.py:1665: RuntimeWarning: DateTimeField Ad.start_date received a naive datetime (2024-10-19 13:56:22.888387) while time zone support is active.
  warnings.warn(
Popup Ad Object: Popup Ad - https://teccmark.com/
Ad Object: Popup Ad - https://teccmark.com/
/home/ystridin/virtualenv/aronno/3.10/lib/python3.10/site-packages/django/db/models/fields/__init__.py:1665: RuntimeWarning: DateTimeField Ad.end_date received a naive datetime (2024-10-19 14:07:24.441894) while time zone support is active.
  warnings.warn(
/home/ystridin/virtualenv/aronno/3.10/lib/python3.10/site-packages/django/db/models/fields/__init__.py:1665: RuntimeWarning: DateTimeField Ad.start_date received a naive datetime (2024-10-19 14:07:24.441894) while time zone support is active.
  warnings.warn(
/home/ystridin/virtualenv/aronno/3.10/lib/python3.10/site-packages/django/db/models/fields/__init__.py:1665: RuntimeWarning: DateTimeField Ad.end_date received a naive datetime (2024-10-19 14:08:09.794221) while time zone support is active.
  warnings.warn(
/home/ystridin/virtualenv/aronno/3.10/lib/python3.10/site-packages/django/db/models/fields/__init__.py:1665: RuntimeWarning: DateTimeField Ad.start_date received a naive datetime (2024-10-19 14:08:09.794221) while time zone support is active.
  warnings.warn(
Not Found: /.well-known/traffic-advice
Not Found: /static/vendor/bootstrap/js/bootstrap.bundle.min.js
Popup Ad Object: Popup Ad - https://teccmark.com/
Ad Object: Popup Ad - https://teccmark.com/
Popup Ad Object: Popup Ad - https://teccmark.com/
Ad Object: Popup Ad - https://teccmark.com/
Not Found: /android-icon.png
Not Found: /apple-touch-icon.png
Not Found: /media/img/logo.png
Not Found: /static/vendor/bootstrap/js/bootstrap.bundle.min.js
Not Found: /static/vendor/bootstrap/js/bootstrap.bundle.min.js
Not Found: /news/26/android-icon.png
Not Found: /news/26/apple-touch-icon.png
/home/ystridin/aronno/home/views.py:496: UnorderedObjectListWarning: Pagination may yield inconsistent results with an unordered object_list: <class 'home.models.NewsList'> QuerySet.
  paginator = Paginator(search_results, 4)  # Show 4 results per page
Not Found: /static/vendor/bootstrap/js/bootstrap.bundle.min.js
Not Found: /search/\u09b8\u09be\u0995\u09bf\u09ac/android-icon.png/search/%E0%A6%B8%E0%A6%BE%E0%A6%95%E0%A6%BF%E0%A6%AC/android-icon.png
Not Found: /search/\u09b8\u09be\u0995\u09bf\u09ac/apple-touch-icon.png/search/%E0%A6%B8%E0%A6%BE%E0%A6%95%E0%A6%BF%E0%A6%AC/apple-touch-icon.png
Popup Ad Object: Popup Ad - https://teccmark.com/
Popup Ad Object: Popup Ad - https://teccmark.com/
Popup Ad Object: Popup Ad - https://teccmark.com/
Ad Object: Popup Ad - https://teccmark.com/
Popup Ad Object: Popup Ad - https://teccmark.com/
Ad Object: Popup Ad - https://teccmark.com/
Popup Ad Object: Popup Ad - https://teccmark.com/
Popup Ad Object: Popup Ad - https://teccmark.com/
Not Found: /robots.txt
/home/ystridin/virtualenv/aronno/3.10/lib/python3.10/site-packages/django/db/models/fields/__init__.py:1665: RuntimeWarning: DateTimeField Ad.end_date received a naive datetime (2024-10-19 14:46:19.030656) while time zone support is active.
  warnings.warn(
/home/ystridin/virtualenv/aronno/3.10/lib/python3.10/site-packages/django/db/models/fields/__init__.py:1665: RuntimeWarning: DateTimeField Ad.start_date received a naive datetime (2024-10-19 14:46:19.030656) while time zone support is active.
  warnings.warn(
Not Found: /static/vendor/bootstrap/js/bootstrap.bundle.min.js
Not Found: /category/crime/apple-touch-icon.png
Not Found: /category/crime/android-icon.png
Popup Ad Object: Popup Ad - https://teccmark.com/
Ad Object: Popup Ad - https://teccmark.com/
Popup Ad Object: Popup Ad - https://teccmark.com/
Popup Ad Object: Popup Ad - https://teccmark.com/
Popup Ad Object: Popup Ad - https://teccmark.com/
Popup Ad Object: Popup Ad - https://teccmark.com/
Ad Object: Popup Ad - https://teccmark.com/
Not Found: /search/\u09b8\u09be\u0995\u09bf\u09ac/search/%E0%A6%B8%E0%A6%BE%E0%A6%95%E0%A6%BF%E0%A6%AC/search/%E0%A6%B8%E0%A6%BE%E0%A6%95%E0%A6%BF%E0%A6%AC/search/%25E0%25A6%25B8%25E0%25A6%25BE%25E0%25A6%2595%25E0%25A6%25BF%25E0%25A6%25AC/
Popup Ad Object: Popup Ad - https://teccmark.com/
/home/ystridin/virtualenv/aronno/3.10/lib/python3.10/site-packages/django/db/models/fields/__init__.py:1665: RuntimeWarning: DateTimeField Ad.end_date received a naive datetime (2024-10-19 15:35:38.422526) while time zone support is active.
  warnings.warn(
/home/ystridin/virtualenv/aronno/3.10/lib/python3.10/site-packages/django/db/models/fields/__init__.py:1665: RuntimeWarning: DateTimeField Ad.start_date received a naive datetime (2024-10-19 15:35:38.422526) while time zone support is active.
  warnings.warn(
/home/ystridin/virtualenv/aronno/3.10/lib/python3.10/site-packages/django/db/models/fields/__init__.py:1665: RuntimeWarning: DateTimeField Ad.end_date received a naive datetime (2024-10-19 15:35:50.931825) while time zone support is active.
  warnings.warn(
/home/ystridin/virtualenv/aronno/3.10/lib/python3.10/site-packages/django/db/models/fields/__init__.py:1665: RuntimeWarning: DateTimeField Ad.start_date received a naive datetime (2024-10-19 15:35:50.931825) while time zone support is active.
  warnings.warn(
/home/ystridin/virtualenv/aronno/3.10/lib/python3.10/site-packages/django/db/models/fields/__init__.py:1665: RuntimeWarning: DateTimeField Ad.end_date received a naive datetime (2024-10-19 15:35:55.968627) while time zone support is active.
  warnings.warn(
/home/ystridin/virtualenv/aronno/3.10/lib/python3.10/site-packages/django/db/models/fields/__init__.py:1665: RuntimeWarning: DateTimeField Ad.start_date received a naive datetime (2024-10-19 15:35:55.968627) while time zone support is active.
  warnings.warn(
Popup Ad Object: Popup Ad - https://teccmark.com/
/home/ystridin/aronno/home/views.py:496: UnorderedObjectListWarning: Pagination may yield inconsistent results with an unordered object_list: <class 'home.models.NewsList'> QuerySet.
  paginator = Paginator(search_results, 4)  # Show 4 results per page
/home/ystridin/aronno/home/views.py:496: UnorderedObjectListWarning: Pagination may yield inconsistent results with an unordered object_list: <class 'home.models.NewsList'> QuerySet.
  paginator = Paginator(search_results, 4)  # Show 4 results per page
/home/ystridin/aronno/home/views.py:496: UnorderedObjectListWarning: Pagination may yield inconsistent results with an unordered object_list: <class 'home.models.NewsList'> QuerySet.
  paginator = Paginator(search_results, 4)  # Show 4 results per page
Not Found: /static/vendor/bootstrap/js/bootstrap.bundle.min.js
Not Found: /static/vendor/bootstrap/js/bootstrap.bundle.min.js
Not Found: /static/vendor/bootstrap/js/bootstrap.bundle.min.js
Not Found: /static/vendor/bootstrap/js/bootstrap.bundle.min.js
Not Found: /policy/android-icon.png
Not Found: /policy/apple-touch-icon.png
Not Found: /static/vendor/bootstrap/js/bootstrap.bundle.min.js
Not Found: /advertisements/android-icon.png
Not Found: /advertisements/apple-touch-icon.png
Not Found: /static/vendor/bootstrap/js/bootstrap.bundle.min.js
Not Found: /static/vendor/bootstrap/js/bootstrap.bundle.min.js
Not Found: /jogajog/android-icon.png
Not Found: /jogajog/apple-touch-icon.png
Not Found: /static/vendor/bootstrap/js/bootstrap.bundle.min.js
Not Found: /static/vendor/bootstrap/js/bootstrap.bundle.min.js
Not Found: /static/vendor/bootstrap/js/bootstrap.bundle.min.js
Not Found: /static/vendor/bootstrap/js/bootstrap.bundle.min.js
Not Found: /amaderkotha/android-icon.png
Not Found: /amaderkotha/apple-touch-icon.png
Not Found: /static/vendor/bootstrap/js/bootstrap.bundle.min.js
Not Found: /static/vendor/bootstrap/js/bootstrap.bundle.min.js
/home/ystridin/virtualenv/aronno/3.10/lib/python3.10/site-packages/django/db/models/fields/__init__.py:1665: RuntimeWarning: DateTimeField Ad.end_date received a naive datetime (2024-10-19 15:50:55.448333) while time zone support is active.
  warnings.warn(
/home/ystridin/virtualenv/aronno/3.10/lib/python3.10/site-packages/django/db/models/fields/__init__.py:1665: RuntimeWarning: DateTimeField Ad.start_date received a naive datetime (2024-10-19 15:50:55.448333) while time zone support is active.
  warnings.warn(
Not Found: /static/vendor/bootstrap/js/bootstrap.bundle.min.js
Not Found: /category/countrywide/android-icon.png
Not Found: /category/countrywide/apple-touch-icon.png
/home/ystridin/virtualenv/aronno/3.10/lib/python3.10/site-packages/django/db/models/fields/__init__.py:1665: RuntimeWarning: DateTimeField Ad.end_date received a naive datetime (2024-10-19 15:51:01.728025) while time zone support is active.
  warnings.warn(
/home/ystridin/virtualenv/aronno/3.10/lib/python3.10/site-packages/django/db/models/fields/__init__.py:1665: RuntimeWarning: DateTimeField Ad.start_date received a naive datetime (2024-10-19 15:51:01.728025) while time zone support is active.
  warnings.warn(
Not Found: /static/vendor/bootstrap/js/bootstrap.bundle.min.js
Not Found: /section/international/android-icon.png
Not Found: /section/international/apple-touch-icon.png
/home/ystridin/virtualenv/aronno/3.10/lib/python3.10/site-packages/django/db/models/fields/__init__.py:1665: RuntimeWarning: DateTimeField Ad.end_date received a naive datetime (2024-10-19 15:51:04.080831) while time zone support is active.
  warnings.warn(
/home/ystridin/virtualenv/aronno/3.10/lib/python3.10/site-packages/django/db/models/fields/__init__.py:1665: RuntimeWarning: DateTimeField Ad.start_date received a naive datetime (2024-10-19 15:51:04.080831) while time zone support is active.
  warnings.warn(
Not Found: /static/vendor/bootstrap/js/bootstrap.bundle.min.js
Not Found: /media/img/logo.png
Not Found: /static/vendor/bootstrap/js/bootstrap.bundle.min.js
Not Found: /static/vendor/bootstrap/js/bootstrap.bundle.min.js
Not Found: /news/22/android-icon.png
Not Found: /news/22/apple-touch-icon.png
Not Found: /static/vendor/bootstrap/js/bootstrap.bundle.min.js
Not Found: /search/\u09b6\u09bf\u0995\u09cd\u09b7\u09be/android-icon.png/search/%E0%A6%B6%E0%A6%BF%E0%A6%95%E0%A7%8D%E0%A6%B7%E0%A6%BE/android-icon.png
Not Found: /search/\u09b6\u09bf\u0995\u09cd\u09b7\u09be/apple-touch-icon.png/search/%E0%A6%B6%E0%A6%BF%E0%A6%95%E0%A7%8D%E0%A6%B7%E0%A6%BE/apple-touch-icon.png
Popup Ad Object: Popup Ad - https://teccmark.com/
Ad Object: Popup Ad - https://teccmark.com/
Popup Ad Object: Popup Ad - https://teccmark.com/
Not Found: /search/\u09b8\u09be\u0995\u09bf\u09ac/search/%E0%A6%B8%E0%A6%BE%E0%A6%95%E0%A6%BF%E0%A6%AC/search/%E0%A6%B8%E0%A6%BE%E0%A6%95%E0%A6%BF%E0%A6%AC/search/%25E0%25A6%25B8%25E0%25A6%25BE%25E0%25A6%2595%25E0%25A6%25BF%25E0%25A6%25AC/
Popup Ad Object: Popup Ad - https://teccmark.com/
Ad Object: Popup Ad - https://teccmark.com/
Not Found: /static/vendor/bootstrap/js/bootstrap.bundle.min.js
Not Found: /search/\u09b6\u09bf\u0995\u09cd\u09b7\u09be/android-icon.png/search/%E0%A6%B6%E0%A6%BF%E0%A6%95%E0%A7%8D%E0%A6%B7%E0%A6%BE/android-icon.png
Not Found: /search/\u09b6\u09bf\u0995\u09cd\u09b7\u09be/apple-touch-icon.png/search/%E0%A6%B6%E0%A6%BF%E0%A6%95%E0%A7%8D%E0%A6%B7%E0%A6%BE/apple-touch-icon.png
Not Found: /search/\u09b6\u09bf\u0995\u09cd\u09b7\u09be/amaderkotha/search/%E0%A6%B6%E0%A6%BF%E0%A6%95%E0%A7%8D%E0%A6%B7%E0%A6%BE/amaderkotha/
Not Found: /favicon.ico
Not Found: /search/\u09b6\u09bf\u0995\u09cd\u09b7\u09be/amaderkotha/search/%E0%A6%B6%E0%A6%BF%E0%A6%95%E0%A7%8D%E0%A6%B7%E0%A6%BE/amaderkotha/
Not Found: /media/img/logo.png
Not Found: /static/vendor/bootstrap/js/bootstrap.bundle.min.js
Not Found: /static/vendor/bootstrap/js/bootstrap.bundle.min.js
Not Found: /news/22/android-icon.png
Not Found: /news/22/apple-touch-icon.png
/home/ystridin/aronno/home/views.py:496: UnorderedObjectListWarning: Pagination may yield inconsistent results with an unordered object_list: <class 'home.models.NewsList'> QuerySet.
  paginator = Paginator(search_results, 4)  # Show 4 results per page
Not Found: /static/vendor/bootstrap/js/bootstrap.bundle.min.js
Not Found: /search/s/android-icon.png
Not Found: /search/s/apple-touch-icon.png
Not Found: /static/vendor/bootstrap/js/bootstrap.bundle.min.js
Popup Ad Object: Popup Ad - https://teccmark.com/
Popup Ad Object: Popup Ad - https://teccmark.com/
Not Found: /static/vendor/bootstrap/js/bootstrap.bundle.min.js
Not Found: /cart.json
/home/ystridin/virtualenv/aronno/3.10/lib/python3.10/site-packages/django/db/models/fields/__init__.py:1665: RuntimeWarning: DateTimeField Ad.end_date received a naive datetime (2024-10-19 16:34:33.623372) while time zone support is active.
  warnings.warn(
/home/ystridin/virtualenv/aronno/3.10/lib/python3.10/site-packages/django/db/models/fields/__init__.py:1665: RuntimeWarning: DateTimeField Ad.start_date received a naive datetime (2024-10-19 16:34:33.623372) while time zone support is active.
  warnings.warn(
Not Found: /static/vendor/bootstrap/js/bootstrap.bundle.min.js
Not Found: /cart.json
Not Found: /static/vendor/bootstrap/js/bootstrap.bundle.min.js
Not Found: /cart.json
Popup Ad Object: Popup Ad - https://teccmark.com/
Ad Object: Popup Ad - https://teccmark.com/
Popup Ad Object: Popup Ad - https://teccmark.com/
Ad Object: Popup Ad - https://teccmark.com/
/home/ystridin/aronno/home/views.py:496: UnorderedObjectListWarning: Pagination may yield inconsistent results with an unordered object_list: <class 'home.models.NewsList'> QuerySet.
  paginator = Paginator(search_results, 4)  # Show 4 results per page
Not Found: /static/vendor/bootstrap/js/bootstrap.bundle.min.js
Not Found: /search/\u09b8\u09be\u0995\u09bf\u09ac/search/%E0%A6%B8%E0%A6%BE%E0%A6%95%E0%A6%BF%E0%A6%AC/search/%E0%A6%B8%E0%A6%BE%E0%A6%95%E0%A6%BF%E0%A6%AC/search/%25E0%25A6%25B8%25E0%25A6%25BE%25E0%25A6%2595%25E0%25A6%25BF%25E0%25A6%25AC/
Not Found: /search/\u09b8\u09be\u0995\u09bf\u09ac/search/%E0%A6%B8%E0%A6%BE%E0%A6%95%E0%A6%BF%E0%A6%AC/search/%E0%A6%B8%E0%A6%BE%E0%A6%95%E0%A6%BF%E0%A6%AC/search/%25E0%25A6%25B8%25E0%25A6%25BE%25E0%25A6%2595%25E0%25A6%25BF%25E0%25A6%25AC/
Not Found: /search/\u09b8\u09be\u0995\u09bf\u09ac/search/%E0%A6%B8%E0%A6%BE%E0%A6%95%E0%A6%BF%E0%A6%AC/search/%E0%A6%B8%E0%A6%BE%E0%A6%95%E0%A6%BF%E0%A6%AC/search/%25E0%25A6%25B8%25E0%25A6%25BE%25E0%25A6%2595%25E0%25A6%25BF%25E0%25A6%25AC/
Not Found: /search/\u09b8\u09be\u0995\u09bf\u09ac/search/%E0%A6%B8%E0%A6%BE%E0%A6%95%E0%A6%BF%E0%A6%AC/search/%E0%A6%B8%E0%A6%BE%E0%A6%95%E0%A6%BF%E0%A6%AC/search/%25E0%25A6%25B8%25E0%25A6%25BE%25E0%25A6%2595%25E0%25A6%25BF%25E0%25A6%25AC/
Not Found: /search/\u09b8\u09be\u0995\u09bf\u09ac/search/%E0%A6%B8%E0%A6%BE%E0%A6%95%E0%A6%BF%E0%A6%AC/search/%E0%A6%B8%E0%A6%BE%E0%A6%95%E0%A6%BF%E0%A6%AC/search/%25E0%25A6%25B8%25E0%25A6%25BE%25E0%25A6%2595%25E0%25A6%25BF%25E0%25A6%25AC/
Not Found: /search/\u09b8\u09be\u0995\u09bf\u09ac/search/%E0%A6%B8%E0%A6%BE%E0%A6%95%E0%A6%BF%E0%A6%AC/search/%E0%A6%B8%E0%A6%BE%E0%A6%95%E0%A6%BF%E0%A6%AC/search/%25E0%25A6%25B8%25E0%25A6%25BE%25E0%25A6%2595%25E0%25A6%25BF%25E0%25A6%25AC/
Not Found: /search/\u09b8\u09be\u0995\u09bf\u09ac/search/%E0%A6%B8%E0%A6%BE%E0%A6%95%E0%A6%BF%E0%A6%AC/search/%E0%A6%B8%E0%A6%BE%E0%A6%95%E0%A6%BF%E0%A6%AC/search/%25E0%25A6%25B8%25E0%25A6%25BE%25E0%25A6%2595%25E0%25A6%25BF%25E0%25A6%25AC/
Not Found: /search/\u09b8\u09be\u0995\u09bf\u09ac/search/%E0%A6%B8%E0%A6%BE%E0%A6%95%E0%A6%BF%E0%A6%AC/search/%E0%A6%B8%E0%A6%BE%E0%A6%95%E0%A6%BF%E0%A6%AC/search/%25E0%25A6%25B8%25E0%25A6%25BE%25E0%25A6%2595%25E0%25A6%25BF%25E0%25A6%25AC/
Not Found: /search/\u09b8\u09be\u0995\u09bf\u09ac/search/%E0%A6%B8%E0%A6%BE%E0%A6%95%E0%A6%BF%E0%A6%AC/search/%E0%A6%B8%E0%A6%BE%E0%A6%95%E0%A6%BF%E0%A6%AC/search/%25E0%25A6%25B8%25E0%25A6%25BE%25E0%25A6%2595%25E0%25A6%25BF%25E0%25A6%25AC/
Not Found: /search/\u09b8\u09be\u0995\u09bf\u09ac/search/%E0%A6%B8%E0%A6%BE%E0%A6%95%E0%A6%BF%E0%A6%AC/search/%E0%A6%B8%E0%A6%BE%E0%A6%95%E0%A6%BF%E0%A6%AC/search/%25E0%25A6%25B8%25E0%25A6%25BE%25E0%25A6%2595%25E0%25A6%25BF%25E0%25A6%25AC/
Popup Ad Object: Popup Ad - https://teccmark.com/
Not Found: /static/vendor/bootstrap/js/bootstrap.bundle.min.js
Not Found: /search/\u09b6\u09bf\u0995\u09cd\u09b7\u09be/android-icon.png/search/%E0%A6%B6%E0%A6%BF%E0%A6%95%E0%A7%8D%E0%A6%B7%E0%A6%BE/android-icon.png
Not Found: /search/\u09b6\u09bf\u0995\u09cd\u09b7\u09be/apple-touch-icon.png/search/%E0%A6%B6%E0%A6%BF%E0%A6%95%E0%A7%8D%E0%A6%B7%E0%A6%BE/apple-touch-icon.png
Not Found: /static/vendor/bootstrap/js/bootstrap.bundle.min.js
Not Found: /search/s/android-icon.png
Not Found: /search/s/apple-touch-icon.png
Not Found: /media/img/logo.png
Not Found: /static/vendor/bootstrap/js/bootstrap.bundle.min.js
Not Found: /static/vendor/bootstrap/js/bootstrap.bundle.min.js
Not Found: /news/22/android-icon.png
Not Found: /news/22/apple-touch-icon.png
/home/ystridin/virtualenv/aronno/3.10/lib/python3.10/site-packages/django/db/models/fields/__init__.py:1665: RuntimeWarning: DateTimeField Ad.end_date received a naive datetime (2024-10-19 17:53:57.938679) while time zone support is active.
  warnings.warn(
/home/ystridin/virtualenv/aronno/3.10/lib/python3.10/site-packages/django/db/models/fields/__init__.py:1665: RuntimeWarning: DateTimeField Ad.start_date received a naive datetime (2024-10-19 17:53:57.938679) while time zone support is active.
  warnings.warn(
/home/ystridin/virtualenv/aronno/3.10/lib/python3.10/site-packages/django/db/models/fields/__init__.py:1665: RuntimeWarning: DateTimeField Ad.end_date received a naive datetime (2024-10-19 18:10:19.178173) while time zone support is active.
  warnings.warn(
/home/ystridin/virtualenv/aronno/3.10/lib/python3.10/site-packages/django/db/models/fields/__init__.py:1665: RuntimeWarning: DateTimeField Ad.start_date received a naive datetime (2024-10-19 18:10:19.178173) while time zone support is active.
  warnings.warn(
/home/ystridin/virtualenv/aronno/3.10/lib/python3.10/site-packages/django/db/models/fields/__init__.py:1665: RuntimeWarning: DateTimeField Ad.end_date received a naive datetime (2024-10-19 18:29:27.179800) while time zone support is active.
  warnings.warn(
/home/ystridin/virtualenv/aronno/3.10/lib/python3.10/site-packages/django/db/models/fields/__init__.py:1665: RuntimeWarning: DateTimeField Ad.start_date received a naive datetime (2024-10-19 18:29:27.179800) while time zone support is active.
  warnings.warn(
Popup Ad Object: Popup Ad - https://teccmark.com/
Ad Object: Popup Ad - https://teccmark.com/
/home/ystridin/virtualenv/aronno/3.10/lib/python3.10/site-packages/django/db/models/fields/__init__.py:1665: RuntimeWarning: DateTimeField Ad.end_date received a naive datetime (2024-10-19 18:40:13.690403) while time zone support is active.
  warnings.warn(
/home/ystridin/virtualenv/aronno/3.10/lib/python3.10/site-packages/django/db/models/fields/__init__.py:1665: RuntimeWarning: DateTimeField Ad.start_date received a naive datetime (2024-10-19 18:40:13.690403) while time zone support is active.
  warnings.warn(
/home/ystridin/virtualenv/aronno/3.10/lib/python3.10/site-packages/django/db/models/fields/__init__.py:1665: RuntimeWarning: DateTimeField Ad.end_date received a naive datetime (2024-10-19 18:45:16.819656) while time zone support is active.
  warnings.warn(
/home/ystridin/virtualenv/aronno/3.10/lib/python3.10/site-packages/django/db/models/fields/__init__.py:1665: RuntimeWarning: DateTimeField Ad.start_date received a naive datetime (2024-10-19 18:45:16.819656) while time zone support is active.
  warnings.warn(
Not Found: /section/religion/
Not Found: /category/humanity/
Popup Ad Object: Popup Ad - https://teccmark.com/
Not Found: /news/11/
Not Found: /search/\u09b8\u09be\u0995\u09bf\u09ac/search/%E0%A6%B8%E0%A6%BE%E0%A6%95%E0%A6%BF%E0%A6%AC/search/%E0%A6%B8%E0%A6%BE%E0%A6%95%E0%A6%BF%E0%A6%AC/search/%25E0%25A6%25B8%25E0%25A6%25BE%25E0%25A6%2595%25E0%25A6%25BF%25E0%25A6%25AC/
Not Found: /news/15/
Not Found: /media/img/logo.png
Not Found: /static/vendor/bootstrap/js/bootstrap.bundle.min.js
Not Found: /static/vendor/bootstrap/js/bootstrap.bundle.min.js
Not Found: /news/22/android-icon.png
Not Found: /news/22/apple-touch-icon.png
Not Found: /media/img/logo.png
Not Found: /static/vendor/bootstrap/js/bootstrap.bundle.min.js
Not Found: /static/vendor/bootstrap/js/bootstrap.bundle.min.js
Not Found: /news/22/android-icon.png
Not Found: /news/22/apple-touch-icon.png
Popup Ad Object: Popup Ad - https://teccmark.com/
Not Found: /media/img/logo.png
Not Found: /static/vendor/bootstrap/js/bootstrap.bundle.min.js
Not Found: /static/vendor/bootstrap/js/bootstrap.bundle.min.js
Popup Ad Object: Popup Ad - https://teccmark.com/
Not Found: /static/vendor/bootstrap/js/bootstrap.bundle.min.js
Not Found: /android-icon.png
Not Found: /apple-touch-icon.png
Popup Ad Object: Popup Ad - https://teccmark.com/
Ad Object: Popup Ad - https://teccmark.com/
/home/ystridin/virtualenv/aronno/3.10/lib/python3.10/site-packages/django/db/models/fields/__init__.py:1665: RuntimeWarning: DateTimeField Ad.end_date received a naive datetime (2024-10-19 20:01:01.252925) while time zone support is active.
  warnings.warn(
/home/ystridin/virtualenv/aronno/3.10/lib/python3.10/site-packages/django/db/models/fields/__init__.py:1665: RuntimeWarning: DateTimeField Ad.start_date received a naive datetime (2024-10-19 20:01:01.252925) while time zone support is active.
  warnings.warn(
/home/ystridin/virtualenv/aronno/3.10/lib/python3.10/site-packages/django/db/models/fields/__init__.py:1665: RuntimeWarning: DateTimeField Ad.end_date received a naive datetime (2024-10-19 20:04:15.222572) while time zone support is active.
  warnings.warn(
/home/ystridin/virtualenv/aronno/3.10/lib/python3.10/site-packages/django/db/models/fields/__init__.py:1665: RuntimeWarning: DateTimeField Ad.start_date received a naive datetime (2024-10-19 20:04:15.222572) while time zone support is active.
  warnings.warn(
Not Found: /static/vendor/bootstrap/js/bootstrap.bundle.min.js
Not Found: /category/crime/android-icon.png
Not Found: /category/crime/apple-touch-icon.png
Not Found: /favicon.ico
Not Found: /static/vendor/bootstrap/js/bootstrap.bundle.min.js
Not Found: /media/img/logo.png
Not Found: /static/vendor/bootstrap/js/bootstrap.bundle.min.js
Not Found: /static/vendor/bootstrap/js/bootstrap.bundle.min.js
Not Found: /news/18/android-icon.png
Not Found: /news/18/apple-touch-icon.png
Not Found: /static/vendor/bootstrap/js/bootstrap.bundle.min.js
Popup Ad Object: Popup Ad - https://teccmark.com/
Ad Object: Popup Ad - https://teccmark.com/
Popup Ad Object: Popup Ad - https://teccmark.com/
Not Found: /static/vendor/bootstrap/js/bootstrap.bundle.min.js
Not Found: /static/vendor/bootstrap/js/bootstrap.bundle.min.js
Not Found: /media/img/logo.png
Not Found: /static/vendor/bootstrap/js/bootstrap.bundle.min.js
Not Found: /static/vendor/bootstrap/js/bootstrap.bundle.min.js
Not Found: /news/26/android-icon.png
Not Found: /news/26/apple-touch-icon.png
Not Found: /static/vendor/bootstrap/js/bootstrap.bundle.min.js
/home/ystridin/virtualenv/aronno/3.10/lib/python3.10/site-packages/django/db/models/fields/__init__.py:1665: RuntimeWarning: DateTimeField Ad.end_date received a naive datetime (2024-10-19 20:22:49.818786) while time zone support is active.
  warnings.warn(
/home/ystridin/virtualenv/aronno/3.10/lib/python3.10/site-packages/django/db/models/fields/__init__.py:1665: RuntimeWarning: DateTimeField Ad.start_date received a naive datetime (2024-10-19 20:22:49.818786) while time zone support is active.
  warnings.warn(
Not Found: /static/vendor/bootstrap/js/bootstrap.bundle.min.js
Not Found: /category/countrywide/android-icon.png
Not Found: /category/countrywide/apple-touch-icon.png
/home/ystridin/virtualenv/aronno/3.10/lib/python3.10/site-packages/django/db/models/fields/__init__.py:1665: RuntimeWarning: DateTimeField Ad.end_date received a naive datetime (2024-10-19 20:23:00.943377) while time zone support is active.
  warnings.warn(
/home/ystridin/virtualenv/aronno/3.10/lib/python3.10/site-packages/django/db/models/fields/__init__.py:1665: RuntimeWarning: DateTimeField Ad.start_date received a naive datetime (2024-10-19 20:23:00.943377) while time zone support is active.
  warnings.warn(
Not Found: /static/vendor/bootstrap/js/bootstrap.bundle.min.js
/home/ystridin/virtualenv/aronno/3.10/lib/python3.10/site-packages/django/db/models/fields/__init__.py:1665: RuntimeWarning: DateTimeField Ad.end_date received a naive datetime (2024-10-19 20:23:21.872246) while time zone support is active.
  warnings.warn(
/home/ystridin/virtualenv/aronno/3.10/lib/python3.10/site-packages/django/db/models/fields/__init__.py:1665: RuntimeWarning: DateTimeField Ad.start_date received a naive datetime (2024-10-19 20:23:21.872246) while time zone support is active.
  warnings.warn(
Popup Ad Object: Popup Ad - https://teccmark.com/
Ad Object: Popup Ad - https://teccmark.com/
Popup Ad Object: Popup Ad - https://teccmark.com/
Ad Object: Popup Ad - https://teccmark.com/
Popup Ad Object: Popup Ad - https://teccmark.com/
Not Found: /favicon.ico
Not Found: /static/vendor/bootstrap/js/bootstrap.bundle.min.js
Popup Ad Object: Popup Ad - https://teccmark.com/
Ad Object: Popup Ad - https://teccmark.com/
Not Found: /robots.txt
/home/ystridin/virtualenv/aronno/3.10/lib/python3.10/site-packages/django/db/models/fields/__init__.py:1665: RuntimeWarning: DateTimeField Ad.end_date received a naive datetime (2024-10-19 22:08:04.821407) while time zone support is active.
  warnings.warn(
/home/ystridin/virtualenv/aronno/3.10/lib/python3.10/site-packages/django/db/models/fields/__init__.py:1665: RuntimeWarning: DateTimeField Ad.start_date received a naive datetime (2024-10-19 22:08:04.821407) while time zone support is active.
  warnings.warn(
/home/ystridin/virtualenv/aronno/3.10/lib/python3.10/site-packages/django/db/models/fields/__init__.py:1665: RuntimeWarning: DateTimeField Ad.end_date received a naive datetime (2024-10-19 22:31:00.882911) while time zone support is active.
  warnings.warn(
/home/ystridin/virtualenv/aronno/3.10/lib/python3.10/site-packages/django/db/models/fields/__init__.py:1665: RuntimeWarning: DateTimeField Ad.start_date received a naive datetime (2024-10-19 22:31:00.882911) while time zone support is active.
  warnings.warn(
/home/ystridin/virtualenv/aronno/3.10/lib/python3.10/site-packages/django/db/models/fields/__init__.py:1665: RuntimeWarning: DateTimeField Ad.end_date received a naive datetime (2024-10-19 23:20:45.449838) while time zone support is active.
  warnings.warn(
/home/ystridin/virtualenv/aronno/3.10/lib/python3.10/site-packages/django/db/models/fields/__init__.py:1665: RuntimeWarning: DateTimeField Ad.start_date received a naive datetime (2024-10-19 23:20:45.449838) while time zone support is active.
  warnings.warn(
Popup Ad Object: Popup Ad - https://teccmark.com/
Ad Object: Popup Ad - https://teccmark.com/
Popup Ad Object: Popup Ad - https://teccmark.com/
Ad Object: Popup Ad - https://teccmark.com/
Popup Ad Object: Popup Ad - https://teccmark.com/
Ad Object: Popup Ad - https://teccmark.com/
Popup Ad Object: Popup Ad - https://teccmark.com/
Ad Object: Popup Ad - https://teccmark.com/
Not Found: /static/vendor/bootstrap/js/bootstrap.bundle.min.js
Not Found: /android-icon.png
Not Found: /apple-touch-icon.png
Popup Ad Object: Popup Ad - https://teccmark.com/
Ad Object: Popup Ad - https://teccmark.com/
Not Found: /static/vendor/bootstrap/js/bootstrap.bundle.min.js
/home/ystridin/virtualenv/aronno/3.10/lib/python3.10/site-packages/django/db/models/fields/__init__.py:1665: RuntimeWarning: DateTimeField Ad.end_date received a naive datetime (2024-10-19 23:42:56.145107) while time zone support is active.
  warnings.warn(
/home/ystridin/virtualenv/aronno/3.10/lib/python3.10/site-packages/django/db/models/fields/__init__.py:1665: RuntimeWarning: DateTimeField Ad.start_date received a naive datetime (2024-10-19 23:42:56.145107) while time zone support is active.
  warnings.warn(
Not Found: /static/vendor/bootstrap/js/bootstrap.bundle.min.js
Not Found: /section/international/android-icon.png
Not Found: /section/international/apple-touch-icon.png
/home/ystridin/virtualenv/aronno/3.10/lib/python3.10/site-packages/django/db/models/fields/__init__.py:1665: RuntimeWarning: DateTimeField Ad.end_date received a naive datetime (2024-10-19 23:43:03.672923) while time zone support is active.
  warnings.warn(
/home/ystridin/virtualenv/aronno/3.10/lib/python3.10/site-packages/django/db/models/fields/__init__.py:1665: RuntimeWarning: DateTimeField Ad.start_date received a naive datetime (2024-10-19 23:43:03.672923) while time zone support is active.
  warnings.warn(
Not Found: /static/vendor/bootstrap/js/bootstrap.bundle.min.js
Not Found: /section/sports/android-icon.png
Not Found: /section/sports/apple-touch-icon.png
/home/ystridin/virtualenv/aronno/3.10/lib/python3.10/site-packages/django/db/models/fields/__init__.py:1665: RuntimeWarning: DateTimeField Ad.end_date received a naive datetime (2024-10-19 23:43:07.396979) while time zone support is active.
  warnings.warn(
/home/ystridin/virtualenv/aronno/3.10/lib/python3.10/site-packages/django/db/models/fields/__init__.py:1665: RuntimeWarning: DateTimeField Ad.start_date received a naive datetime (2024-10-19 23:43:07.396979) while time zone support is active.
  warnings.warn(
Not Found: /static/vendor/bootstrap/js/bootstrap.bundle.min.js
Not Found: /section/entertainment/android-icon.png
Not Found: /section/entertainment/apple-touch-icon.png
/home/ystridin/virtualenv/aronno/3.10/lib/python3.10/site-packages/django/db/models/fields/__init__.py:1665: RuntimeWarning: DateTimeField Ad.end_date received a naive datetime (2024-10-19 23:43:10.935369) while time zone support is active.
  warnings.warn(
/home/ystridin/virtualenv/aronno/3.10/lib/python3.10/site-packages/django/db/models/fields/__init__.py:1665: RuntimeWarning: DateTimeField Ad.start_date received a naive datetime (2024-10-19 23:43:10.935369) while time zone support is active.
  warnings.warn(
Not Found: /static/vendor/bootstrap/js/bootstrap.bundle.min.js
/home/ystridin/virtualenv/aronno/3.10/lib/python3.10/site-packages/django/db/models/fields/__init__.py:1665: RuntimeWarning: DateTimeField Ad.end_date received a naive datetime (2024-10-19 23:43:12.776889) while time zone support is active.
  warnings.warn(
/home/ystridin/virtualenv/aronno/3.10/lib/python3.10/site-packages/django/db/models/fields/__init__.py:1665: RuntimeWarning: DateTimeField Ad.start_date received a naive datetime (2024-10-19 23:43:12.776889) while time zone support is active.
  warnings.warn(
Not Found: /static/vendor/bootstrap/js/bootstrap.bundle.min.js
Not Found: /static/vendor/bootstrap/js/bootstrap.bundle.min.js
/home/ystridin/virtualenv/aronno/3.10/lib/python3.10/site-packages/django/db/models/fields/__init__.py:1665: RuntimeWarning: DateTimeField Ad.end_date received a naive datetime (2024-10-19 23:43:33.259054) while time zone support is active.
  warnings.warn(
/home/ystridin/virtualenv/aronno/3.10/lib/python3.10/site-packages/django/db/models/fields/__init__.py:1665: RuntimeWarning: DateTimeField Ad.start_date received a naive datetime (2024-10-19 23:43:33.259054) while time zone support is active.
  warnings.warn(
Not Found: /static/vendor/bootstrap/js/bootstrap.bundle.min.js
Not Found: /category/education/android-icon.png
Not Found: /category/education/apple-touch-icon.png
/home/ystridin/virtualenv/aronno/3.10/lib/python3.10/site-packages/django/db/models/fields/__init__.py:1665: RuntimeWarning: DateTimeField Ad.end_date received a naive datetime (2024-10-19 23:43:35.921718) while time zone support is active.
  warnings.warn(
/home/ystridin/virtualenv/aronno/3.10/lib/python3.10/site-packages/django/db/models/fields/__init__.py:1665: RuntimeWarning: DateTimeField Ad.start_date received a naive datetime (2024-10-19 23:43:35.921718) while time zone support is active.
  warnings.warn(
Not Found: /static/vendor/bootstrap/js/bootstrap.bundle.min.js
Not Found: /category/religion/
Not Found: /favicon.ico
Popup Ad Object: Popup Ad - https://teccmark.com/
Ad Object: Popup Ad - https://teccmark.com/
Popup Ad Object: Popup Ad - https://teccmark.com/
Ad Object: Popup Ad - https://teccmark.com/
Popup Ad Object: Popup Ad - https://teccmark.com/
Ad Object: Popup Ad - https://teccmark.com/
Not Found: /robots.txt
Not Found: /news/11/
Popup Ad Object: Popup Ad - https://teccmark.com/
Ad Object: Popup Ad - https://teccmark.com/
/home/ystridin/virtualenv/aronno/3.10/lib/python3.10/site-packages/django/db/models/fields/__init__.py:1665: RuntimeWarning: DateTimeField Ad.end_date received a naive datetime (2024-10-20 00:33:17.189897) while time zone support is active.
  warnings.warn(
/home/ystridin/virtualenv/aronno/3.10/lib/python3.10/site-packages/django/db/models/fields/__init__.py:1665: RuntimeWarning: DateTimeField Ad.start_date received a naive datetime (2024-10-20 00:33:17.189897) while time zone support is active.
  warnings.warn(
/home/ystridin/virtualenv/aronno/3.10/lib/python3.10/site-packages/django/db/models/fields/__init__.py:1665: RuntimeWarning: DateTimeField Ad.end_date received a naive datetime (2024-10-20 00:33:18.718030) while time zone support is active.
  warnings.warn(
/home/ystridin/virtualenv/aronno/3.10/lib/python3.10/site-packages/django/db/models/fields/__init__.py:1665: RuntimeWarning: DateTimeField Ad.start_date received a naive datetime (2024-10-20 00:33:18.718030) while time zone support is active.
  warnings.warn(
Popup Ad Object: Popup Ad - https://teccmark.com/
Ad Object: Popup Ad - https://teccmark.com/
Popup Ad Object: Popup Ad - https://teccmark.com/
Not Found: /section/technology/
/home/ystridin/virtualenv/aronno/3.10/lib/python3.10/site-packages/django/db/models/fields/__init__.py:1665: RuntimeWarning: DateTimeField Ad.end_date received a naive datetime (2024-10-20 01:16:11.367006) while time zone support is active.
  warnings.warn(
/home/ystridin/virtualenv/aronno/3.10/lib/python3.10/site-packages/django/db/models/fields/__init__.py:1665: RuntimeWarning: DateTimeField Ad.start_date received a naive datetime (2024-10-20 01:16:11.367006) while time zone support is active.
  warnings.warn(
Popup Ad Object: Popup Ad - https://teccmark.com/
Ad Object: Popup Ad - https://teccmark.com/
Not Found: /news/10/
Not Found: /news/12/
Not Found: /news/13/
Not Found: /news/4/
Not Found: /news/5/
Not Found: /news/32/
Not Found: /news/5/
Not Found: /news/6/
Not Found: /news/8/
Not Found: /news/9/
Not Found: /news/10/
Popup Ad Object: Popup Ad - https://teccmark.com/
Ad Object: Popup Ad - https://teccmark.com/
Not Found: /category/travel/
/home/ystridin/virtualenv/aronno/3.10/lib/python3.10/site-packages/django/db/models/fields/__init__.py:1665: RuntimeWarning: DateTimeField Ad.end_date received a naive datetime (2024-10-20 03:39:21.041276) while time zone support is active.
  warnings.warn(
/home/ystridin/virtualenv/aronno/3.10/lib/python3.10/site-packages/django/db/models/fields/__init__.py:1665: RuntimeWarning: DateTimeField Ad.start_date received a naive datetime (2024-10-20 03:39:21.041276) while time zone support is active.
  warnings.warn(
Not Found: /static/vendor/bootstrap/js/bootstrap.bundle.min.js
/home/ystridin/virtualenv/aronno/3.10/lib/python3.10/site-packages/django/db/models/fields/__init__.py:1665: RuntimeWarning: DateTimeField Ad.end_date received a naive datetime (2024-10-20 03:39:26.576131) while time zone support is active.
  warnings.warn(
/home/ystridin/virtualenv/aronno/3.10/lib/python3.10/site-packages/django/db/models/fields/__init__.py:1665: RuntimeWarning: DateTimeField Ad.start_date received a naive datetime (2024-10-20 03:39:26.576131) while time zone support is active.
  warnings.warn(
Not Found: /news/8/
Not Found: /news/9/
Not Found: /category/olympics/
Not Found: /news/16/
Not Found: /static/vendor/bootstrap/js/bootstrap.bundle.min.js
Not Found: /favicon.ico
Popup Ad Object: Popup Ad - https://teccmark.com/
Ad Object: Popup Ad - https://teccmark.com/
Not Found: /news/1/
Not Found: /news/2/
Not Found: /news/3/
Not Found: /news/7/
Popup Ad Object: Popup Ad - https://teccmark.com/
Ad Object: Popup Ad - https://teccmark.com/
Popup Ad Object: Popup Ad - https://teccmark.com/
Ad Object: Popup Ad - https://teccmark.com/
Popup Ad Object: Popup Ad - https://teccmark.com/
Ad Object: Popup Ad - https://teccmark.com/
Not Found: /news/12/
Not Found: /news/6/
Not Found: /news/7/
Not Found: /robots.txt
Not Found: /news/3/
Not Found: /news/4/
Not Found: /static/vendor/bootstrap/js/bootstrap.bundle.min.js
Not Found: /cart.json
Popup Ad Object: Popup Ad - https://teccmark.com/
Ad Object: Popup Ad - https://teccmark.com/
Not Found: /static/vendor/bootstrap/js/bootstrap.bundle.min.js
Not Found: /android-icon.png
Not Found: /apple-touch-icon.png
/home/ystridin/virtualenv/aronno/3.10/lib/python3.10/site-packages/django/db/models/fields/__init__.py:1665: RuntimeWarning: DateTimeField Ad.end_date received a naive datetime (2024-10-20 08:32:34.047157) while time zone support is active.
  warnings.warn(
/home/ystridin/virtualenv/aronno/3.10/lib/python3.10/site-packages/django/db/models/fields/__init__.py:1665: RuntimeWarning: DateTimeField Ad.start_date received a naive datetime (2024-10-20 08:32:34.047157) while time zone support is active.
  warnings.warn(
Not Found: /static/vendor/bootstrap/js/bootstrap.bundle.min.js
Not Found: /category/countrywide/android-icon.png
Not Found: /category/countrywide/apple-touch-icon.png
Not Found: /media/img/logo.png
Not Found: /static/vendor/bootstrap/js/bootstrap.bundle.min.js
Not Found: /media/img/logo.png
Not Found: /static/vendor/bootstrap/js/bootstrap.bundle.min.js
Not Found: /news/21/android-icon.png
Not Found: /news/21/apple-touch-icon.png
/home/ystridin/virtualenv/aronno/3.10/lib/python3.10/site-packages/django/db/models/fields/__init__.py:1665: RuntimeWarning: DateTimeField Ad.end_date received a naive datetime (2024-10-20 08:33:00.160934) while time zone support is active.
  warnings.warn(
/home/ystridin/virtualenv/aronno/3.10/lib/python3.10/site-packages/django/db/models/fields/__init__.py:1665: RuntimeWarning: DateTimeField Ad.start_date received a naive datetime (2024-10-20 08:33:00.160934) while time zone support is active.
  warnings.warn(
Popup Ad Object: Popup Ad - https://teccmark.com/
Ad Object: Popup Ad - https://teccmark.com/
Popup Ad Object: Popup Ad - https://teccmark.com/
/home/ystridin/virtualenv/aronno/3.10/lib/python3.10/site-packages/django/db/models/fields/__init__.py:1665: RuntimeWarning: DateTimeField Ad.end_date received a naive datetime (2024-10-20 08:42:07.653444) while time zone support is active.
  warnings.warn(
/home/ystridin/virtualenv/aronno/3.10/lib/python3.10/site-packages/django/db/models/fields/__init__.py:1665: RuntimeWarning: DateTimeField Ad.start_date received a naive datetime (2024-10-20 08:42:07.653444) while time zone support is active.
  warnings.warn(
Not Found: /static/vendor/bootstrap/js/bootstrap.bundle.min.js
Not Found: /cart.json
/home/ystridin/virtualenv/aronno/3.10/lib/python3.10/site-packages/django/db/models/fields/__init__.py:1665: RuntimeWarning: DateTimeField Ad.end_date received a naive datetime (2024-10-20 08:56:34.069372) while time zone support is active.
  warnings.warn(
/home/ystridin/virtualenv/aronno/3.10/lib/python3.10/site-packages/django/db/models/fields/__init__.py:1665: RuntimeWarning: DateTimeField Ad.end_date received a naive datetime (2024-10-20 08:56:34.064759) while time zone support is active.
  warnings.warn(
/home/ystridin/virtualenv/aronno/3.10/lib/python3.10/site-packages/django/db/models/fields/__init__.py:1665: RuntimeWarning: DateTimeField Ad.start_date received a naive datetime (2024-10-20 08:56:34.064759) while time zone support is active.
  warnings.warn(
/home/ystridin/virtualenv/aronno/3.10/lib/python3.10/site-packages/django/db/models/fields/__init__.py:1665: RuntimeWarning: DateTimeField Ad.start_date received a naive datetime (2024-10-20 08:56:34.069372) while time zone support is active.
  warnings.warn(
Not Found: /static/vendor/bootstrap/js/bootstrap.bundle.min.js
Not Found: /cart.json
Popup Ad Object: Popup Ad - https://teccmark.com/
Ad Object: Popup Ad - https://teccmark.com/
Not Found: /static/vendor/bootstrap/js/bootstrap.bundle.min.js
Not Found: /cart.json
/home/ystridin/aronno/home/views.py:496: UnorderedObjectListWarning: Pagination may yield inconsistent results with an unordered object_list: <class 'home.models.NewsList'> QuerySet.
  paginator = Paginator(search_results, 4)  # Show 4 results per page
Not Found: /static/vendor/bootstrap/js/bootstrap.bundle.min.js
Not Found: /cart.json
Not Found: /search/\u09ac\u09be\u09a8/search/%E0%A6%AC%E0%A6%BE%E0%A6%A8/search/%E0%A6%AC%E0%A6%BE%E0%A6%A8/search/%25E0%25A6%25AC%25E0%25A6%25BE%25E0%25A6%25A8/
Not Found: /cart.json
Not Found: /favicon.ico
Popup Ad Object: Popup Ad - https://teccmark.com/
Ad Object: Popup Ad - https://teccmark.com/
Not Found: /search/\u09ac\u09be\u09ac/search/%E0%A6%AC%E0%A6%BE%E0%A6%AC/search/%E0%A6%AC%E0%A6%BE%E0%A6%AC/search/%25E0%25A6%25AC%25E0%25A6%25BE%25E0%25A6%25AC/
Not Found: /cart.json
Not Found: /cart.json
Not Found: /search/\u09ac\u09be\u09a8/search/\u09ac\u09be\u09a8/search/%E0%A6%AC%E0%A6%BE%E0%A6%A8/search/%E0%A6%AC%E0%A6%BE%E0%A6%A8/
Not Found: /cart.json
Not Found: /static/vendor/bootstrap/js/bootstrap.bundle.min.js
Not Found: /cart.json
Not Found: /media/img/logo.png
Not Found: /static/vendor/bootstrap/js/bootstrap.bundle.min.js
Not Found: /static/vendor/bootstrap/js/bootstrap.bundle.min.js
Not Found: /cart.json
Not Found: /cart.json
/home/ystridin/virtualenv/aronno/3.10/lib/python3.10/site-packages/django/db/models/fields/__init__.py:1665: RuntimeWarning: DateTimeField Ad.end_date received a naive datetime (2024-10-20 09:01:29.322256) while time zone support is active.
  warnings.warn(
/home/ystridin/virtualenv/aronno/3.10/lib/python3.10/site-packages/django/db/models/fields/__init__.py:1665: RuntimeWarning: DateTimeField Ad.start_date received a naive datetime (2024-10-20 09:01:29.322256) while time zone support is active.
  warnings.warn(
Not Found: /static/vendor/bootstrap/js/bootstrap.bundle.min.js
Not Found: /cart.json
Not Found: /static/vendor/bootstrap/js/bootstrap.bundle.min.js
Not Found: /cart.json
/home/ystridin/virtualenv/aronno/3.10/lib/python3.10/site-packages/django/db/models/fields/__init__.py:1665: RuntimeWarning: DateTimeField Ad.end_date received a naive datetime (2024-10-20 09:01:47.809877) while time zone support is active.
  warnings.warn(
/home/ystridin/virtualenv/aronno/3.10/lib/python3.10/site-packages/django/db/models/fields/__init__.py:1665: RuntimeWarning: DateTimeField Ad.start_date received a naive datetime (2024-10-20 09:01:47.809877) while time zone support is active.
  warnings.warn(
Popup Ad Object: Popup Ad - https://teccmark.com/
Ad Object: Popup Ad - https://teccmark.com/
Popup Ad Object: Popup Ad - https://teccmark.com/
/home/ystridin/virtualenv/aronno/3.10/lib/python3.10/site-packages/django/db/models/fields/__init__.py:1665: RuntimeWarning: DateTimeField Ad.end_date received a naive datetime (2024-10-20 09:31:20.985276) while time zone support is active.
  warnings.warn(
/home/ystridin/virtualenv/aronno/3.10/lib/python3.10/site-packages/django/db/models/fields/__init__.py:1665: RuntimeWarning: DateTimeField Ad.start_date received a naive datetime (2024-10-20 09:31:20.985276) while time zone support is active.
  warnings.warn(
Not Found: /cart.json
Not Found: /static/vendor/bootstrap/js/bootstrap.bundle.min.js
Not Found: /category/technology/
Not Found: /favicon.ico
Not Found: /static/vendor/bootstrap/js/bootstrap.bundle.min.js
/home/ystridin/virtualenv/aronno/3.10/lib/python3.10/site-packages/django/db/models/fields/__init__.py:1665: RuntimeWarning: DateTimeField Ad.end_date received a naive datetime (2024-10-20 09:45:44.487874) while time zone support is active.
  warnings.warn(
/home/ystridin/virtualenv/aronno/3.10/lib/python3.10/site-packages/django/db/models/fields/__init__.py:1665: RuntimeWarning: DateTimeField Ad.start_date received a naive datetime (2024-10-20 09:45:44.487874) while time zone support is active.
  warnings.warn(
Not Found: /static/vendor/bootstrap/js/bootstrap.bundle.min.js
Not Found: /section/international/android-icon.png
Not Found: /section/international/apple-touch-icon.png
/home/ystridin/virtualenv/aronno/3.10/lib/python3.10/site-packages/django/db/models/fields/__init__.py:1665: RuntimeWarning: DateTimeField Ad.end_date received a naive datetime (2024-10-20 09:45:48.699588) while time zone support is active.
  warnings.warn(
/home/ystridin/virtualenv/aronno/3.10/lib/python3.10/site-packages/django/db/models/fields/__init__.py:1665: RuntimeWarning: DateTimeField Ad.start_date received a naive datetime (2024-10-20 09:45:48.699588) while time zone support is active.
  warnings.warn(
Not Found: /static/vendor/bootstrap/js/bootstrap.bundle.min.js
Not Found: /section/forest/apple-touch-icon.png
Not Found: /section/forest/android-icon.png
Not Found: /category/jobs/
Popup Ad Object: Popup Ad - https://teccmark.com/
Ad Object: Popup Ad - https://teccmark.com/
Popup Ad Object: Popup Ad - https://teccmark.com/
Ad Object: Popup Ad - https://teccmark.com/
Popup Ad Object: Popup Ad - https://teccmark.com/
Ad Object: Popup Ad - https://teccmark.com/
Not Found: /robots.txt
Not Found: /news/3/
Not Found: /static/vendor/bootstrap/js/bootstrap.bundle.min.js
Not Found: /cart.json
/home/ystridin/virtualenv/aronno/3.10/lib/python3.10/site-packages/django/db/models/fields/__init__.py:1665: RuntimeWarning: DateTimeField Ad.end_date received a naive datetime (2024-10-20 11:51:28.453032) while time zone support is active.
  warnings.warn(
/home/ystridin/virtualenv/aronno/3.10/lib/python3.10/site-packages/django/db/models/fields/__init__.py:1665: RuntimeWarning: DateTimeField Ad.start_date received a naive datetime (2024-10-20 11:51:28.453032) while time zone support is active.
  warnings.warn(
Not Found: /static/vendor/bootstrap/js/bootstrap.bundle.min.js
Not Found: /cart.json
Not Found: /media/img/logo.png
Not Found: /static/vendor/bootstrap/js/bootstrap.bundle.min.js
Not Found: /static/vendor/bootstrap/js/bootstrap.bundle.min.js
Not Found: /cart.json
/home/ystridin/aronno/home/views.py:496: UnorderedObjectListWarning: Pagination may yield inconsistent results with an unordered object_list: <class 'home.models.NewsList'> QuerySet.
  paginator = Paginator(search_results, 4)  # Show 4 results per page
Not Found: /static/vendor/bootstrap/js/bootstrap.bundle.min.js
Not Found: /cart.json
Not Found: /search/\u09b8\u09be\u0995\u09bf\u09ac/search/%E0%A6%B8%E0%A6%BE%E0%A6%95%E0%A6%BF%E0%A6%AC/search/%E0%A6%B8%E0%A6%BE%E0%A6%95%E0%A6%BF%E0%A6%AC/search/%25E0%25A6%25B8%25E0%25A6%25BE%25E0%25A6%2595%25E0%25A6%25BF%25E0%25A6%25AC/
Not Found: /cart.json
Not Found: /search/\u09b8\u09be\u0995\u09bf\u09ac/search/%E0%A6%B8%E0%A6%BE%E0%A6%95%E0%A6%BF%E0%A6%AC/search/%E0%A6%B8%E0%A6%BE%E0%A6%95%E0%A6%BF%E0%A6%AC/search/%25E0%25A6%25B8%25E0%25A6%25BE%25E0%25A6%2595%25E0%25A6%25BF%25E0%25A6%25AC/
Not Found: /cart.json
Not Found: /static/vendor/bootstrap/js/bootstrap.bundle.min.js
Not Found: /cart.json
Popup Ad Object: Popup Ad - https://teccmark.com/
Ad Object: Popup Ad - https://teccmark.com/
Not Found: /static/vendor/bootstrap/js/bootstrap.bundle.min.js
Not Found: /static/vendor/bootstrap/js/bootstrap.bundle.min.js
/home/ystridin/virtualenv/aronno/3.10/lib/python3.10/site-packages/django/db/models/fields/__init__.py:1665: RuntimeWarning: DateTimeField Ad.end_date received a naive datetime (2024-10-20 11:54:00.121025) while time zone support is active.
  warnings.warn(
/home/ystridin/virtualenv/aronno/3.10/lib/python3.10/site-packages/django/db/models/fields/__init__.py:1665: RuntimeWarning: DateTimeField Ad.start_date received a naive datetime (2024-10-20 11:54:00.121025) while time zone support is active.
  warnings.warn(
Not Found: /static/vendor/bootstrap/js/bootstrap.bundle.min.js
Not Found: /robots.txt
Popup Ad Object: Popup Ad - https://teccmark.com/
Ad Object: Popup Ad - https://teccmark.com/
Popup Ad Object: Popup Ad - https://teccmark.com/
Not Found: /cart.json
Popup Ad Object: Popup Ad - https://teccmark.com/
Ad Object: Popup Ad - https://teccmark.com/
Popup Ad Object: Popup Ad - https://teccmark.com/
Ad Object: Popup Ad - https://teccmark.com/
Popup Ad Object: Popup Ad - https://teccmark.com/
Ad Object: Popup Ad - https://teccmark.com/
Not Found: /cart.json
Not Found: /cart.json
Not Found: /cart.json
Not Found: /cart.json
/home/ystridin/virtualenv/aronno/3.10/lib/python3.10/site-packages/django/db/models/fields/__init__.py:1665: RuntimeWarning: DateTimeField Ad.end_date received a naive datetime (2024-10-20 13:43:43.918921) while time zone support is active.
  warnings.warn(
/home/ystridin/virtualenv/aronno/3.10/lib/python3.10/site-packages/django/db/models/fields/__init__.py:1665: RuntimeWarning: DateTimeField Ad.start_date received a naive datetime (2024-10-20 13:43:43.918921) while time zone support is active.
  warnings.warn(
Not Found: /favicon.ico
Not Found: /gaocc/g445g
Not Found: /static/vendor/bootstrap/js/bootstrap.bundle.min.js
Not Found: /android-icon.png
Not Found: /apple-touch-icon.png
Popup Ad Object: Popup Ad - https://teccmark.com/
Ad Object: Popup Ad - https://teccmark.com/
Popup Ad Object: Popup Ad - https://teccmark.com/
Ad Object: Popup Ad - https://teccmark.com/
Not Found: /section/health/
Not Found: /category/jobs/
Not Found: /section/technology/
Popup Ad Object: Popup Ad - https://teccmark.com/
Popup Ad Object: Popup Ad - https://teccmark.com/
Not Found: /robots.txt
/home/ystridin/virtualenv/aronno/3.10/lib/python3.10/site-packages/django/db/models/fields/__init__.py:1665: RuntimeWarning: DateTimeField Ad.end_date received a naive datetime (2024-10-20 18:07:11.709408) while time zone support is active.
  warnings.warn(
/home/ystridin/virtualenv/aronno/3.10/lib/python3.10/site-packages/django/db/models/fields/__init__.py:1665: RuntimeWarning: DateTimeField Ad.start_date received a naive datetime (2024-10-20 18:07:11.709408) while time zone support is active.
  warnings.warn(
/home/ystridin/virtualenv/aronno/3.10/lib/python3.10/site-packages/django/db/models/fields/__init__.py:1665: RuntimeWarning: DateTimeField Ad.end_date received a naive datetime (2024-10-20 18:14:27.815875) while time zone support is active.
  warnings.warn(
/home/ystridin/virtualenv/aronno/3.10/lib/python3.10/site-packages/django/db/models/fields/__init__.py:1665: RuntimeWarning: DateTimeField Ad.start_date received a naive datetime (2024-10-20 18:14:27.815875) while time zone support is active.
  warnings.warn(
Popup Ad Object: Popup Ad - https://teccmark.com/
Ad Object: Popup Ad - https://teccmark.com/
/home/ystridin/virtualenv/aronno/3.10/lib/python3.10/site-packages/django/db/models/fields/__init__.py:1665: RuntimeWarning: DateTimeField Ad.end_date received a naive datetime (2024-10-20 18:41:27.011667) while time zone support is active.
  warnings.warn(
/home/ystridin/virtualenv/aronno/3.10/lib/python3.10/site-packages/django/db/models/fields/__init__.py:1665: RuntimeWarning: DateTimeField Ad.start_date received a naive datetime (2024-10-20 18:41:27.011667) while time zone support is active.
  warnings.warn(
Not Found: /category/religion/
Not Found: /category/fashion/
/home/ystridin/virtualenv/aronno/3.10/lib/python3.10/site-packages/django/db/models/fields/__init__.py:1665: RuntimeWarning: DateTimeField Ad.end_date received a naive datetime (2024-10-20 18:41:33.080718) while time zone support is active.
  warnings.warn(
/home/ystridin/virtualenv/aronno/3.10/lib/python3.10/site-packages/django/db/models/fields/__init__.py:1665: RuntimeWarning: DateTimeField Ad.start_date received a naive datetime (2024-10-20 18:41:33.080718) while time zone support is active.
  warnings.warn(
Popup Ad Object: Popup Ad - https://teccmark.com/
Ad Object: Popup Ad - https://teccmark.com/
Not Found: /application.yml
/home/ystridin/virtualenv/aronno/3.10/lib/python3.10/site-packages/django/db/models/fields/__init__.py:1665: RuntimeWarning: DateTimeField Ad.end_date received a naive datetime (2024-10-20 20:35:33.970131) while time zone support is active.
  warnings.warn(
/home/ystridin/virtualenv/aronno/3.10/lib/python3.10/site-packages/django/db/models/fields/__init__.py:1665: RuntimeWarning: DateTimeField Ad.start_date received a naive datetime (2024-10-20 20:35:33.970131) while time zone support is active.
  warnings.warn(
Popup Ad Object: Popup Ad - https://teccmark.com/
Ad Object: Popup Ad - https://teccmark.com/
Not Found: /news/1/
/home/ystridin/virtualenv/aronno/3.10/lib/python3.10/site-packages/django/db/models/fields/__init__.py:1665: RuntimeWarning: DateTimeField Ad.end_date received a naive datetime (2024-10-20 22:49:28.885233) while time zone support is active.
  warnings.warn(
/home/ystridin/virtualenv/aronno/3.10/lib/python3.10/site-packages/django/db/models/fields/__init__.py:1665: RuntimeWarning: DateTimeField Ad.start_date received a naive datetime (2024-10-20 22:49:28.885233) while time zone support is active.
  warnings.warn(
Not Found: /wp-json/wp/v2/users
Popup Ad Object: Popup Ad - https://teccmark.com/
Ad Object: Popup Ad - https://teccmark.com/
Popup Ad Object: Popup Ad - https://teccmark.com/
Ad Object: Popup Ad - https://teccmark.com/
Not Found: /robots.txt
/home/ystridin/virtualenv/aronno/3.10/lib/python3.10/site-packages/django/db/models/fields/__init__.py:1665: RuntimeWarning: DateTimeField Ad.end_date received a naive datetime (2024-10-21 00:13:35.030221) while time zone support is active.
  warnings.warn(
/home/ystridin/virtualenv/aronno/3.10/lib/python3.10/site-packages/django/db/models/fields/__init__.py:1665: RuntimeWarning: DateTimeField Ad.start_date received a naive datetime (2024-10-21 00:13:35.030221) while time zone support is active.
  warnings.warn(
Popup Ad Object: Popup Ad - https://teccmark.com/
Ad Object: Popup Ad - https://teccmark.com/
/home/ystridin/virtualenv/aronno/3.10/lib/python3.10/site-packages/django/db/models/fields/__init__.py:1665: RuntimeWarning: DateTimeField Ad.end_date received a naive datetime (2024-10-21 00:33:04.109427) while time zone support is active.
  warnings.warn(
/home/ystridin/virtualenv/aronno/3.10/lib/python3.10/site-packages/django/db/models/fields/__init__.py:1665: RuntimeWarning: DateTimeField Ad.start_date received a naive datetime (2024-10-21 00:33:04.109427) while time zone support is active.
  warnings.warn(
/home/ystridin/virtualenv/aronno/3.10/lib/python3.10/site-packages/django/db/models/fields/__init__.py:1665: RuntimeWarning: DateTimeField Ad.end_date received a naive datetime (2024-10-21 00:33:04.114657) while time zone support is active.
  warnings.warn(
/home/ystridin/virtualenv/aronno/3.10/lib/python3.10/site-packages/django/db/models/fields/__init__.py:1665: RuntimeWarning: DateTimeField Ad.start_date received a naive datetime (2024-10-21 00:33:04.114657) while time zone support is active.
  warnings.warn(
/home/ystridin/virtualenv/aronno/3.10/lib/python3.10/site-packages/django/db/models/fields/__init__.py:1665: RuntimeWarning: DateTimeField Ad.end_date received a naive datetime (2024-10-21 00:33:08.025275) while time zone support is active.
  warnings.warn(
/home/ystridin/virtualenv/aronno/3.10/lib/python3.10/site-packages/django/db/models/fields/__init__.py:1665: RuntimeWarning: DateTimeField Ad.start_date received a naive datetime (2024-10-21 00:33:08.025275) while time zone support is active.
  warnings.warn(
Popup Ad Object: Popup Ad - https://teccmark.com/
Ad Object: Popup Ad - https://teccmark.com/
Popup Ad Object: Popup Ad - https://teccmark.com/
Ad Object: Popup Ad - https://teccmark.com/
Popup Ad Object: Popup Ad - https://teccmark.com/
Ad Object: Popup Ad - https://teccmark.com/
/home/ystridin/virtualenv/aronno/3.10/lib/python3.10/site-packages/django/db/models/fields/__init__.py:1665: RuntimeWarning: DateTimeField Ad.end_date received a naive datetime (2024-10-21 01:04:27.625479) while time zone support is active.
  warnings.warn(
/home/ystridin/virtualenv/aronno/3.10/lib/python3.10/site-packages/django/db/models/fields/__init__.py:1665: RuntimeWarning: DateTimeField Ad.start_date received a naive datetime (2024-10-21 01:04:27.625479) while time zone support is active.
  warnings.warn(
Popup Ad Object: Popup Ad - https://teccmark.com/
Ad Object: Popup Ad - https://teccmark.com/
Not Found: /news/2/
Popup Ad Object: Popup Ad - https://teccmark.com/
Ad Object: Popup Ad - https://teccmark.com/
Not Found: /robots.txt
Not Found: /news/10/
Not Found: /news/1/
Popup Ad Object: Popup Ad - https://teccmark.com/
Ad Object: Popup Ad - https://teccmark.com/
Not Found: /category/literature_culture/
Not Found: /news/6/
Popup Ad Object: Popup Ad - https://teccmark.com/
Ad Object: Popup Ad - https://teccmark.com/
/home/ystridin/virtualenv/aronno/3.10/lib/python3.10/site-packages/django/db/models/fields/__init__.py:1665: RuntimeWarning: DateTimeField Ad.end_date received a naive datetime (2024-10-21 03:38:35.407501) while time zone support is active.
  warnings.warn(
/home/ystridin/virtualenv/aronno/3.10/lib/python3.10/site-packages/django/db/models/fields/__init__.py:1665: RuntimeWarning: DateTimeField Ad.start_date received a naive datetime (2024-10-21 03:38:35.407501) while time zone support is active.
  warnings.warn(
Not Found: /section/expatriate/
Not Found: /news/7/
Not Found: /favicon.ico
Not Found: /news/8/
/home/ystridin/virtualenv/aronno/3.10/lib/python3.10/site-packages/django/db/models/fields/__init__.py:1665: RuntimeWarning: DateTimeField Ad.end_date received a naive datetime (2024-10-21 04:30:17.497011) while time zone support is active.
  warnings.warn(
/home/ystridin/virtualenv/aronno/3.10/lib/python3.10/site-packages/django/db/models/fields/__init__.py:1665: RuntimeWarning: DateTimeField Ad.start_date received a naive datetime (2024-10-21 04:30:17.497011) while time zone support is active.
  warnings.warn(
Not Found: /static/vendor/bootstrap/js/bootstrap.bundle.min.js
Not Found: /static/vendor/bootstrap/js/bootstrap.bundle.min.js
Not Found: /android-icon.png
/home/ystridin/virtualenv/aronno/3.10/lib/python3.10/site-packages/django/db/models/fields/__init__.py:1665: RuntimeWarning: DateTimeField Ad.end_date received a naive datetime (2024-10-21 04:44:00.514569) while time zone support is active.
  warnings.warn(
/home/ystridin/virtualenv/aronno/3.10/lib/python3.10/site-packages/django/db/models/fields/__init__.py:1665: RuntimeWarning: DateTimeField Ad.start_date received a naive datetime (2024-10-21 04:44:00.514569) while time zone support is active.
  warnings.warn(
Popup Ad Object: Popup Ad - https://teccmark.com/
Ad Object: Popup Ad - https://teccmark.com/
Popup Ad Object: Popup Ad - https://teccmark.com/
Ad Object: Popup Ad - https://teccmark.com/
Not Found: /android-icon.png
Not Found: /robots.txt
Not Found: /sitemap.xml
Not Found: /config.json
Not Found: /android-icon.png
Not Found: /robots.txt
Not Found: /sitemap.xml
Not Found: /config.json
Not Found: /static/vendor/bootstrap/js/bootstrap.bundle.min.js
Popup Ad Object: Popup Ad - https://teccmark.com/
Ad Object: Popup Ad - https://teccmark.com/
Popup Ad Object: Popup Ad - https://teccmark.com/
Ad Object: Popup Ad - https://teccmark.com/
Not Found: /static/vendor/bootstrap/js/bootstrap.bundle.min.js
Not Found: /media/img/logo.png
Not Found: /media/img/logo.png
Not Found: /media/img/logo.png
Not Found: /static/vendor/bootstrap/js/bootstrap.bundle.min.js
Not Found: /media/img/logo.png
Not Found: /media/img/logo.png
Not Found: /static/vendor/bootstrap/js/bootstrap.bundle.min.js
Not Found: /media/img/logo.png
Not Found: /static/vendor/bootstrap/js/bootstrap.bundle.min.js
Not Found: /news/9/
Not Found: /media/img/logo.png
Not Found: /static/vendor/bootstrap/js/bootstrap.bundle.min.js
Not Found: /media/img/logo.png
Not Found: /static/vendor/bootstrap/js/bootstrap.bundle.min.js
Not Found: /media/img/logo.png
Not Found: /static/vendor/bootstrap/js/bootstrap.bundle.min.js
Not Found: /media/img/logo.png
Not Found: /static/vendor/bootstrap/js/bootstrap.bundle.min.js
Not Found: /media/img/logo.png
Not Found: /media/img/logo.png
Popup Ad Object: Popup Ad - https://teccmark.com/
Ad Object: Popup Ad - https://teccmark.com/
Popup Ad Object: Popup Ad - https://teccmark.com/
Ad Object: Popup Ad - https://teccmark.com/
Popup Ad Object: Popup Ad - https://teccmark.com/
Popup Ad Object: Popup Ad - https://teccmark.com/
Popup Ad Object: Popup Ad - https://teccmark.com/
Ad Object: Popup Ad - https://teccmark.com/
Popup Ad Object: Popup Ad - https://teccmark.com/
Ad Object: Popup Ad - https://teccmark.com/
Popup Ad Object: Popup Ad - https://teccmark.com/
Ad Object: Popup Ad - https://teccmark.com/
Internal Server Error: /admin/home/newslist/add/
Traceback (most recent call last):
  File "/home/ystridin/virtualenv/aronno/3.10/lib/python3.10/site-packages/django/db/backends/utils.py", line 105, in _execute
    return self.cursor.execute(sql, params)
  File "/home/ystridin/virtualenv/aronno/3.10/lib/python3.10/site-packages/django/db/backends/sqlite3/base.py", line 354, in execute
    return super().execute(query, params)
sqlite3.OperationalError: database is locked

The above exception was the direct cause of the following exception:

Traceback (most recent call last):
  File "/home/ystridin/virtualenv/aronno/3.10/lib/python3.10/site-packages/django/core/handlers/exception.py", line 55, in inner
    response = get_response(request)
  File "/home/ystridin/virtualenv/aronno/3.10/lib/python3.10/site-packages/django/core/handlers/base.py", line 197, in _get_response
    response = wrapped_callback(request, *callback_args, **callback_kwargs)
  File "/home/ystridin/virtualenv/aronno/3.10/lib/python3.10/site-packages/django/contrib/admin/options.py", line 718, in wrapper
    return self.admin_site.admin_view(view)(*args, **kwargs)
  File "/home/ystridin/virtualenv/aronno/3.10/lib/python3.10/site-packages/django/utils/decorators.py", line 188, in _view_wrapper
    result = _process_exception(request, e)
  File "/home/ystridin/virtualenv/aronno/3.10/lib/python3.10/site-packages/django/utils/decorators.py", line 186, in _view_wrapper
    response = view_func(request, *args, **kwargs)
  File "/home/ystridin/virtualenv/aronno/3.10/lib/python3.10/site-packages/django/views/decorators/cache.py", line 80, in _view_wrapper
    response = view_func(request, *args, **kwargs)
  File "/home/ystridin/virtualenv/aronno/3.10/lib/python3.10/site-packages/django/contrib/admin/sites.py", line 241, in inner
    return view(request, *args, **kwargs)
  File "/home/ystridin/virtualenv/aronno/3.10/lib/python3.10/site-packages/django/contrib/admin/options.py", line 1961, in add_view
    return self.changeform_view(request, None, form_url, extra_context)
  File "/home/ystridin/virtualenv/aronno/3.10/lib/python3.10/site-packages/django/utils/decorators.py", line 48, in _wrapper
    return bound_method(*args, **kwargs)
  File "/home/ystridin/virtualenv/aronno/3.10/lib/python3.10/site-packages/django/utils/decorators.py", line 188, in _view_wrapper
    result = _process_exception(request, e)
  File "/home/ystridin/virtualenv/aronno/3.10/lib/python3.10/site-packages/django/utils/decorators.py", line 186, in _view_wrapper
    response = view_func(request, *args, **kwargs)
  File "/home/ystridin/virtualenv/aronno/3.10/lib/python3.10/site-packages/django/contrib/admin/options.py", line 1820, in changeform_view
    return self._changeform_view(request, object_id, form_url, extra_context)
  File "/home/ystridin/virtualenv/aronno/3.10/lib/python3.10/site-packages/django/contrib/admin/options.py", line 1871, in _changeform_view
    self.save_model(request, new_object, form, not add)
  File "/home/ystridin/virtualenv/aronno/3.10/lib/python3.10/site-packages/django/contrib/admin/options.py", line 1294, in save_model
    obj.save()
  File "/home/ystridin/aronno/home/models.py", line 327, in save
    super().save(*args, **kwargs)
  File "/home/ystridin/virtualenv/aronno/3.10/lib/python3.10/site-packages/django/db/models/base.py", line 891, in save
    self.save_base(
  File "/home/ystridin/virtualenv/aronno/3.10/lib/python3.10/site-packages/django/db/models/base.py", line 997, in save_base
    updated = self._save_table(
  File "/home/ystridin/virtualenv/aronno/3.10/lib/python3.10/site-packages/django/db/models/base.py", line 1160, in _save_table
    results = self._do_insert(
  File "/home/ystridin/virtualenv/aronno/3.10/lib/python3.10/site-packages/django/db/models/base.py", line 1201, in _do_insert
    return manager._insert(
  File "/home/ystridin/virtualenv/aronno/3.10/lib/python3.10/site-packages/django/db/models/manager.py", line 87, in manager_method
    return getattr(self.get_queryset(), name)(*args, **kwargs)
  File "/home/ystridin/virtualenv/aronno/3.10/lib/python3.10/site-packages/django/db/models/query.py", line 1847, in _insert
    return query.get_compiler(using=using).execute_sql(returning_fields)
  File "/home/ystridin/virtualenv/aronno/3.10/lib/python3.10/site-packages/django/db/models/sql/compiler.py", line 1836, in execute_sql
    cursor.execute(sql, params)
  File "/home/ystridin/virtualenv/aronno/3.10/lib/python3.10/site-packages/django/db/backends/utils.py", line 122, in execute
    return super().execute(sql, params)
  File "/home/ystridin/virtualenv/aronno/3.10/lib/python3.10/site-packages/django/db/backends/utils.py", line 79, in execute
    return self._execute_with_wrappers(
  File "/home/ystridin/virtualenv/aronno/3.10/lib/python3.10/site-packages/django/db/backends/utils.py", line 92, in _execute_with_wrappers
    return executor(sql, params, many, context)
  File "/home/ystridin/virtualenv/aronno/3.10/lib/python3.10/site-packages/django/db/backends/utils.py", line 100, in _execute
    with self.db.wrap_database_errors:
  File "/home/ystridin/virtualenv/aronno/3.10/lib/python3.10/site-packages/django/db/utils.py", line 91, in __exit__
    raise dj_exc_value.with_traceback(traceback) from exc_value
  File "/home/ystridin/virtualenv/aronno/3.10/lib/python3.10/site-packages/django/db/backends/utils.py", line 105, in _execute
    return self.cursor.execute(sql, params)
  File "/home/ystridin/virtualenv/aronno/3.10/lib/python3.10/site-packages/django/db/backends/sqlite3/base.py", line 354, in execute
    return super().execute(query, params)
django.db.utils.OperationalError: database is locked
Not Found: /static/vendor/bootstrap/js/bootstrap.bundle.min.js
Not Found: /media/img/logo.png
Not Found: /media/img/logo.png
Not Found: /news/5/
Popup Ad Object: Popup Ad - https://teccmark.com/
Ad Object: Popup Ad - https://teccmark.com/
Not Found: /static/vendor/bootstrap/js/bootstrap.bundle.min.js
Not Found: /media/img/logo.png
Not Found: /static/vendor/bootstrap/js/bootstrap.bundle.min.js
Not Found: /media/img/logo.png
Not Found: /media/img/logo.png
Not Found: /static/vendor/bootstrap/js/bootstrap.bundle.min.js
Not Found: /media/img/logo.png
/home/ystridin/virtualenv/aronno/3.10/lib/python3.10/site-packages/django/db/models/fields/__init__.py:1665: RuntimeWarning: DateTimeField Ad.end_date received a naive datetime (2024-10-21 05:51:16.167893) while time zone support is active.
  warnings.warn(
/home/ystridin/virtualenv/aronno/3.10/lib/python3.10/site-packages/django/db/models/fields/__init__.py:1665: RuntimeWarning: DateTimeField Ad.start_date received a naive datetime (2024-10-21 05:51:16.167893) while time zone support is active.
  warnings.warn(
Popup Ad Object: Popup Ad - https://teccmark.com/
Popup Ad Object: Popup Ad - https://teccmark.com/
Ad Object: Popup Ad - https://teccmark.com/
[UID:1472][3105791] Child process with pid: 3125717 was killed by signal: 9, core dumped: no
Not Found: /static/vendor/bootstrap/js/bootstrap.bundle.min.js
Not Found: /media/img/logo.png
Not Found: /media/img/logo.png
Not Found: /static/vendor/bootstrap/js/bootstrap.bundle.min.js
Not Found: /media/img/logo.png
Not Found: /media/img/logo.png
Popup Ad Object: Popup Ad - https://teccmark.com/
Ad Object: Popup Ad - https://teccmark.com/
Popup Ad Object: Popup Ad - https://teccmark.com/
Ad Object: Popup Ad - https://teccmark.com/
Popup Ad Object: Popup Ad - https://teccmark.com/
Ad Object: Popup Ad - https://teccmark.com/
Not Found: /media/img/logo.png
Not Found: /static/vendor/bootstrap/js/bootstrap.bundle.min.js
Not Found: /media/img/logo.png
Not Found: /media/img/logo.png
Not Found: /static/vendor/bootstrap/js/bootstrap.bundle.min.js
Not Found: /media/img/logo.png
Not Found: /media/img/logo.png
Not Found: /media/img/logo.png
Not Found: /media/img/logo.png
Not Found: /static/vendor/bootstrap/js/bootstrap.bundle.min.js
Not Found: /media/img/logo.png
Not Found: /static/vendor/bootstrap/js/bootstrap.bundle.min.js
Not Found: /media/img/logo.png
Not Found: /media/img/logo.png
Popup Ad Object: Popup Ad - https://teccmark.com/
Ad Object: Popup Ad - https://teccmark.com/
Popup Ad Object: Popup Ad - https://teccmark.com/
Ad Object: Popup Ad - https://teccmark.com/
Popup Ad Object: Popup Ad - https://teccmark.com/
Ad Object: Popup Ad - https://teccmark.com/
Popup Ad Object: Popup Ad - https://teccmark.com/
Ad Object: Popup Ad - https://teccmark.com/
Not Found: /news/4/
Internal Server Error: /
Traceback (most recent call last):
  File "/home/ystridin/virtualenv/aronno/3.10/lib/python3.10/site-packages/django/core/handlers/exception.py", line 55, in inner
    response = get_response(request)
  File "/home/ystridin/virtualenv/aronno/3.10/lib/python3.10/site-packages/django/core/handlers/base.py", line 197, in _get_response
    response = wrapped_callback(request, *callback_args, **callback_kwargs)
  File "/home/ystridin/aronno/home/views.py", line 181, in news_view
    return render(request, 'index.html', context)
  File "/home/ystridin/virtualenv/aronno/3.10/lib/python3.10/site-packages/django/shortcuts.py", line 25, in render
    content = loader.render_to_string(template_name, context, request, using=using)
  File "/home/ystridin/virtualenv/aronno/3.10/lib/python3.10/site-packages/django/template/loader.py", line 62, in render_to_string
    return template.render(context, request)
  File "/home/ystridin/virtualenv/aronno/3.10/lib/python3.10/site-packages/django/template/backends/django.py", line 107, in render
    return self.template.render(context)
  File "/home/ystridin/virtualenv/aronno/3.10/lib/python3.10/site-packages/django/template/base.py", line 171, in render
    return self._render(context)
  File "/home/ystridin/virtualenv/aronno/3.10/lib/python3.10/site-packages/django/template/base.py", line 163, in _render
    return self.nodelist.render(context)
  File "/home/ystridin/virtualenv/aronno/3.10/lib/python3.10/site-packages/django/template/base.py", line 1008, in render
    return SafeString("".join([node.render_annotated(context) for node in self]))
  File "/home/ystridin/virtualenv/aronno/3.10/lib/python3.10/site-packages/django/template/base.py", line 1008, in <listcomp>
    return SafeString("".join([node.render_annotated(context) for node in self]))
  File "/home/ystridin/virtualenv/aronno/3.10/lib/python3.10/site-packages/django/template/base.py", line 969, in render_annotated
    return self.render(context)
  File "/home/ystridin/virtualenv/aronno/3.10/lib/python3.10/site-packages/django/template/defaulttags.py", line 327, in render
    return nodelist.render(context)
  File "/home/ystridin/virtualenv/aronno/3.10/lib/python3.10/site-packages/django/template/base.py", line 1008, in render
    return SafeString("".join([node.render_annotated(context) for node in self]))
  File "/home/ystridin/virtualenv/aronno/3.10/lib/python3.10/site-packages/django/template/base.py", line 1008, in <listcomp>
    return SafeString("".join([node.render_annotated(context) for node in self]))
  File "/home/ystridin/virtualenv/aronno/3.10/lib/python3.10/site-packages/django/template/base.py", line 969, in render_annotated
    return self.render(context)
  File "/home/ystridin/virtualenv/aronno/3.10/lib/python3.10/site-packages/django/template/defaulttags.py", line 480, in render
    url = reverse(view_name, args=args, kwargs=kwargs, current_app=current_app)
  File "/home/ystridin/virtualenv/aronno/3.10/lib/python3.10/site-packages/django/urls/base.py", line 88, in reverse
    return resolver._reverse_with_prefix(view, prefix, *args, **kwargs)
  File "/home/ystridin/virtualenv/aronno/3.10/lib/python3.10/site-packages/django/urls/resolvers.py", line 831, in _reverse_with_prefix
    raise NoReverseMatch(msg)
django.urls.exceptions.NoReverseMatch: Reverse for 'section_details' with keyword arguments '{'section_name': ''}' not found. 1 pattern(s) tried: ['section/(?P<section_name>[^/]+)/\\Z']
Internal Server Error: /
Traceback (most recent call last):
  File "/home/ystridin/virtualenv/aronno/3.10/lib/python3.10/site-packages/django/core/handlers/exception.py", line 55, in inner
    response = get_response(request)
  File "/home/ystridin/virtualenv/aronno/3.10/lib/python3.10/site-packages/django/core/handlers/base.py", line 197, in _get_response
    response = wrapped_callback(request, *callback_args, **callback_kwargs)
  File "/home/ystridin/aronno/home/views.py", line 181, in news_view
    return render(request, 'index.html', context)
  File "/home/ystridin/virtualenv/aronno/3.10/lib/python3.10/site-packages/django/shortcuts.py", line 25, in render
    content = loader.render_to_string(template_name, context, request, using=using)
  File "/home/ystridin/virtualenv/aronno/3.10/lib/python3.10/site-packages/django/template/loader.py", line 62, in render_to_string
    return template.render(context, request)
  File "/home/ystridin/virtualenv/aronno/3.10/lib/python3.10/site-packages/django/template/backends/django.py", line 107, in render
    return self.template.render(context)
  File "/home/ystridin/virtualenv/aronno/3.10/lib/python3.10/site-packages/django/template/base.py", line 171, in render
    return self._render(context)
  File "/home/ystridin/virtualenv/aronno/3.10/lib/python3.10/site-packages/django/template/base.py", line 163, in _render
    return self.nodelist.render(context)
  File "/home/ystridin/virtualenv/aronno/3.10/lib/python3.10/site-packages/django/template/base.py", line 1008, in render
    return SafeString("".join([node.render_annotated(context) for node in self]))
  File "/home/ystridin/virtualenv/aronno/3.10/lib/python3.10/site-packages/django/template/base.py", line 1008, in <listcomp>
    return SafeString("".join([node.render_annotated(context) for node in self]))
  File "/home/ystridin/virtualenv/aronno/3.10/lib/python3.10/site-packages/django/template/base.py", line 969, in render_annotated
    return self.render(context)
  File "/home/ystridin/virtualenv/aronno/3.10/lib/python3.10/site-packages/django/template/defaulttags.py", line 327, in render
    return nodelist.render(context)
  File "/home/ystridin/virtualenv/aronno/3.10/lib/python3.10/site-packages/django/template/base.py", line 1008, in render
    return SafeString("".join([node.render_annotated(context) for node in self]))
  File "/home/ystridin/virtualenv/aronno/3.10/lib/python3.10/site-packages/django/template/base.py", line 1008, in <listcomp>
    return SafeString("".join([node.render_annotated(context) for node in self]))
  File "/home/ystridin/virtualenv/aronno/3.10/lib/python3.10/site-packages/django/template/base.py", line 969, in render_annotated
    return self.render(context)
  File "/home/ystridin/virtualenv/aronno/3.10/lib/python3.10/site-packages/django/template/defaulttags.py", line 480, in render
    url = reverse(view_name, args=args, kwargs=kwargs, current_app=current_app)
  File "/home/ystridin/virtualenv/aronno/3.10/lib/python3.10/site-packages/django/urls/base.py", line 88, in reverse
    return resolver._reverse_with_prefix(view, prefix, *args, **kwargs)
  File "/home/ystridin/virtualenv/aronno/3.10/lib/python3.10/site-packages/django/urls/resolvers.py", line 831, in _reverse_with_prefix
    raise NoReverseMatch(msg)
django.urls.exceptions.NoReverseMatch: Reverse for 'section_details' with keyword arguments '{'section_name': ''}' not found. 1 pattern(s) tried: ['section/(?P<section_name>[^/]+)/\\Z']
Internal Server Error: /
Traceback (most recent call last):
  File "/home/ystridin/virtualenv/aronno/3.10/lib/python3.10/site-packages/django/core/handlers/exception.py", line 55, in inner
    response = get_response(request)
  File "/home/ystridin/virtualenv/aronno/3.10/lib/python3.10/site-packages/django/core/handlers/base.py", line 197, in _get_response
    response = wrapped_callback(request, *callback_args, **callback_kwargs)
  File "/home/ystridin/aronno/home/views.py", line 181, in news_view
    return render(request, 'index.html', context)
  File "/home/ystridin/virtualenv/aronno/3.10/lib/python3.10/site-packages/django/shortcuts.py", line 25, in render
    content = loader.render_to_string(template_name, context, request, using=using)
  File "/home/ystridin/virtualenv/aronno/3.10/lib/python3.10/site-packages/django/template/loader.py", line 62, in render_to_string
    return template.render(context, request)
  File "/home/ystridin/virtualenv/aronno/3.10/lib/python3.10/site-packages/django/template/backends/django.py", line 107, in render
    return self.template.render(context)
  File "/home/ystridin/virtualenv/aronno/3.10/lib/python3.10/site-packages/django/template/base.py", line 171, in render
    return self._render(context)
  File "/home/ystridin/virtualenv/aronno/3.10/lib/python3.10/site-packages/django/template/base.py", line 163, in _render
    return self.nodelist.render(context)
  File "/home/ystridin/virtualenv/aronno/3.10/lib/python3.10/site-packages/django/template/base.py", line 1008, in render
    return SafeString("".join([node.render_annotated(context) for node in self]))
  File "/home/ystridin/virtualenv/aronno/3.10/lib/python3.10/site-packages/django/template/base.py", line 1008, in <listcomp>
    return SafeString("".join([node.render_annotated(context) for node in self]))
  File "/home/ystridin/virtualenv/aronno/3.10/lib/python3.10/site-packages/django/template/base.py", line 969, in render_annotated
    return self.render(context)
  File "/home/ystridin/virtualenv/aronno/3.10/lib/python3.10/site-packages/django/template/defaulttags.py", line 327, in render
    return nodelist.render(context)
  File "/home/ystridin/virtualenv/aronno/3.10/lib/python3.10/site-packages/django/template/base.py", line 1008, in render
    return SafeString("".join([node.render_annotated(context) for node in self]))
  File "/home/ystridin/virtualenv/aronno/3.10/lib/python3.10/site-packages/django/template/base.py", line 1008, in <listcomp>
    return SafeString("".join([node.render_annotated(context) for node in self]))
  File "/home/ystridin/virtualenv/aronno/3.10/lib/python3.10/site-packages/django/template/base.py", line 969, in render_annotated
    return self.render(context)
  File "/home/ystridin/virtualenv/aronno/3.10/lib/python3.10/site-packages/django/template/defaulttags.py", line 480, in render
    url = reverse(view_name, args=args, kwargs=kwargs, current_app=current_app)
  File "/home/ystridin/virtualenv/aronno/3.10/lib/python3.10/site-packages/django/urls/base.py", line 88, in reverse
    return resolver._reverse_with_prefix(view, prefix, *args, **kwargs)
  File "/home/ystridin/virtualenv/aronno/3.10/lib/python3.10/site-packages/django/urls/resolvers.py", line 831, in _reverse_with_prefix
    raise NoReverseMatch(msg)
django.urls.exceptions.NoReverseMatch: Reverse for 'section_details' with keyword arguments '{'section_name': ''}' not found. 1 pattern(s) tried: ['section/(?P<section_name>[^/]+)/\\Z']
Not Found: /static/vendor/bootstrap/js/bootstrap.bundle.min.js
Not Found: /media/img/logo.png
Not Found: /media/img/logo.png
Not Found: /media/img/logo.png
Not Found: /static/vendor/bootstrap/js/bootstrap.bundle.min.js
Not Found: /media/img/logo.png
Not Found: /static/vendor/bootstrap/js/bootstrap.bundle.min.js
Not Found: /favicon.ico
Not Found: /media/img/logo.png
Not Found: /static/vendor/bootstrap/js/bootstrap.bundle.min.js
Not Found: /media/img/logo.png
Not Found: /media/img/logo.png
Not Found: /static/vendor/bootstrap/js/bootstrap.bundle.min.js
Not Found: /media/img/logo.png
Not Found: /static/vendor/bootstrap/js/bootstrap.bundle.min.js
Not Found: /news/33/android-icon.png
Not Found: /news/33/apple-touch-icon.png
Popup Ad Object: Popup Ad - https://teccmark.com/
Popup Ad Object: Popup Ad - https://teccmark.com/
Ad Object: Popup Ad - https://teccmark.com/
Popup Ad Object: Popup Ad - https://teccmark.com/
Ad Object: Popup Ad - https://teccmark.com/
Popup Ad Object: Popup Ad - https://teccmark.com/
Ad Object: Popup Ad - https://teccmark.com/
Popup Ad Object: Popup Ad - https://teccmark.com/
Ad Object: Popup Ad - https://teccmark.com/
Popup Ad Object: Popup Ad - https://teccmark.com/
Ad Object: Popup Ad - https://teccmark.com/
Popup Ad Object: Popup Ad - https://teccmark.com/
Not Found: /robots.txt
Not Found: /news/41/
Not Found: /media/img/logo.png
Not Found: /static/vendor/bootstrap/js/bootstrap.bundle.min.js
Not Found: /media/img/logo.png
Not Found: /media/img/logo.png
Popup Ad Object: Popup Ad - https://teccmark.com/
Ad Object: Popup Ad - https://teccmark.com/
Not Found: /android-icon.png
Not Found: /robots.txt
Not Found: /sitemap.xml
Not Found: /config.json
Not Found: /android-icon.png
Not Found: /robots.txt
Not Found: /sitemap.xml
Not Found: /config.json
Popup Ad Object: Popup Ad - https://teccmark.com/
Ad Object: Popup Ad - https://teccmark.com/
/home/ystridin/virtualenv/aronno/3.10/lib/python3.10/site-packages/django/db/models/fields/__init__.py:1665: RuntimeWarning: DateTimeField Ad.end_date received a naive datetime (2024-10-21 06:56:47.148210) while time zone support is active.
  warnings.warn(
/home/ystridin/virtualenv/aronno/3.10/lib/python3.10/site-packages/django/db/models/fields/__init__.py:1665: RuntimeWarning: DateTimeField Ad.start_date received a naive datetime (2024-10-21 06:56:47.148210) while time zone support is active.
  warnings.warn(
Not Found: /android-icon.png
Not Found: /robots.txt
Not Found: /sitemap.xml
Not Found: /config.json
Not Found: /android-icon.png
Not Found: /robots.txt
Not Found: /sitemap.xml
Not Found: /config.json
Not Found: /media/img/logo.png
Not Found: /static/vendor/bootstrap/js/bootstrap.bundle.min.js
Not Found: /media/img/logo.png
Not Found: /media/img/logo.png
/home/ystridin/virtualenv/aronno/3.10/lib/python3.10/site-packages/django/db/models/fields/__init__.py:1665: RuntimeWarning: DateTimeField Ad.end_date received a naive datetime (2024-10-21 06:58:15.222756) while time zone support is active.
  warnings.warn(
/home/ystridin/virtualenv/aronno/3.10/lib/python3.10/site-packages/django/db/models/fields/__init__.py:1665: RuntimeWarning: DateTimeField Ad.start_date received a naive datetime (2024-10-21 06:58:15.222756) while time zone support is active.
  warnings.warn(
Not Found: /media/img/logo.png
Not Found: /static/vendor/bootstrap/js/bootstrap.bundle.min.js
Not Found: /media/img/logo.png
/home/ystridin/virtualenv/aronno/3.10/lib/python3.10/site-packages/django/db/models/fields/__init__.py:1665: RuntimeWarning: DateTimeField Ad.end_date received a naive datetime (2024-10-21 06:58:47.746027) while time zone support is active.
  warnings.warn(
/home/ystridin/virtualenv/aronno/3.10/lib/python3.10/site-packages/django/db/models/fields/__init__.py:1665: RuntimeWarning: DateTimeField Ad.start_date received a naive datetime (2024-10-21 06:58:47.746027) while time zone support is active.
  warnings.warn(
Not Found: /static/vendor/bootstrap/js/bootstrap.bundle.min.js
Not Found: /media/img/logo.png
Popup Ad Object: Popup Ad - https://teccmark.com/
Ad Object: Popup Ad - https://teccmark.com/
Popup Ad Object: Popup Ad - https://teccmark.com/
Ad Object: Popup Ad - https://teccmark.com/
Popup Ad Object: Popup Ad - https://teccmark.com/
Ad Object: Popup Ad - https://teccmark.com/
Popup Ad Object: Popup Ad - https://teccmark.com/
Ad Object: Popup Ad - https://teccmark.com/
/home/ystridin/virtualenv/aronno/3.10/lib/python3.10/site-packages/django/db/models/fields/__init__.py:1665: RuntimeWarning: DateTimeField Ad.end_date received a naive datetime (2024-10-21 07:14:09.662875) while time zone support is active.
  warnings.warn(
/home/ystridin/virtualenv/aronno/3.10/lib/python3.10/site-packages/django/db/models/fields/__init__.py:1665: RuntimeWarning: DateTimeField Ad.start_date received a naive datetime (2024-10-21 07:14:09.662875) while time zone support is active.
  warnings.warn(
Not Found: /static/vendor/bootstrap/js/bootstrap.bundle.min.js
Not Found: /media/img/logo.png
Not Found: /static/vendor/bootstrap/js/bootstrap.bundle.min.js
Not Found: /media/img/logo.png
Not Found: /media/img/logo.png
Not Found: /media/img/logo.png
Popup Ad Object: Popup Ad - https://teccmark.com/
Ad Object: Popup Ad - https://teccmark.com/
Not Found: /static/vendor/bootstrap/js/bootstrap.bundle.min.js
Not Found: /media/img/logo.png
Not Found: /static/vendor/bootstrap/js/bootstrap.bundle.min.js
Not Found: /media/img/logo.png
Not Found: /media/img/logo.png
Popup Ad Object: Popup Ad - https://teccmark.com/
Ad Object: Popup Ad - https://teccmark.com/
Popup Ad Object: Popup Ad - https://teccmark.com/
Ad Object: Popup Ad - https://teccmark.com/
Not Found: /news/13/
/home/ystridin/virtualenv/aronno/3.10/lib/python3.10/site-packages/django/db/models/fields/__init__.py:1665: RuntimeWarning: DateTimeField Ad.end_date received a naive datetime (2024-10-21 08:14:28.489064) while time zone support is active.
  warnings.warn(
/home/ystridin/virtualenv/aronno/3.10/lib/python3.10/site-packages/django/db/models/fields/__init__.py:1665: RuntimeWarning: DateTimeField Ad.start_date received a naive datetime (2024-10-21 08:14:28.489064) while time zone support is active.
  warnings.warn(
/home/ystridin/virtualenv/aronno/3.10/lib/python3.10/site-packages/django/db/models/fields/__init__.py:1665: RuntimeWarning: DateTimeField Ad.end_date received a naive datetime (2024-10-21 08:42:52.511163) while time zone support is active.
  warnings.warn(
/home/ystridin/virtualenv/aronno/3.10/lib/python3.10/site-packages/django/db/models/fields/__init__.py:1665: RuntimeWarning: DateTimeField Ad.start_date received a naive datetime (2024-10-21 08:42:52.511163) while time zone support is active.
  warnings.warn(
Not Found: /static/vendor/bootstrap/js/bootstrap.bundle.min.js
Not Found: /media/img/logo.png
Not Found: /media/img/logo.png
Not Found: /static/vendor/bootstrap/js/bootstrap.bundle.min.js
Not Found: /static/vendor/bootstrap/js/bootstrap.bundle.min.js
Not Found: /static/vendor/bootstrap/js/bootstrap.bundle.min.js
Not Found: /media/img/logo.png
Not Found: /media/img/logo.png
Popup Ad Object: Popup Ad - https://teccmark.com/
Ad Object: Popup Ad - https://teccmark.com/
Not Found: /static/vendor/bootstrap/js/bootstrap.bundle.min.js
Not Found: /media/img/logo.png
Not Found: /media/img/logo.png
Not Found: /media/img/logo.png
Not Found: /media/img/logo.png
Not Found: /static/vendor/bootstrap/js/bootstrap.bundle.min.js
Not Found: /media/img/logo.png
/home/ystridin/virtualenv/aronno/3.10/lib/python3.10/site-packages/django/db/models/fields/__init__.py:1665: RuntimeWarning: DateTimeField Ad.end_date received a naive datetime (2024-10-21 09:07:06.670744) while time zone support is active.
  warnings.warn(
/home/ystridin/virtualenv/aronno/3.10/lib/python3.10/site-packages/django/db/models/fields/__init__.py:1665: RuntimeWarning: DateTimeField Ad.start_date received a naive datetime (2024-10-21 09:07:06.670744) while time zone support is active.
  warnings.warn(
Not Found: /static/vendor/bootstrap/js/bootstrap.bundle.min.js
Not Found: /media/img/logo.png
Not Found: /static/vendor/bootstrap/js/bootstrap.bundle.min.js
/home/ystridin/virtualenv/aronno/3.10/lib/python3.10/site-packages/django/db/models/fields/__init__.py:1665: RuntimeWarning: DateTimeField Ad.end_date received a naive datetime (2024-10-21 09:07:15.301924) while time zone support is active.
  warnings.warn(
/home/ystridin/virtualenv/aronno/3.10/lib/python3.10/site-packages/django/db/models/fields/__init__.py:1665: RuntimeWarning: DateTimeField Ad.start_date received a naive datetime (2024-10-21 09:07:15.301924) while time zone support is active.
  warnings.warn(
Not Found: /media/img/logo.png
Not Found: /static/vendor/bootstrap/js/bootstrap.bundle.min.js
Not Found: /media/img/logo.png
Not Found: /media/img/logo.png
Not Found: /static/vendor/bootstrap/js/bootstrap.bundle.min.js
Not Found: /media/img/logo.png
Popup Ad Object: Popup Ad - https://teccmark.com/
Ad Object: Popup Ad - https://teccmark.com/
Not Found: /media/img/logo.png
Not Found: /static/vendor/bootstrap/js/bootstrap.bundle.min.js
Not Found: /media/img/logo.png
Not Found: /static/vendor/bootstrap/js/bootstrap.bundle.min.js
Not Found: /robots.txt
Not Found: /media/img/logo.png
[UID:1472][3805554] Reached max children process limit: 6, extra: 2, current: 8, busy: 8, please increase LSAPI_CHILDREN.
[UID:1472][3805554] Reached max children process limit: 6, extra: 2, current: 8, busy: 8, please increase LSAPI_CHILDREN.
[UID:1472][3805554] Reached max children process limit: 6, extra: 2, current: 8, busy: 8, please increase LSAPI_CHILDREN.
[UID:1472][3805554] Reached max children process limit: 6, extra: 2, current: 8, busy: 8, please increase LSAPI_CHILDREN.
[UID:1472][3805554] Reached max children process limit: 6, extra: 2, current: 8, busy: 8, please increase LSAPI_CHILDREN.
[UID:1472][3805554] Reached max children process limit: 6, extra: 2, current: 8, busy: 8, please increase LSAPI_CHILDREN.
[UID:1472][3805554] Reached max children process limit: 6, extra: 2, current: 8, busy: 8, please increase LSAPI_CHILDREN.
[UID:1472][3805554] Reached max children process limit: 6, extra: 2, current: 8, busy: 8, please increase LSAPI_CHILDREN.
[UID:1472][3805554] Reached max children process limit: 6, extra: 2, current: 8, busy: 8, please increase LSAPI_CHILDREN.
[UID:1472][3805554] Reached max children process limit: 6, extra: 2, current: 8, busy: 8, please increase LSAPI_CHILDREN.
[UID:1472][3805554] Reached max children process limit: 6, extra: 2, current: 8, busy: 8, please increase LSAPI_CHILDREN.
[UID:1472][3805554] Reached max children process limit: 6, extra: 2, current: 8, busy: 8, please increase LSAPI_CHILDREN.
[UID:1472][3805554] Reached max children process limit: 6, extra: 2, current: 8, busy: 8, please increase LSAPI_CHILDREN.
[UID:1472][3805554] Reached max children process limit: 6, extra: 2, current: 8, busy: 8, please increase LSAPI_CHILDREN.
[UID:1472][3805554] Reached max children process limit: 6, extra: 2, current: 8, busy: 8, please increase LSAPI_CHILDREN.
[UID:1472][3805554] Reached max children process limit: 6, extra: 2, current: 8, busy: 8, please increase LSAPI_CHILDREN.
[UID:1472][3805554] Reached max children process limit: 6, extra: 2, current: 8, busy: 8, please increase LSAPI_CHILDREN.
[UID:1472][3805554] Reached max children process limit: 6, extra: 2, current: 8, busy: 8, please increase LSAPI_CHILDREN.
[UID:1472][3805554] Reached max children process limit: 6, extra: 2, current: 8, busy: 8, please increase LSAPI_CHILDREN.
Popup Ad Object: Popup Ad - https://teccmark.com/
Popup Ad Object: Popup Ad - https://teccmark.com/
Ad Object: Popup Ad - https://teccmark.com/
Popup Ad Object: Popup Ad - https://teccmark.com/
Ad Object: Popup Ad - https://teccmark.com/
Popup Ad Object: Popup Ad - https://teccmark.com/
Ad Object: Popup Ad - https://teccmark.com/
[UID:1472][3805554] Reached max children process limit: 6, extra: 2, current: 8, busy: 7, please increase LSAPI_CHILDREN.
[UID:1472][3805554] Reached max children process limit: 6, extra: 2, current: 8, busy: 8, please increase LSAPI_CHILDREN.
Popup Ad Object: Popup Ad - https://teccmark.com/
[UID:1472][3805554] Reached max children process limit: 6, extra: 2, current: 8, busy: 8, please increase LSAPI_CHILDREN.
Popup Ad Object: Popup Ad - https://teccmark.com/
Popup Ad Object: Popup Ad - https://teccmark.com/
[UID:1472][3805554] Reached max children process limit: 6, extra: 2, current: 8, busy: 7, please increase LSAPI_CHILDREN.
[UID:1472][3805554] Reached max children process limit: 6, extra: 2, current: 8, busy: 8, please increase LSAPI_CHILDREN.
Not Found: /media/img/logo.png
Popup Ad Object: Popup Ad - https://teccmark.com/
Popup Ad Object: Popup Ad - https://teccmark.com/
Popup Ad Object: Popup Ad - https://teccmark.com/
Not Found: /.env
Not Found: /media/img/logo.png
Not Found: /static/vendor/bootstrap/js/bootstrap.bundle.min.js
Not Found: /media/img/logo.png
Not Found: /media/img/logo.png
Not Found: /static/vendor/bootstrap/js/bootstrap.bundle.min.js
Not Found: /media/img/logo.png
Not Found: /media/img/logo.png
Popup Ad Object: Popup Ad - https://teccmark.com/
Ad Object: Popup Ad - https://teccmark.com/
Popup Ad Object: Popup Ad - https://teccmark.com/
Ad Object: Popup Ad - https://teccmark.com/
Not Found: /android-icon.png
Not Found: /robots.txt
Not Found: /sitemap.xml
Not Found: /config.json
Not Found: /android-icon.png
Not Found: /robots.txt
Not Found: /sitemap.xml
Not Found: /config.json
Popup Ad Object: Popup Ad - https://teccmark.com/
Ad Object: Popup Ad - https://teccmark.com/
Popup Ad Object: Popup Ad - https://teccmark.com/
Ad Object: Popup Ad - https://teccmark.com/
Not Found: /robots.txt
/home/ystridin/virtualenv/aronno/3.10/lib/python3.10/site-packages/django/db/models/fields/__init__.py:1665: RuntimeWarning: DateTimeField Ad.end_date received a naive datetime (2024-10-21 09:37:07.996415) while time zone support is active.
  warnings.warn(
/home/ystridin/virtualenv/aronno/3.10/lib/python3.10/site-packages/django/db/models/fields/__init__.py:1665: RuntimeWarning: DateTimeField Ad.start_date received a naive datetime (2024-10-21 09:37:07.996415) while time zone support is active.
  warnings.warn(
Not Found: /static/vendor/bootstrap/js/bootstrap.bundle.min.js
Not Found: /static/vendor/bootstrap/js/bootstrap.bundle.min.js
Not Found: /media/img/logo.png
Not Found: /media/img/logo.png
Not Found: /static/vendor/bootstrap/js/bootstrap.bundle.min.js
Not Found: /media/img/logo.png
Not Found: /static/vendor/bootstrap/js/bootstrap.bundle.min.js
Not Found: /media/img/logo.png
Not Found: /static/vendor/bootstrap/js/bootstrap.bundle.min.js
Popup Ad Object: Popup Ad - https://teccmark.com/
Ad Object: Popup Ad - https://teccmark.com/
Not Found: /static/vendor/bootstrap/js/bootstrap.bundle.min.js
Not Found: /media/img/logo.png
Not Found: /media/img/logo.png
Not Found: /android-icon.png
Not Found: /apple-touch-icon.png
Not Found: /android-icon.png
Not Found: /media/img/logo.png
Not Found: /apple-touch-icon.png
Not Found: /media/img/logo.png
Not Found: /media/img/logo.png
Popup Ad Object: Popup Ad - https://teccmark.com/
Ad Object: Popup Ad - https://teccmark.com/
Popup Ad Object: Popup Ad - https://teccmark.com/
Ad Object: Popup Ad - https://teccmark.com/
Popup Ad Object: Popup Ad - https://teccmark.com/
Ad Object: Popup Ad - https://teccmark.com/
Popup Ad Object: Popup Ad - https://teccmark.com/
Ad Object: Popup Ad - https://teccmark.com/
Popup Ad Object: Popup Ad - https://teccmark.com/
Ad Object: Popup Ad - https://teccmark.com/
Not Found: /news/2/
[UID:1472][4189067] Child process with pid: 52583 was killed by signal: 15, core dumped: no
Not Found: /static/vendor/bootstrap/js/bootstrap.bundle.min.js
Not Found: /media/img/logo.png
Not Found: /media/img/logo.png
Not Found: /media/img/logo.png
Not Found: /static/vendor/bootstrap/js/bootstrap.bundle.min.js
Popup Ad Object: Popup Ad - https://teccmark.com/
Ad Object: Popup Ad - https://teccmark.com/
Popup Ad Object: Popup Ad - https://teccmark.com/
Ad Object: Popup Ad - https://teccmark.com/
Popup Ad Object: Popup Ad - https://teccmark.com/
Ad Object: Popup Ad - https://teccmark.com/
Popup Ad Object: Popup Ad - https://teccmark.com/
Ad Object: Popup Ad - https://teccmark.com/
Popup Ad Object: Popup Ad - https://teccmark.com/
Ad Object: Popup Ad - https://teccmark.com/
Popup Ad Object: Popup Ad - https://teccmark.com/
Ad Object: Popup Ad - https://teccmark.com/
Popup Ad Object: Popup Ad - https://teccmark.com/
Ad Object: Popup Ad - https://teccmark.com/
Popup Ad Object: Popup Ad - https://teccmark.com/
Ad Object: Popup Ad - https://teccmark.com/
Popup Ad Object: Popup Ad - https://teccmark.com/
Popup Ad Object: Popup Ad - https://teccmark.com/
Popup Ad Object: Popup Ad - https://teccmark.com/
Popup Ad Object: Popup Ad - https://teccmark.com/
Popup Ad Object: Popup Ad - https://teccmark.com/
Popup Ad Object: Popup Ad - https://teccmark.com/
Popup Ad Object: Popup Ad - https://teccmark.com/
Popup Ad Object: Popup Ad - https://teccmark.com/
Popup Ad Object: Popup Ad - https://teccmark.com/
Not Found: /robots.txt
Not Found: /media/commenters/main-6.jpg
Popup Ad Object: Popup Ad - https://teccmark.com/
Popup Ad Object: Popup Ad - https://teccmark.com/
Popup Ad Object: Popup Ad - https://teccmark.com/
Popup Ad Object: Popup Ad - https://teccmark.com/
Not Found: /favicon.ico
Not Found: /static/vendor/bootstrap/js/bootstrap.bundle.min.js
Not Found: /media/img/logo.png
Not Found: /android-icon.png
Not Found: /apple-touch-icon.png
Not Found: /media/img/logo.png
Not Found: /static/vendor/bootstrap/js/bootstrap.bundle.min.js
Not Found: /static/vendor/bootstrap/js/bootstrap.bundle.min.js
Not Found: /news/32/android-icon.png
Not Found: /news/32/apple-touch-icon.png
/home/ystridin/virtualenv/aronno/3.10/lib/python3.10/site-packages/django/db/models/fields/__init__.py:1665: RuntimeWarning: DateTimeField Ad.end_date received a naive datetime (2024-10-21 13:38:25.833606) while time zone support is active.
  warnings.warn(
/home/ystridin/virtualenv/aronno/3.10/lib/python3.10/site-packages/django/db/models/fields/__init__.py:1665: RuntimeWarning: DateTimeField Ad.start_date received a naive datetime (2024-10-21 13:38:25.833606) while time zone support is active.
  warnings.warn(
Not Found: /static/vendor/bootstrap/js/bootstrap.bundle.min.js
Not Found: /category/war-conflict/android-icon.png
Not Found: /category/war-conflict/apple-touch-icon.png
Popup Ad Object: Popup Ad - https://teccmark.com/
Ad Object: Popup Ad - https://teccmark.com/
Popup Ad Object: Popup Ad - https://teccmark.com/
Popup Ad Object: Popup Ad - https://teccmark.com/
Not Found: /wp-includes/wlwmanifest.xml
Not Found: /xmlrpc.php
Not Found: /blog/wp-includes/wlwmanifest.xml
Not Found: /web/wp-includes/wlwmanifest.xml
Not Found: /wordpress/wp-includes/wlwmanifest.xml
Not Found: /website/wp-includes/wlwmanifest.xml
Not Found: /wp/wp-includes/wlwmanifest.xml
Not Found: /news/wp-includes/wlwmanifest.xml
Not Found: /2020/wp-includes/wlwmanifest.xml
Not Found: /2019/wp-includes/wlwmanifest.xml
Not Found: /shop/wp-includes/wlwmanifest.xml
Not Found: /wp1/wp-includes/wlwmanifest.xml
Not Found: /test/wp-includes/wlwmanifest.xml
Not Found: /wp2/wp-includes/wlwmanifest.xml
Not Found: /site/wp-includes/wlwmanifest.xml
Not Found: /cms/wp-includes/wlwmanifest.xml
Not Found: /sito/wp-includes/wlwmanifest.xml
Popup Ad Object: Popup Ad - https://teccmark.com/
Ad Object: Popup Ad - https://teccmark.com/
Popup Ad Object: Popup Ad - https://teccmark.com/
Ad Object: Popup Ad - https://teccmark.com/
Popup Ad Object: Popup Ad - https://teccmark.com/
Ad Object: Popup Ad - https://teccmark.com/
Popup Ad Object: Popup Ad - https://teccmark.com/
/home/ystridin/virtualenv/aronno/3.10/lib/python3.10/site-packages/django/db/models/fields/__init__.py:1665: RuntimeWarning: DateTimeField Ad.end_date received a naive datetime (2024-10-21 14:17:03.195756) while time zone support is active.
  warnings.warn(
/home/ystridin/virtualenv/aronno/3.10/lib/python3.10/site-packages/django/db/models/fields/__init__.py:1665: RuntimeWarning: DateTimeField Ad.start_date received a naive datetime (2024-10-21 14:17:03.195756) while time zone support is active.
  warnings.warn(
Popup Ad Object: Popup Ad - https://teccmark.com/
Ad Object: Popup Ad - https://teccmark.com/
Not Found: /static/vendor/bootstrap/js/bootstrap.bundle.min.js
Not Found: /media/img/logo.png
Not Found: /static/vendor/bootstrap/js/bootstrap.bundle.min.js
Popup Ad Object: Popup Ad - https://teccmark.com/
Ad Object: Popup Ad - https://teccmark.com/
Popup Ad Object: Popup Ad - https://teccmark.com/
Ad Object: Popup Ad - https://teccmark.com/
Popup Ad Object: Popup Ad - https://teccmark.com/
Ad Object: Popup Ad - https://teccmark.com/
Not Found: /static/vendor/bootstrap/js/bootstrap.bundle.min.js
Not Found: /media/img/logo.png
Not Found: /static/vendor/bootstrap/js/bootstrap.bundle.min.js
Not Found: /media/img/logo.png
Not Found: /robots.txt
Not Found: /news/13/
Popup Ad Object: Popup Ad - https://teccmark.com/
Ad Object: Popup Ad - https://teccmark.com/
Not Found: /news/15/
Popup Ad Object: Popup Ad - https://teccmark.com/
Ad Object: Popup Ad - https://teccmark.com/
/home/ystridin/virtualenv/aronno/3.10/lib/python3.10/site-packages/django/db/models/fields/__init__.py:1665: RuntimeWarning: DateTimeField Ad.end_date received a naive datetime (2024-10-21 15:35:51.698754) while time zone support is active.
  warnings.warn(
/home/ystridin/virtualenv/aronno/3.10/lib/python3.10/site-packages/django/db/models/fields/__init__.py:1665: RuntimeWarning: DateTimeField Ad.start_date received a naive datetime (2024-10-21 15:35:51.698754) while time zone support is active.
  warnings.warn(
Not Found: /category/fashion/
Popup Ad Object: Popup Ad - https://teccmark.com/
Popup Ad Object: Popup Ad - https://teccmark.com/
Ad Object: Popup Ad - https://teccmark.com/
Popup Ad Object: Popup Ad - https://teccmark.com/
Not Found: /robots.txt
Not Found: /robots.txt
Not Found: /sitemaps.xml
Not Found: /sitemap.txt
Not Found: /sitemap.xml.gz
/home/ystridin/virtualenv/aronno/3.10/lib/python3.10/site-packages/django/db/models/fields/__init__.py:1665: RuntimeWarning: DateTimeField Ad.end_date received a naive datetime (2024-10-21 16:00:34.201233) while time zone support is active.
  warnings.warn(
/home/ystridin/virtualenv/aronno/3.10/lib/python3.10/site-packages/django/db/models/fields/__init__.py:1665: RuntimeWarning: DateTimeField Ad.start_date received a naive datetime (2024-10-21 16:00:34.201233) while time zone support is active.
  warnings.warn(
/home/ystridin/virtualenv/aronno/3.10/lib/python3.10/site-packages/django/db/models/fields/__init__.py:1665: RuntimeWarning: DateTimeField Ad.end_date received a naive datetime (2024-10-21 16:16:25.545398) while time zone support is active.
  warnings.warn(
/home/ystridin/virtualenv/aronno/3.10/lib/python3.10/site-packages/django/db/models/fields/__init__.py:1665: RuntimeWarning: DateTimeField Ad.start_date received a naive datetime (2024-10-21 16:16:25.545398) while time zone support is active.
  warnings.warn(
Not Found: /media/news_images/jagonews-20240907180740_xds6TQG.jpg
Not Found: /media/news_images/main-17_WC87CX1.jpg
Not Found: /media/news_images/jagonews-20240907180740.jpg
Not Found: /media/news_images/main-14.jpg
Not Found: /sitemap.xml.gz
Not Found: /media/news_images/main-25.jpg
Not Found: /atom.xml
Popup Ad Object: Popup Ad - https://teccmark.com/
Ad Object: Popup Ad - https://teccmark.com/
Not Found: /sitemap.xml
Not Found: /atom.xml
Not Found: /media/news_images/main-17_BOxPsw5.jpg
Not Found: /static/vendor/bootstrap/js/bootstrap.bundle.min.js
Not Found: /static/vendor/bootstrap/js/bootstrap.bundle.min.js
Not Found: /android-icon.png
Not Found: /apple-touch-icon.png
Not Found: /media/news_images/jagonews-20240907180740_uTAJ0Ll.jpg
Not Found: /media/news_images/bgb-adviser-20240907155614.jpg
Popup Ad Object: Popup Ad - https://teccmark.com/
Ad Object: Popup Ad - https://teccmark.com/
Not Found: /favicon.ico
Not Found: /static/vendor/bootstrap/js/bootstrap.bundle.min.js
Not Found: /media/img/logo.png
Not Found: /apple-touch-icon.png
Not Found: /android-icon.png
Popup Ad Object: Popup Ad - https://teccmark.com/
Ad Object: Popup Ad - https://teccmark.com/
Not Found: /media/commenters/main-20.jpg
Popup Ad Object: Popup Ad - https://teccmark.com/
Not Found: /media/news_images/main-26.jpg
Not Found: /media/news_images/main-4_sLhQgMB.jpg
Popup Ad Object: Popup Ad - https://teccmark.com/
Ad Object: Popup Ad - https://teccmark.com/
Not Found: /media/news_images/main-8.jpg
Not Found: /news/3/
Not Found: /category/other_sports/
Not Found: /category/technology/
Not Found: /section/law/
Not Found: /media/news_images/Screenshot_2021-06-07_210155.jpg
Popup Ad Object: Popup Ad - https://teccmark.com/
Popup Ad Object: Popup Ad - https://teccmark.com/
Popup Ad Object: Popup Ad - https://teccmark.com/
Ad Object: Popup Ad - https://teccmark.com/
Not Found: /static/vendor/bootstrap/js/bootstrap.bundle.min.js
Not Found: /sitemaps.xml
Popup Ad Object: Popup Ad - https://teccmark.com/
/home/ystridin/virtualenv/aronno/3.10/lib/python3.10/site-packages/django/db/models/fields/__init__.py:1665: RuntimeWarning: DateTimeField Ad.end_date received a naive datetime (2024-10-21 19:43:29.578707) while time zone support is active.
  warnings.warn(
/home/ystridin/virtualenv/aronno/3.10/lib/python3.10/site-packages/django/db/models/fields/__init__.py:1665: RuntimeWarning: DateTimeField Ad.start_date received a naive datetime (2024-10-21 19:43:29.578707) while time zone support is active.
  warnings.warn(
Not Found: /media/news_images/Screenshot_2021-06-27_213430.jpg
Popup Ad Object: Popup Ad - https://teccmark.com/
/home/ystridin/virtualenv/aronno/3.10/lib/python3.10/site-packages/django/db/models/fields/__init__.py:1665: RuntimeWarning: DateTimeField Ad.end_date received a naive datetime (2024-10-21 20:18:54.498740) while time zone support is active.
  warnings.warn(
/home/ystridin/virtualenv/aronno/3.10/lib/python3.10/site-packages/django/db/models/fields/__init__.py:1665: RuntimeWarning: DateTimeField Ad.start_date received a naive datetime (2024-10-21 20:18:54.498740) while time zone support is active.
  warnings.warn(
Popup Ad Object: Popup Ad - https://teccmark.com/
Popup Ad Object: Popup Ad - https://teccmark.com/
Ad Object: Popup Ad - https://teccmark.com/
Popup Ad Object: Popup Ad - https://teccmark.com/
Ad Object: Popup Ad - https://teccmark.com/
Popup Ad Object: Popup Ad - https://teccmark.com/
/home/ystridin/virtualenv/aronno/3.10/lib/python3.10/site-packages/django/db/models/fields/__init__.py:1665: RuntimeWarning: DateTimeField Ad.end_date received a naive datetime (2024-10-21 21:30:55.733147) while time zone support is active.
  warnings.warn(
/home/ystridin/virtualenv/aronno/3.10/lib/python3.10/site-packages/django/db/models/fields/__init__.py:1665: RuntimeWarning: DateTimeField Ad.start_date received a naive datetime (2024-10-21 21:30:55.733147) while time zone support is active.
  warnings.warn(
Not Found: /media/news_images/nazmul-abedin-fahim-20240907192738.jpg
Popup Ad Object: Popup Ad - https://teccmark.com/
Ad Object: Popup Ad - https://teccmark.com/
/home/ystridin/virtualenv/aronno/3.10/lib/python3.10/site-packages/django/db/models/fields/__init__.py:1665: RuntimeWarning: DateTimeField Ad.end_date received a naive datetime (2024-10-21 21:57:04.132702) while time zone support is active.
  warnings.warn(
/home/ystridin/virtualenv/aronno/3.10/lib/python3.10/site-packages/django/db/models/fields/__init__.py:1665: RuntimeWarning: DateTimeField Ad.start_date received a naive datetime (2024-10-21 21:57:04.132702) while time zone support is active.
  warnings.warn(
Not Found: /wp-includes/wlwmanifest.xml
Not Found: /xmlrpc.php
Not Found: /blog/wp-includes/wlwmanifest.xml
Not Found: /web/wp-includes/wlwmanifest.xml
Not Found: /wordpress/wp-includes/wlwmanifest.xml
Not Found: /website/wp-includes/wlwmanifest.xml
Not Found: /wp/wp-includes/wlwmanifest.xml
Not Found: /news/wp-includes/wlwmanifest.xml
Not Found: /2018/wp-includes/wlwmanifest.xml
Not Found: /2019/wp-includes/wlwmanifest.xml
Not Found: /shop/wp-includes/wlwmanifest.xml
Not Found: /wp1/wp-includes/wlwmanifest.xml
Not Found: /test/wp-includes/wlwmanifest.xml
Not Found: /media/wp-includes/wlwmanifest.xml
Not Found: /wp2/wp-includes/wlwmanifest.xml
Not Found: /site/wp-includes/wlwmanifest.xml
Not Found: /cms/wp-includes/wlwmanifest.xml
Not Found: /sito/wp-includes/wlwmanifest.xml
Popup Ad Object: Popup Ad - https://teccmark.com/
Ad Object: Popup Ad - https://teccmark.com/
Popup Ad Object: Popup Ad - https://teccmark.com/
Ad Object: Popup Ad - https://teccmark.com/
Popup Ad Object: Popup Ad - https://teccmark.com/
Ad Object: Popup Ad - https://teccmark.com/
/home/ystridin/virtualenv/aronno/3.10/lib/python3.10/site-packages/django/db/models/fields/__init__.py:1665: RuntimeWarning: DateTimeField Ad.end_date received a naive datetime (2024-10-21 22:23:27.753206) while time zone support is active.
  warnings.warn(
/home/ystridin/virtualenv/aronno/3.10/lib/python3.10/site-packages/django/db/models/fields/__init__.py:1665: RuntimeWarning: DateTimeField Ad.start_date received a naive datetime (2024-10-21 22:23:27.753206) while time zone support is active.
  warnings.warn(
Not Found: /media/news_images/main-17_YRWCsXE.jpg
Popup Ad Object: Popup Ad - https://teccmark.com/
Ad Object: Popup Ad - https://teccmark.com/
/home/ystridin/virtualenv/aronno/3.10/lib/python3.10/site-packages/django/db/models/fields/__init__.py:1665: RuntimeWarning: DateTimeField Ad.end_date received a naive datetime (2024-10-22 00:53:41.209020) while time zone support is active.
  warnings.warn(
/home/ystridin/virtualenv/aronno/3.10/lib/python3.10/site-packages/django/db/models/fields/__init__.py:1665: RuntimeWarning: DateTimeField Ad.start_date received a naive datetime (2024-10-22 00:53:41.209020) while time zone support is active.
  warnings.warn(
Not Found: /category/humanity/
/home/ystridin/virtualenv/aronno/3.10/lib/python3.10/site-packages/django/db/models/fields/__init__.py:1665: RuntimeWarning: DateTimeField Ad.end_date received a naive datetime (2024-10-22 00:53:43.841620) while time zone support is active.
  warnings.warn(
/home/ystridin/virtualenv/aronno/3.10/lib/python3.10/site-packages/django/db/models/fields/__init__.py:1665: RuntimeWarning: DateTimeField Ad.start_date received a naive datetime (2024-10-22 00:53:43.841620) while time zone support is active.
  warnings.warn(
Not Found: /category/literature_culture/
/home/ystridin/virtualenv/aronno/3.10/lib/python3.10/site-packages/django/db/models/fields/__init__.py:1665: RuntimeWarning: DateTimeField Ad.end_date received a naive datetime (2024-10-22 00:55:07.254536) while time zone support is active.
  warnings.warn(
/home/ystridin/virtualenv/aronno/3.10/lib/python3.10/site-packages/django/db/models/fields/__init__.py:1665: RuntimeWarning: DateTimeField Ad.start_date received a naive datetime (2024-10-22 00:55:07.254536) while time zone support is active.
  warnings.warn(
Popup Ad Object: Popup Ad - https://teccmark.com/
Ad Object: Popup Ad - https://teccmark.com/
Not Found: /robots.txt
Not Found: /media/news_images/bgb-adviser-20240907155614_JW8V1gA.jpg
Not Found: /category/trade/
Not Found: /robots.txt
/home/ystridin/virtualenv/aronno/3.10/lib/python3.10/site-packages/django/db/models/fields/__init__.py:1665: RuntimeWarning: DateTimeField Ad.end_date received a naive datetime (2024-10-22 02:16:48.226677) while time zone support is active.
  warnings.warn(
/home/ystridin/virtualenv/aronno/3.10/lib/python3.10/site-packages/django/db/models/fields/__init__.py:1665: RuntimeWarning: DateTimeField Ad.start_date received a naive datetime (2024-10-22 02:16:48.226677) while time zone support is active.
  warnings.warn(
/home/ystridin/virtualenv/aronno/3.10/lib/python3.10/site-packages/django/db/models/fields/__init__.py:1665: RuntimeWarning: DateTimeField Ad.end_date received a naive datetime (2024-10-22 03:10:11.651852) while time zone support is active.
  warnings.warn(
/home/ystridin/virtualenv/aronno/3.10/lib/python3.10/site-packages/django/db/models/fields/__init__.py:1665: RuntimeWarning: DateTimeField Ad.start_date received a naive datetime (2024-10-22 03:10:11.651852) while time zone support is active.
  warnings.warn(
Not Found: /media/news_images/main-13.jpg
Popup Ad Object: Popup Ad - https://teccmark.com/
Ad Object: Popup Ad - https://teccmark.com/
Not Found: /static/vendor/bootstrap/js/bootstrap.bundle.min.js
Popup Ad Object: Popup Ad - https://teccmark.com/
Ad Object: Popup Ad - https://teccmark.com/
Not Found: /category/travel/
/home/ystridin/virtualenv/aronno/3.10/lib/python3.10/site-packages/django/db/models/fields/__init__.py:1665: RuntimeWarning: DateTimeField Ad.end_date received a naive datetime (2024-10-22 04:22:30.484697) while time zone support is active.
  warnings.warn(
/home/ystridin/virtualenv/aronno/3.10/lib/python3.10/site-packages/django/db/models/fields/__init__.py:1665: RuntimeWarning: DateTimeField Ad.start_date received a naive datetime (2024-10-22 04:22:30.484697) while time zone support is active.
  warnings.warn(
Popup Ad Object: Popup Ad - https://teccmark.com/
Popup Ad Object: Popup Ad - https://teccmark.com/
Popup Ad Object: Popup Ad - https://teccmark.com/
Not Found: /favicon.ico
Not Found: /static/vendor/bootstrap/js/bootstrap.bundle.min.js
Not Found: /media/img/logo.png
Popup Ad Object: Popup Ad - https://teccmark.com/
Ad Object: Popup Ad - https://teccmark.com/
Not Found: /static/vendor/bootstrap/js/bootstrap.bundle.min.js
Not Found: /media/img/logo.png
Popup Ad Object: Popup Ad - https://teccmark.com/
Ad Object: Popup Ad - https://teccmark.com/
Not Found: /section/law/
Not Found: /section/law/
Not Found: /media/img/logo.png
Not Found: /media/img/logo.png
Not Found: /static/vendor/bootstrap/js/bootstrap.bundle.min.js
Not Found: /static/vendor/bootstrap/js/bootstrap.bundle.min.js
Popup Ad Object: Popup Ad - https://teccmark.com/
Popup Ad Object: Popup Ad - https://teccmark.com/
[UID:1472][693461] Child process with pid: 704335 was killed by signal: 15, core dumped: no
Not Found: /media/img/logo.png
Not Found: /static/vendor/bootstrap/js/bootstrap.bundle.min.js
Not Found: /static/vendor/bootstrap/js/bootstrap.bundle.min.js
Not Found: /media/img/logo.png
Not Found: /media/img/logo.png
Not Found: /media/img/logo.png
Not Found: /static/vendor/bootstrap/js/bootstrap.bundle.min.js
Not Found: /robots.txt
Not Found: /static/vendor/bootstrap/js/bootstrap.bundle.min.js
Not Found: /media/img/logo.png
Popup Ad Object: Popup Ad - https://teccmark.com/
Popup Ad Object: Popup Ad - https://teccmark.com/
Popup Ad Object: Popup Ad - https://teccmark.com/
Ad Object: Popup Ad - https://teccmark.com/
Popup Ad Object: Popup Ad - https://teccmark.com/
Ad Object: Popup Ad - https://teccmark.com/
[UID:1472][693461] Child process with pid: 723616 was killed by signal: 15, core dumped: no
Internal Server Error: /admin/home/newslist/add/
Traceback (most recent call last):
  File "/home/ystridin/virtualenv/aronno/3.10/lib/python3.10/site-packages/django/db/backends/utils.py", line 105, in _execute
    return self.cursor.execute(sql, params)
  File "/home/ystridin/virtualenv/aronno/3.10/lib/python3.10/site-packages/django/db/backends/sqlite3/base.py", line 354, in execute
    return super().execute(query, params)
sqlite3.OperationalError: database is locked

The above exception was the direct cause of the following exception:

Traceback (most recent call last):
  File "/home/ystridin/virtualenv/aronno/3.10/lib/python3.10/site-packages/django/core/handlers/exception.py", line 55, in inner
    response = get_response(request)
  File "/home/ystridin/virtualenv/aronno/3.10/lib/python3.10/site-packages/django/core/handlers/base.py", line 197, in _get_response
    response = wrapped_callback(request, *callback_args, **callback_kwargs)
  File "/home/ystridin/virtualenv/aronno/3.10/lib/python3.10/site-packages/django/contrib/admin/options.py", line 718, in wrapper
    return self.admin_site.admin_view(view)(*args, **kwargs)
  File "/home/ystridin/virtualenv/aronno/3.10/lib/python3.10/site-packages/django/utils/decorators.py", line 188, in _view_wrapper
    result = _process_exception(request, e)
  File "/home/ystridin/virtualenv/aronno/3.10/lib/python3.10/site-packages/django/utils/decorators.py", line 186, in _view_wrapper
    response = view_func(request, *args, **kwargs)
  File "/home/ystridin/virtualenv/aronno/3.10/lib/python3.10/site-packages/django/views/decorators/cache.py", line 80, in _view_wrapper
    response = view_func(request, *args, **kwargs)
  File "/home/ystridin/virtualenv/aronno/3.10/lib/python3.10/site-packages/django/contrib/admin/sites.py", line 241, in inner
    return view(request, *args, **kwargs)
  File "/home/ystridin/virtualenv/aronno/3.10/lib/python3.10/site-packages/django/contrib/admin/options.py", line 1961, in add_view
    return self.changeform_view(request, None, form_url, extra_context)
  File "/home/ystridin/virtualenv/aronno/3.10/lib/python3.10/site-packages/django/utils/decorators.py", line 48, in _wrapper
    return bound_method(*args, **kwargs)
  File "/home/ystridin/virtualenv/aronno/3.10/lib/python3.10/site-packages/django/utils/decorators.py", line 188, in _view_wrapper
    result = _process_exception(request, e)
  File "/home/ystridin/virtualenv/aronno/3.10/lib/python3.10/site-packages/django/utils/decorators.py", line 186, in _view_wrapper
    response = view_func(request, *args, **kwargs)
  File "/home/ystridin/virtualenv/aronno/3.10/lib/python3.10/site-packages/django/contrib/admin/options.py", line 1820, in changeform_view
    return self._changeform_view(request, object_id, form_url, extra_context)
  File "/home/ystridin/virtualenv/aronno/3.10/lib/python3.10/site-packages/django/contrib/admin/options.py", line 1871, in _changeform_view
    self.save_model(request, new_object, form, not add)
  File "/home/ystridin/virtualenv/aronno/3.10/lib/python3.10/site-packages/django/contrib/admin/options.py", line 1294, in save_model
    obj.save()
  File "/home/ystridin/aronno/home/models.py", line 327, in save
    super().save(*args, **kwargs)
  File "/home/ystridin/virtualenv/aronno/3.10/lib/python3.10/site-packages/django/db/models/base.py", line 891, in save
    self.save_base(
  File "/home/ystridin/virtualenv/aronno/3.10/lib/python3.10/site-packages/django/db/models/base.py", line 997, in save_base
    updated = self._save_table(
  File "/home/ystridin/virtualenv/aronno/3.10/lib/python3.10/site-packages/django/db/models/base.py", line 1160, in _save_table
    results = self._do_insert(
  File "/home/ystridin/virtualenv/aronno/3.10/lib/python3.10/site-packages/django/db/models/base.py", line 1201, in _do_insert
    return manager._insert(
  File "/home/ystridin/virtualenv/aronno/3.10/lib/python3.10/site-packages/django/db/models/manager.py", line 87, in manager_method
    return getattr(self.get_queryset(), name)(*args, **kwargs)
  File "/home/ystridin/virtualenv/aronno/3.10/lib/python3.10/site-packages/django/db/models/query.py", line 1847, in _insert
    return query.get_compiler(using=using).execute_sql(returning_fields)
  File "/home/ystridin/virtualenv/aronno/3.10/lib/python3.10/site-packages/django/db/models/sql/compiler.py", line 1836, in execute_sql
    cursor.execute(sql, params)
  File "/home/ystridin/virtualenv/aronno/3.10/lib/python3.10/site-packages/django/db/backends/utils.py", line 122, in execute
    return super().execute(sql, params)
  File "/home/ystridin/virtualenv/aronno/3.10/lib/python3.10/site-packages/django/db/backends/utils.py", line 79, in execute
    return self._execute_with_wrappers(
  File "/home/ystridin/virtualenv/aronno/3.10/lib/python3.10/site-packages/django/db/backends/utils.py", line 92, in _execute_with_wrappers
    return executor(sql, params, many, context)
  File "/home/ystridin/virtualenv/aronno/3.10/lib/python3.10/site-packages/django/db/backends/utils.py", line 100, in _execute
    with self.db.wrap_database_errors:
  File "/home/ystridin/virtualenv/aronno/3.10/lib/python3.10/site-packages/django/db/utils.py", line 91, in __exit__
    raise dj_exc_value.with_traceback(traceback) from exc_value
  File "/home/ystridin/virtualenv/aronno/3.10/lib/python3.10/site-packages/django/db/backends/utils.py", line 105, in _execute
    return self.cursor.execute(sql, params)
  File "/home/ystridin/virtualenv/aronno/3.10/lib/python3.10/site-packages/django/db/backends/sqlite3/base.py", line 354, in execute
    return super().execute(query, params)
django.db.utils.OperationalError: database is locked
Not Found: /static/vendor/bootstrap/js/bootstrap.bundle.min.js
Not Found: /media/img/logo.png
Popup Ad Object: Popup Ad - https://teccmark.com/
Ad Object: Popup Ad - https://teccmark.com/
Popup Ad Object: Popup Ad - https://teccmark.com/
Ad Object: Popup Ad - https://teccmark.com/
Not Found: /static/vendor/bootstrap/js/bootstrap.bundle.min.js
Not Found: /media/img/logo.png
Not Found: /media/img/logo.png
Popup Ad Object: Popup Ad - https://teccmark.com/
Ad Object: Popup Ad - https://teccmark.com/
Not Found: /media/img/logo.png
Not Found: /static/vendor/bootstrap/js/bootstrap.bundle.min.js
Not Found: /static/vendor/bootstrap/js/bootstrap.bundle.min.js
Not Found: /media/img/logo.png
Not Found: /media/img/logo.png
Not Found: /static/vendor/bootstrap/js/bootstrap.bundle.min.js
Not Found: /media/img/logo.png
Not Found: /static/vendor/bootstrap/js/bootstrap.bundle.min.js
Not Found: /media/img/logo.png
Not Found: /static/vendor/bootstrap/js/bootstrap.bundle.min.js
Not Found: /media/img/logo.png
Not Found: /media/img/logo.png
Not Found: /static/vendor/bootstrap/js/bootstrap.bundle.min.js
Popup Ad Object: Popup Ad - https://teccmark.com/
Popup Ad Object: Popup Ad - https://teccmark.com/
Ad Object: Popup Ad - https://teccmark.com/
Popup Ad Object: Popup Ad - https://teccmark.com/
Ad Object: Popup Ad - https://teccmark.com/
Popup Ad Object: Popup Ad - https://teccmark.com/
Ad Object: Popup Ad - https://teccmark.com/
Not Found: /media/img/logo.png
Not Found: /static/vendor/bootstrap/js/bootstrap.bundle.min.js
Not Found: /media/img/logo.png
Popup Ad Object: Popup Ad - https://teccmark.com/
Ad Object: Popup Ad - https://teccmark.com/
Not Found: /media/news_images/main-17_fUzsQZT.jpg
[UID:1472][1166686] Child process with pid: 1168314 was killed by signal: 15, core dumped: no
[UID:1472][1166686] Child process with pid: 1168231 was killed by signal: 9, core dumped: no
[UID:1472][1166686] Child process with pid: 1168355 was killed by signal: 15, core dumped: no
[UID:1472][1166686] Child process with pid: 1168361 was killed by signal: 15, core dumped: no
Not Found: /media/img/logo.png
Not Found: /static/vendor/bootstrap/js/bootstrap.bundle.min.js
Not Found: /android-icon.png
Not Found: /apple-touch-icon.png
Not Found: /media/img/logo.png
Not Found: /static/vendor/bootstrap/js/bootstrap.bundle.min.js
Not Found: /static/vendor/bootstrap/js/bootstrap.bundle.min.js
Not Found: /news/40/apple-touch-icon.png
Not Found: /news/40/android-icon.png
Popup Ad Object: Popup Ad - https://teccmark.com/
Not Found: /media/img/logo.png
Not Found: /static/vendor/bootstrap/js/bootstrap.bundle.min.js
Not Found: /static/vendor/bootstrap/js/bootstrap.bundle.min.js
Popup Ad Object: Popup Ad - https://teccmark.com/
Not Found: /favicon.ico
Popup Ad Object: Popup Ad - https://teccmark.com/
Ad Object: Popup Ad - https://teccmark.com/
Popup Ad Object: Popup Ad - https://teccmark.com/
Ad Object: Popup Ad - https://teccmark.com/
Not Found: /static/vendor/bootstrap/js/bootstrap.bundle.min.js
Not Found: /media/img/logo.png
Not Found: /media/img/logo.png
Not Found: /media/img/logo.png
Not Found: /media/img/logo.png
Not Found: /static/vendor/bootstrap/js/bootstrap.bundle.min.js
Not Found: /static/vendor/bootstrap/js/bootstrap.bundle.min.js
Not Found: /news/38/android-icon.png
Not Found: /news/38/apple-touch-icon.png
Popup Ad Object: Popup Ad - https://teccmark.com/
Ad Object: Popup Ad - https://teccmark.com/
Popup Ad Object: Popup Ad - https://teccmark.com/
Ad Object: Popup Ad - https://teccmark.com/
Not Found: /media/img/logo.png
Not Found: /static/vendor/bootstrap/js/bootstrap.bundle.min.js
Not Found: /static/vendor/bootstrap/js/bootstrap.bundle.min.js
Not Found: /news/28/android-icon.png
Not Found: /news/28/apple-touch-icon.png
Not Found: /media/img/logo.png
Not Found: /static/vendor/bootstrap/js/bootstrap.bundle.min.js
Not Found: /media/img/logo.png
Not Found: /static/vendor/bootstrap/js/bootstrap.bundle.min.js
Not Found: /static/vendor/bootstrap/js/bootstrap.bundle.min.js
Not Found: /news/35/android-icon.png
Not Found: /news/35/apple-touch-icon.png
Not Found: /media/img/logo.png
Not Found: /static/vendor/bootstrap/js/bootstrap.bundle.min.js
Not Found: /media/img/logo.png
Popup Ad Object: Popup Ad - https://teccmark.com/
Popup Ad Object: Popup Ad - https://teccmark.com/
Popup Ad Object: Popup Ad - https://teccmark.com/
Popup Ad Object: Popup Ad - https://teccmark.com/
Popup Ad Object: Popup Ad - https://teccmark.com/
Ad Object: Popup Ad - https://teccmark.com/
Popup Ad Object: Popup Ad - https://teccmark.com/
Ad Object: Popup Ad - https://teccmark.com/
Popup Ad Object: Popup Ad - https://teccmark.com/
Ad Object: Popup Ad - https://teccmark.com/
/home/ystridin/virtualenv/aronno/3.10/lib/python3.10/site-packages/django/db/models/fields/__init__.py:1665: RuntimeWarning: DateTimeField Ad.end_date received a naive datetime (2024-10-22 07:36:23.396245) while time zone support is active.
  warnings.warn(
/home/ystridin/virtualenv/aronno/3.10/lib/python3.10/site-packages/django/db/models/fields/__init__.py:1665: RuntimeWarning: DateTimeField Ad.start_date received a naive datetime (2024-10-22 07:36:23.396245) while time zone support is active.
  warnings.warn(
/home/ystridin/virtualenv/aronno/3.10/lib/python3.10/site-packages/django/db/models/fields/__init__.py:1665: RuntimeWarning: DateTimeField Ad.end_date received a naive datetime (2024-10-22 07:54:09.764092) while time zone support is active.
  warnings.warn(
/home/ystridin/virtualenv/aronno/3.10/lib/python3.10/site-packages/django/db/models/fields/__init__.py:1665: RuntimeWarning: DateTimeField Ad.start_date received a naive datetime (2024-10-22 07:54:09.764092) while time zone support is active.
  warnings.warn(
/home/ystridin/virtualenv/aronno/3.10/lib/python3.10/site-packages/django/db/models/fields/__init__.py:1665: RuntimeWarning: DateTimeField Ad.end_date received a naive datetime (2024-10-22 07:54:10.914939) while time zone support is active.
  warnings.warn(
/home/ystridin/virtualenv/aronno/3.10/lib/python3.10/site-packages/django/db/models/fields/__init__.py:1665: RuntimeWarning: DateTimeField Ad.start_date received a naive datetime (2024-10-22 07:54:10.914939) while time zone support is active.
  warnings.warn(
Not Found: /category/other_sports/
Not Found: /media/news_images/asif-nazrul-20241021150825.jpg/media/news%5fimages/asif-nazrul-20241021150825.jpg
Not Found: /category/fashion/
Not Found: /category/technology/
Not Found: /category/literature_culture/
/home/ystridin/virtualenv/aronno/3.10/lib/python3.10/site-packages/django/db/models/fields/__init__.py:1665: RuntimeWarning: DateTimeField Ad.end_date received a naive datetime (2024-10-22 07:54:16.022991) while time zone support is active.
  warnings.warn(
/home/ystridin/virtualenv/aronno/3.10/lib/python3.10/site-packages/django/db/models/fields/__init__.py:1665: RuntimeWarning: DateTimeField Ad.start_date received a naive datetime (2024-10-22 07:54:16.022991) while time zone support is active.
  warnings.warn(
/home/ystridin/virtualenv/aronno/3.10/lib/python3.10/site-packages/django/db/models/fields/__init__.py:1665: RuntimeWarning: DateTimeField Ad.end_date received a naive datetime (2024-10-22 07:54:17.256052) while time zone support is active.
  warnings.warn(
/home/ystridin/virtualenv/aronno/3.10/lib/python3.10/site-packages/django/db/models/fields/__init__.py:1665: RuntimeWarning: DateTimeField Ad.start_date received a naive datetime (2024-10-22 07:54:17.256052) while time zone support is active.
  warnings.warn(
Not Found: /section/health/
Popup Ad Object: Popup Ad - https://teccmark.com/
Popup Ad Object: Popup Ad - https://teccmark.com/
Popup Ad Object: Popup Ad - https://teccmark.com/
Not Found: /section/law/
Popup Ad Object: Popup Ad - https://teccmark.com/
Not Found: /section/religion/
Not Found: /section/expatriate/
Not Found: /category/travel/
Popup Ad Object: Popup Ad - https://teccmark.com/
Not Found: /category/religion/
Not Found: /category/humanity/
/home/ystridin/virtualenv/aronno/3.10/lib/python3.10/site-packages/django/db/models/fields/__init__.py:1665: RuntimeWarning: DateTimeField Ad.end_date received a naive datetime (2024-10-22 07:54:24.658922) while time zone support is active.
  warnings.warn(
/home/ystridin/virtualenv/aronno/3.10/lib/python3.10/site-packages/django/db/models/fields/__init__.py:1665: RuntimeWarning: DateTimeField Ad.start_date received a naive datetime (2024-10-22 07:54:24.658922) while time zone support is active.
  warnings.warn(
/home/ystridin/virtualenv/aronno/3.10/lib/python3.10/site-packages/django/db/models/fields/__init__.py:1665: RuntimeWarning: DateTimeField Ad.end_date received a naive datetime (2024-10-22 07:54:25.159273) while time zone support is active.
  warnings.warn(
/home/ystridin/virtualenv/aronno/3.10/lib/python3.10/site-packages/django/db/models/fields/__init__.py:1665: RuntimeWarning: DateTimeField Ad.start_date received a naive datetime (2024-10-22 07:54:25.159273) while time zone support is active.
  warnings.warn(
/home/ystridin/virtualenv/aronno/3.10/lib/python3.10/site-packages/django/db/models/fields/__init__.py:1665: RuntimeWarning: DateTimeField Ad.end_date received a naive datetime (2024-10-22 07:54:25.799166) while time zone support is active.
  warnings.warn(
/home/ystridin/virtualenv/aronno/3.10/lib/python3.10/site-packages/django/db/models/fields/__init__.py:1665: RuntimeWarning: DateTimeField Ad.start_date received a naive datetime (2024-10-22 07:54:25.799166) while time zone support is active.
  warnings.warn(
/home/ystridin/virtualenv/aronno/3.10/lib/python3.10/site-packages/django/db/models/fields/__init__.py:1665: RuntimeWarning: DateTimeField Ad.end_date received a naive datetime (2024-10-22 07:54:26.309197) while time zone support is active.
  warnings.warn(
/home/ystridin/virtualenv/aronno/3.10/lib/python3.10/site-packages/django/db/models/fields/__init__.py:1665: RuntimeWarning: DateTimeField Ad.start_date received a naive datetime (2024-10-22 07:54:26.309197) while time zone support is active.
  warnings.warn(
/home/ystridin/virtualenv/aronno/3.10/lib/python3.10/site-packages/django/db/models/fields/__init__.py:1665: RuntimeWarning: DateTimeField Ad.end_date received a naive datetime (2024-10-22 07:54:26.850444) while time zone support is active.
  warnings.warn(
/home/ystridin/virtualenv/aronno/3.10/lib/python3.10/site-packages/django/db/models/fields/__init__.py:1665: RuntimeWarning: DateTimeField Ad.start_date received a naive datetime (2024-10-22 07:54:26.850444) while time zone support is active.
  warnings.warn(
/home/ystridin/virtualenv/aronno/3.10/lib/python3.10/site-packages/django/db/models/fields/__init__.py:1665: RuntimeWarning: DateTimeField Ad.end_date received a naive datetime (2024-10-22 07:54:27.340444) while time zone support is active.
  warnings.warn(
/home/ystridin/virtualenv/aronno/3.10/lib/python3.10/site-packages/django/db/models/fields/__init__.py:1665: RuntimeWarning: DateTimeField Ad.start_date received a naive datetime (2024-10-22 07:54:27.340444) while time zone support is active.
  warnings.warn(
/home/ystridin/virtualenv/aronno/3.10/lib/python3.10/site-packages/django/db/models/fields/__init__.py:1665: RuntimeWarning: DateTimeField Ad.end_date received a naive datetime (2024-10-22 07:54:28.644615) while time zone support is active.
  warnings.warn(
/home/ystridin/virtualenv/aronno/3.10/lib/python3.10/site-packages/django/db/models/fields/__init__.py:1665: RuntimeWarning: DateTimeField Ad.start_date received a naive datetime (2024-10-22 07:54:28.644615) while time zone support is active.
  warnings.warn(
/home/ystridin/virtualenv/aronno/3.10/lib/python3.10/site-packages/django/db/models/fields/__init__.py:1665: RuntimeWarning: DateTimeField Ad.end_date received a naive datetime (2024-10-22 07:54:29.239629) while time zone support is active.
  warnings.warn(
/home/ystridin/virtualenv/aronno/3.10/lib/python3.10/site-packages/django/db/models/fields/__init__.py:1665: RuntimeWarning: DateTimeField Ad.start_date received a naive datetime (2024-10-22 07:54:29.239629) while time zone support is active.
  warnings.warn(
Popup Ad Object: Popup Ad - https://teccmark.com/
Not Found: /category/jobs/
Not Found: /category/other_sports/
Not Found: /category/fashion/
Not Found: /category/technology/
Not Found: /category/literature_culture/
Not Found: /section/health/
Not Found: /section/law/
Not Found: /section/religion/
Not Found: /section/expatriate/
Popup Ad Object: Popup Ad - https://teccmark.com/
Not Found: /category/travel/
Popup Ad Object: Popup Ad - https://teccmark.com/
Not Found: /category/humanity/
Not Found: /category/jobs/
/home/ystridin/virtualenv/aronno/3.10/lib/python3.10/site-packages/django/db/models/fields/__init__.py:1665: RuntimeWarning: DateTimeField Ad.end_date received a naive datetime (2024-10-22 07:54:42.173233) while time zone support is active.
  warnings.warn(
/home/ystridin/virtualenv/aronno/3.10/lib/python3.10/site-packages/django/db/models/fields/__init__.py:1665: RuntimeWarning: DateTimeField Ad.start_date received a naive datetime (2024-10-22 07:54:42.173233) while time zone support is active.
  warnings.warn(
Popup Ad Object: Popup Ad - https://teccmark.com/
/home/ystridin/virtualenv/aronno/3.10/lib/python3.10/site-packages/django/db/models/fields/__init__.py:1665: RuntimeWarning: DateTimeField Ad.end_date received a naive datetime (2024-10-22 07:54:43.455919) while time zone support is active.
  warnings.warn(
/home/ystridin/virtualenv/aronno/3.10/lib/python3.10/site-packages/django/db/models/fields/__init__.py:1665: RuntimeWarning: DateTimeField Ad.start_date received a naive datetime (2024-10-22 07:54:43.455919) while time zone support is active.
  warnings.warn(
/home/ystridin/virtualenv/aronno/3.10/lib/python3.10/site-packages/django/db/models/fields/__init__.py:1665: RuntimeWarning: DateTimeField Ad.end_date received a naive datetime (2024-10-22 07:54:44.547607) while time zone support is active.
  warnings.warn(
/home/ystridin/virtualenv/aronno/3.10/lib/python3.10/site-packages/django/db/models/fields/__init__.py:1665: RuntimeWarning: DateTimeField Ad.start_date received a naive datetime (2024-10-22 07:54:44.547607) while time zone support is active.
  warnings.warn(
Popup Ad Object: Popup Ad - https://teccmark.com/
Popup Ad Object: Popup Ad - https://teccmark.com/
Popup Ad Object: Popup Ad - https://teccmark.com/
Popup Ad Object: Popup Ad - https://teccmark.com/
Not Found: /category/religion/
Popup Ad Object: Popup Ad - https://teccmark.com/
Popup Ad Object: Popup Ad - https://teccmark.com/
Popup Ad Object: Popup Ad - https://teccmark.com/
Ad Object: Popup Ad - https://teccmark.com/
Popup Ad Object: Popup Ad - https://teccmark.com/
Ad Object: Popup Ad - https://teccmark.com/
Popup Ad Object: Popup Ad - https://teccmark.com/
Popup Ad Object: Popup Ad - https://teccmark.com/
Popup Ad Object: Popup Ad - https://teccmark.com/
/home/ystridin/virtualenv/aronno/3.10/lib/python3.10/site-packages/django/db/models/fields/__init__.py:1665: RuntimeWarning: DateTimeField Ad.end_date received a naive datetime (2024-10-22 07:54:49.782013) while time zone support is active.
  warnings.warn(
/home/ystridin/virtualenv/aronno/3.10/lib/python3.10/site-packages/django/db/models/fields/__init__.py:1665: RuntimeWarning: DateTimeField Ad.start_date received a naive datetime (2024-10-22 07:54:49.782013) while time zone support is active.
  warnings.warn(
/home/ystridin/virtualenv/aronno/3.10/lib/python3.10/site-packages/django/db/models/fields/__init__.py:1665: RuntimeWarning: DateTimeField Ad.end_date received a naive datetime (2024-10-22 07:54:51.025828) while time zone support is active.
  warnings.warn(
/home/ystridin/virtualenv/aronno/3.10/lib/python3.10/site-packages/django/db/models/fields/__init__.py:1665: RuntimeWarning: DateTimeField Ad.start_date received a naive datetime (2024-10-22 07:54:51.025828) while time zone support is active.
  warnings.warn(
/home/ystridin/virtualenv/aronno/3.10/lib/python3.10/site-packages/django/db/models/fields/__init__.py:1665: RuntimeWarning: DateTimeField Ad.end_date received a naive datetime (2024-10-22 07:54:52.111301) while time zone support is active.
  warnings.warn(
/home/ystridin/virtualenv/aronno/3.10/lib/python3.10/site-packages/django/db/models/fields/__init__.py:1665: RuntimeWarning: DateTimeField Ad.start_date received a naive datetime (2024-10-22 07:54:52.111301) while time zone support is active.
  warnings.warn(
Popup Ad Object: Popup Ad - https://teccmark.com/
Popup Ad Object: Popup Ad - https://teccmark.com/
Popup Ad Object: Popup Ad - https://teccmark.com/
Popup Ad Object: Popup Ad - https://teccmark.com/
/home/ystridin/virtualenv/aronno/3.10/lib/python3.10/site-packages/django/db/models/fields/__init__.py:1665: RuntimeWarning: DateTimeField Ad.end_date received a naive datetime (2024-10-22 07:54:53.924182) while time zone support is active.
  warnings.warn(
/home/ystridin/virtualenv/aronno/3.10/lib/python3.10/site-packages/django/db/models/fields/__init__.py:1665: RuntimeWarning: DateTimeField Ad.start_date received a naive datetime (2024-10-22 07:54:53.924182) while time zone support is active.
  warnings.warn(
/home/ystridin/virtualenv/aronno/3.10/lib/python3.10/site-packages/django/db/models/fields/__init__.py:1665: RuntimeWarning: DateTimeField Ad.end_date received a naive datetime (2024-10-22 07:54:55.133159) while time zone support is active.
  warnings.warn(
/home/ystridin/virtualenv/aronno/3.10/lib/python3.10/site-packages/django/db/models/fields/__init__.py:1665: RuntimeWarning: DateTimeField Ad.start_date received a naive datetime (2024-10-22 07:54:55.133159) while time zone support is active.
  warnings.warn(
/home/ystridin/virtualenv/aronno/3.10/lib/python3.10/site-packages/django/db/models/fields/__init__.py:1665: RuntimeWarning: DateTimeField Ad.end_date received a naive datetime (2024-10-22 07:54:55.619390) while time zone support is active.
  warnings.warn(
/home/ystridin/virtualenv/aronno/3.10/lib/python3.10/site-packages/django/db/models/fields/__init__.py:1665: RuntimeWarning: DateTimeField Ad.start_date received a naive datetime (2024-10-22 07:54:55.619390) while time zone support is active.
  warnings.warn(
Popup Ad Object: Popup Ad - https://teccmark.com/
Ad Object: Popup Ad - https://teccmark.com/
/home/ystridin/virtualenv/aronno/3.10/lib/python3.10/site-packages/django/db/models/fields/__init__.py:1665: RuntimeWarning: DateTimeField Ad.end_date received a naive datetime (2024-10-22 07:54:56.089960) while time zone support is active.
  warnings.warn(
/home/ystridin/virtualenv/aronno/3.10/lib/python3.10/site-packages/django/db/models/fields/__init__.py:1665: RuntimeWarning: DateTimeField Ad.start_date received a naive datetime (2024-10-22 07:54:56.089960) while time zone support is active.
  warnings.warn(
/home/ystridin/virtualenv/aronno/3.10/lib/python3.10/site-packages/django/db/models/fields/__init__.py:1665: RuntimeWarning: DateTimeField Ad.end_date received a naive datetime (2024-10-22 07:54:56.723324) while time zone support is active.
  warnings.warn(
/home/ystridin/virtualenv/aronno/3.10/lib/python3.10/site-packages/django/db/models/fields/__init__.py:1665: RuntimeWarning: DateTimeField Ad.start_date received a naive datetime (2024-10-22 07:54:56.723324) while time zone support is active.
  warnings.warn(
Popup Ad Object: Popup Ad - https://teccmark.com/
/home/ystridin/virtualenv/aronno/3.10/lib/python3.10/site-packages/django/db/models/fields/__init__.py:1665: RuntimeWarning: DateTimeField Ad.end_date received a naive datetime (2024-10-22 07:54:57.343131) while time zone support is active.
  warnings.warn(
/home/ystridin/virtualenv/aronno/3.10/lib/python3.10/site-packages/django/db/models/fields/__init__.py:1665: RuntimeWarning: DateTimeField Ad.start_date received a naive datetime (2024-10-22 07:54:57.343131) while time zone support is active.
  warnings.warn(
/home/ystridin/virtualenv/aronno/3.10/lib/python3.10/site-packages/django/db/models/fields/__init__.py:1665: RuntimeWarning: DateTimeField Ad.end_date received a naive datetime (2024-10-22 07:54:58.579428) while time zone support is active.
  warnings.warn(
/home/ystridin/virtualenv/aronno/3.10/lib/python3.10/site-packages/django/db/models/fields/__init__.py:1665: RuntimeWarning: DateTimeField Ad.start_date received a naive datetime (2024-10-22 07:54:58.579428) while time zone support is active.
  warnings.warn(
/home/ystridin/virtualenv/aronno/3.10/lib/python3.10/site-packages/django/db/models/fields/__init__.py:1665: RuntimeWarning: DateTimeField Ad.end_date received a naive datetime (2024-10-22 07:54:59.748506) while time zone support is active.
  warnings.warn(
/home/ystridin/virtualenv/aronno/3.10/lib/python3.10/site-packages/django/db/models/fields/__init__.py:1665: RuntimeWarning: DateTimeField Ad.start_date received a naive datetime (2024-10-22 07:54:59.748506) while time zone support is active.
  warnings.warn(
Not Found: /section/technology/
/home/ystridin/virtualenv/aronno/3.10/lib/python3.10/site-packages/django/db/models/fields/__init__.py:1665: RuntimeWarning: DateTimeField Ad.end_date received a naive datetime (2024-10-22 07:55:02.246239) while time zone support is active.
  warnings.warn(
/home/ystridin/virtualenv/aronno/3.10/lib/python3.10/site-packages/django/db/models/fields/__init__.py:1665: RuntimeWarning: DateTimeField Ad.start_date received a naive datetime (2024-10-22 07:55:02.246239) while time zone support is active.
  warnings.warn(
Popup Ad Object: Popup Ad - https://teccmark.com/
Popup Ad Object: Popup Ad - https://teccmark.com/
Popup Ad Object: Popup Ad - https://teccmark.com/
/home/ystridin/virtualenv/aronno/3.10/lib/python3.10/site-packages/django/db/models/fields/__init__.py:1665: RuntimeWarning: DateTimeField Ad.end_date received a naive datetime (2024-10-22 07:55:02.898515) while time zone support is active.
  warnings.warn(
/home/ystridin/virtualenv/aronno/3.10/lib/python3.10/site-packages/django/db/models/fields/__init__.py:1665: RuntimeWarning: DateTimeField Ad.start_date received a naive datetime (2024-10-22 07:55:02.898515) while time zone support is active.
  warnings.warn(
Popup Ad Object: Popup Ad - https://teccmark.com/
Popup Ad Object: Popup Ad - https://teccmark.com/
Popup Ad Object: Popup Ad - https://teccmark.com/
Popup Ad Object: Popup Ad - https://teccmark.com/
/home/ystridin/virtualenv/aronno/3.10/lib/python3.10/site-packages/django/db/models/fields/__init__.py:1665: RuntimeWarning: DateTimeField Ad.end_date received a naive datetime (2024-10-22 07:55:03.467955) while time zone support is active.
  warnings.warn(
/home/ystridin/virtualenv/aronno/3.10/lib/python3.10/site-packages/django/db/models/fields/__init__.py:1665: RuntimeWarning: DateTimeField Ad.start_date received a naive datetime (2024-10-22 07:55:03.467955) while time zone support is active.
  warnings.warn(
/home/ystridin/virtualenv/aronno/3.10/lib/python3.10/site-packages/django/db/models/fields/__init__.py:1665: RuntimeWarning: DateTimeField Ad.end_date received a naive datetime (2024-10-22 07:55:04.159108) while time zone support is active.
  warnings.warn(
/home/ystridin/virtualenv/aronno/3.10/lib/python3.10/site-packages/django/db/models/fields/__init__.py:1665: RuntimeWarning: DateTimeField Ad.start_date received a naive datetime (2024-10-22 07:55:04.159108) while time zone support is active.
  warnings.warn(
/home/ystridin/virtualenv/aronno/3.10/lib/python3.10/site-packages/django/db/models/fields/__init__.py:1665: RuntimeWarning: DateTimeField Ad.end_date received a naive datetime (2024-10-22 07:55:04.839355) while time zone support is active.
  warnings.warn(
/home/ystridin/virtualenv/aronno/3.10/lib/python3.10/site-packages/django/db/models/fields/__init__.py:1665: RuntimeWarning: DateTimeField Ad.start_date received a naive datetime (2024-10-22 07:55:04.839355) while time zone support is active.
  warnings.warn(
/home/ystridin/virtualenv/aronno/3.10/lib/python3.10/site-packages/django/db/models/fields/__init__.py:1665: RuntimeWarning: DateTimeField Ad.end_date received a naive datetime (2024-10-22 07:55:05.984302) while time zone support is active.
  warnings.warn(
/home/ystridin/virtualenv/aronno/3.10/lib/python3.10/site-packages/django/db/models/fields/__init__.py:1665: RuntimeWarning: DateTimeField Ad.start_date received a naive datetime (2024-10-22 07:55:05.984302) while time zone support is active.
  warnings.warn(
/home/ystridin/virtualenv/aronno/3.10/lib/python3.10/site-packages/django/db/models/fields/__init__.py:1665: RuntimeWarning: DateTimeField Ad.end_date received a naive datetime (2024-10-22 07:55:06.548760) while time zone support is active.
  warnings.warn(
/home/ystridin/virtualenv/aronno/3.10/lib/python3.10/site-packages/django/db/models/fields/__init__.py:1665: RuntimeWarning: DateTimeField Ad.start_date received a naive datetime (2024-10-22 07:55:06.548760) while time zone support is active.
  warnings.warn(
Popup Ad Object: Popup Ad - https://teccmark.com/
/home/ystridin/virtualenv/aronno/3.10/lib/python3.10/site-packages/django/db/models/fields/__init__.py:1665: RuntimeWarning: DateTimeField Ad.end_date received a naive datetime (2024-10-22 07:55:07.804261) while time zone support is active.
  warnings.warn(
/home/ystridin/virtualenv/aronno/3.10/lib/python3.10/site-packages/django/db/models/fields/__init__.py:1665: RuntimeWarning: DateTimeField Ad.start_date received a naive datetime (2024-10-22 07:55:07.804261) while time zone support is active.
  warnings.warn(
Popup Ad Object: Popup Ad - https://teccmark.com/
Popup Ad Object: Popup Ad - https://teccmark.com/
Not Found: /media/news_images/bgb-adviser-20240907155614_riPH09Z.jpg
/home/ystridin/virtualenv/aronno/3.10/lib/python3.10/site-packages/django/db/models/fields/__init__.py:1665: RuntimeWarning: DateTimeField Ad.end_date received a naive datetime (2024-10-22 08:37:35.999765) while time zone support is active.
  warnings.warn(
/home/ystridin/virtualenv/aronno/3.10/lib/python3.10/site-packages/django/db/models/fields/__init__.py:1665: RuntimeWarning: DateTimeField Ad.start_date received a naive datetime (2024-10-22 08:37:35.999765) while time zone support is active.
  warnings.warn(
Not Found: /robots.txt
Not Found: /media/news_images/main-2.jpg
Popup Ad Object: Popup Ad - https://teccmark.com/
Ad Object: Popup Ad - https://teccmark.com/
Not Found: /media/news_images/main-11_3b9JMCo.jpg
Popup Ad Object: Popup Ad - https://teccmark.com/
Ad Object: Popup Ad - https://teccmark.com/
Not Found: /media/img/logo.png
Not Found: /static/vendor/bootstrap/js/bootstrap.bundle.min.js
Not Found: /cart.json
Popup Ad Object: Popup Ad - https://teccmark.com/
Ad Object: Popup Ad - https://teccmark.com/
/home/ystridin/virtualenv/aronno/3.10/lib/python3.10/site-packages/django/db/models/fields/__init__.py:1665: RuntimeWarning: DateTimeField Ad.end_date received a naive datetime (2024-10-22 13:57:08.071555) while time zone support is active.
  warnings.warn(
/home/ystridin/virtualenv/aronno/3.10/lib/python3.10/site-packages/django/db/models/fields/__init__.py:1665: RuntimeWarning: DateTimeField Ad.start_date received a naive datetime (2024-10-22 13:57:08.071555) while time zone support is active.
  warnings.warn(
Popup Ad Object: Popup Ad - https://teccmark.com/
Ad Object: Popup Ad - https://teccmark.com/
Not Found: /section/religion/
Not Found: /category/other_sports/
/home/ystridin/virtualenv/aronno/3.10/lib/python3.10/site-packages/django/db/models/fields/__init__.py:1665: RuntimeWarning: DateTimeField Ad.end_date received a naive datetime (2024-10-22 15:34:44.040526) while time zone support is active.
  warnings.warn(
/home/ystridin/virtualenv/aronno/3.10/lib/python3.10/site-packages/django/db/models/fields/__init__.py:1665: RuntimeWarning: DateTimeField Ad.start_date received a naive datetime (2024-10-22 15:34:44.040526) while time zone support is active.
  warnings.warn(
/home/ystridin/virtualenv/aronno/3.10/lib/python3.10/site-packages/django/db/models/fields/__init__.py:1665: RuntimeWarning: DateTimeField Ad.end_date received a naive datetime (2024-10-22 15:34:45.401311) while time zone support is active.
  warnings.warn(
/home/ystridin/virtualenv/aronno/3.10/lib/python3.10/site-packages/django/db/models/fields/__init__.py:1665: RuntimeWarning: DateTimeField Ad.start_date received a naive datetime (2024-10-22 15:34:45.401311) while time zone support is active.
  warnings.warn(
[UID:1472][3318084] Child process with pid: 3318751 was killed by signal: 15, core dumped: no
Not Found: /media/img/logo.png
Not Found: /static/vendor/bootstrap/js/bootstrap.bundle.min.js
Not Found: /media/img/logo.png
Not Found: /android-icon.png
Not Found: /apple-touch-icon.png
/home/ystridin/virtualenv/aronno/3.10/lib/python3.10/site-packages/django/db/models/fields/__init__.py:1665: RuntimeWarning: DateTimeField Ad.end_date received a naive datetime (2024-10-22 15:39:17.191371) while time zone support is active.
  warnings.warn(
/home/ystridin/virtualenv/aronno/3.10/lib/python3.10/site-packages/django/db/models/fields/__init__.py:1665: RuntimeWarning: DateTimeField Ad.start_date received a naive datetime (2024-10-22 15:39:17.191371) while time zone support is active.
  warnings.warn(
Not Found: /static/vendor/bootstrap/js/bootstrap.bundle.min.js
Not Found: /media/img/logo.png
Not Found: /category/chief_advisor/android-icon.png
Not Found: /category/chief_advisor/apple-touch-icon.png
Not Found: /media/img/logo.png
Not Found: /static/vendor/bootstrap/js/bootstrap.bundle.min.js
Not Found: /media/img/logo.png
Popup Ad Object: Popup Ad - https://teccmark.com/
Not Found: /favicon.ico
Not Found: /media/img/logo.png
Not Found: /static/vendor/bootstrap/js/bootstrap.bundle.min.js
Not Found: /media/img/logo.png
Not Found: /media/img/logo.png
Not Found: /static/vendor/bootstrap/js/bootstrap.bundle.min.js
/home/ystridin/virtualenv/aronno/3.10/lib/python3.10/site-packages/django/db/models/fields/__init__.py:1665: RuntimeWarning: DateTimeField Ad.end_date received a naive datetime (2024-10-22 15:45:48.644006) while time zone support is active.
  warnings.warn(
/home/ystridin/virtualenv/aronno/3.10/lib/python3.10/site-packages/django/db/models/fields/__init__.py:1665: RuntimeWarning: DateTimeField Ad.start_date received a naive datetime (2024-10-22 15:45:48.644006) while time zone support is active.
  warnings.warn(
Not Found: /robots.txt
Not Found: /media/news_images/main-7.jpg
Popup Ad Object: Popup Ad - https://teccmark.com/
Ad Object: Popup Ad - https://teccmark.com/
Popup Ad Object: Popup Ad - https://teccmark.com/
Ad Object: Popup Ad - https://teccmark.com/
Popup Ad Object: Popup Ad - https://teccmark.com/
Ad Object: Popup Ad - https://teccmark.com/
Popup Ad Object: Popup Ad - https://teccmark.com/
Ad Object: Popup Ad - https://teccmark.com/
Popup Ad Object: Popup Ad - https://teccmark.com/
Ad Object: Popup Ad - https://teccmark.com/
Popup Ad Object: Popup Ad - https://teccmark.com/
Ad Object: Popup Ad - https://teccmark.com/
/home/ystridin/virtualenv/aronno/3.10/lib/python3.10/site-packages/django/db/models/fields/__init__.py:1665: RuntimeWarning: DateTimeField Ad.end_date received a naive datetime (2024-10-22 16:47:07.887841) while time zone support is active.
  warnings.warn(
/home/ystridin/virtualenv/aronno/3.10/lib/python3.10/site-packages/django/db/models/fields/__init__.py:1665: RuntimeWarning: DateTimeField Ad.start_date received a naive datetime (2024-10-22 16:47:07.887841) while time zone support is active.
  warnings.warn(
Popup Ad Object: Popup Ad - https://teccmark.com/
Not Found: /media/news_images/main-24.jpg
Popup Ad Object: Popup Ad - https://teccmark.com/
Ad Object: Popup Ad - https://teccmark.com/
Popup Ad Object: Popup Ad - https://teccmark.com/
Ad Object: Popup Ad - https://teccmark.com/
/home/ystridin/virtualenv/aronno/3.10/lib/python3.10/site-packages/django/db/models/fields/__init__.py:1665: RuntimeWarning: DateTimeField Ad.end_date received a naive datetime (2024-10-22 18:47:05.931804) while time zone support is active.
  warnings.warn(
/home/ystridin/virtualenv/aronno/3.10/lib/python3.10/site-packages/django/db/models/fields/__init__.py:1665: RuntimeWarning: DateTimeField Ad.start_date received a naive datetime (2024-10-22 18:47:05.931804) while time zone support is active.
  warnings.warn(
Popup Ad Object: Popup Ad - https://teccmark.com/
Popup Ad Object: Popup Ad - https://teccmark.com/
Popup Ad Object: Popup Ad - https://teccmark.com/
Popup Ad Object: Popup Ad - https://teccmark.com/
Not Found: /.well-known/traffic-advice
/home/ystridin/virtualenv/aronno/3.10/lib/python3.10/site-packages/django/db/models/fields/__init__.py:1665: RuntimeWarning: DateTimeField Ad.end_date received a naive datetime (2024-10-22 18:59:06.220834) while time zone support is active.
  warnings.warn(
/home/ystridin/virtualenv/aronno/3.10/lib/python3.10/site-packages/django/db/models/fields/__init__.py:1665: RuntimeWarning: DateTimeField Ad.end_date received a naive datetime (2024-10-22 18:59:06.220839) while time zone support is active.
  warnings.warn(
/home/ystridin/virtualenv/aronno/3.10/lib/python3.10/site-packages/django/db/models/fields/__init__.py:1665: RuntimeWarning: DateTimeField Ad.start_date received a naive datetime (2024-10-22 18:59:06.220839) while time zone support is active.
  warnings.warn(
/home/ystridin/virtualenv/aronno/3.10/lib/python3.10/site-packages/django/db/models/fields/__init__.py:1665: RuntimeWarning: DateTimeField Ad.start_date received a naive datetime (2024-10-22 18:59:06.220834) while time zone support is active.
  warnings.warn(
[UID:1472][247526] Reached max children process limit: 6, extra: 2, current: 8, busy: 7, please increase LSAPI_CHILDREN.
[UID:1472][247526] Reached max children process limit: 6, extra: 2, current: 8, busy: 8, please increase LSAPI_CHILDREN.
[UID:1472][247526] Reached max children process limit: 6, extra: 2, current: 8, busy: 8, please increase LSAPI_CHILDREN.
[UID:1472][247526] Reached max children process limit: 6, extra: 2, current: 8, busy: 8, please increase LSAPI_CHILDREN.
[UID:1472][247526] Reached max children process limit: 6, extra: 2, current: 8, busy: 8, please increase LSAPI_CHILDREN.
[UID:1472][247526] Reached max children process limit: 6, extra: 2, current: 8, busy: 8, please increase LSAPI_CHILDREN.
[UID:1472][247526] Reached max children process limit: 6, extra: 2, current: 8, busy: 8, please increase LSAPI_CHILDREN.
[UID:1472][247526] Reached max children process limit: 6, extra: 2, current: 8, busy: 8, please increase LSAPI_CHILDREN.
[UID:1472][247526] Reached max children process limit: 6, extra: 2, current: 8, busy: 8, please increase LSAPI_CHILDREN.
[UID:1472][247526] Reached max children process limit: 6, extra: 2, current: 8, busy: 8, please increase LSAPI_CHILDREN.
Not Found: /static/vendor/bootstrap/js/bootstrap.bundle.min.js
Not Found: /media/img/logo.png
[UID:1472][247526] Reached max children process limit: 6, extra: 2, current: 8, busy: 8, please increase LSAPI_CHILDREN.
[UID:1472][247526] Reached max children process limit: 6, extra: 2, current: 8, busy: 8, please increase LSAPI_CHILDREN.
[UID:1472][247526] Reached max children process limit: 6, extra: 2, current: 8, busy: 8, please increase LSAPI_CHILDREN.
[UID:1472][247526] Reached max children process limit: 6, extra: 2, current: 8, busy: 8, please increase LSAPI_CHILDREN.
[UID:1472][247526] Reached max children process limit: 6, extra: 2, current: 8, busy: 8, please increase LSAPI_CHILDREN.
[UID:1472][247526] Reached max children process limit: 6, extra: 2, current: 8, busy: 8, please increase LSAPI_CHILDREN.
Popup Ad Object: Popup Ad - https://teccmark.com/
Ad Object: Popup Ad - https://teccmark.com/
/home/ystridin/virtualenv/aronno/3.10/lib/python3.10/site-packages/django/db/models/fields/__init__.py:1665: RuntimeWarning: DateTimeField Ad.end_date received a naive datetime (2024-10-22 18:59:25.374065) while time zone support is active.
  warnings.warn(
/home/ystridin/virtualenv/aronno/3.10/lib/python3.10/site-packages/django/db/models/fields/__init__.py:1665: RuntimeWarning: DateTimeField Ad.start_date received a naive datetime (2024-10-22 18:59:25.374065) while time zone support is active.
  warnings.warn(
Not Found: /static/vendor/bootstrap/js/bootstrap.bundle.min.js
Not Found: /media/img/logo.png
/home/ystridin/virtualenv/aronno/3.10/lib/python3.10/site-packages/django/db/models/fields/__init__.py:1665: RuntimeWarning: DateTimeField Ad.end_date received a naive datetime (2024-10-22 18:59:38.712000) while time zone support is active.
  warnings.warn(
/home/ystridin/virtualenv/aronno/3.10/lib/python3.10/site-packages/django/db/models/fields/__init__.py:1665: RuntimeWarning: DateTimeField Ad.start_date received a naive datetime (2024-10-22 18:59:38.712000) while time zone support is active.
  warnings.warn(
Not Found: /media/img/logo.png
Not Found: /static/vendor/bootstrap/js/bootstrap.bundle.min.js
/home/ystridin/virtualenv/aronno/3.10/lib/python3.10/site-packages/django/db/models/fields/__init__.py:1665: RuntimeWarning: DateTimeField Ad.end_date received a naive datetime (2024-10-22 19:00:07.622162) while time zone support is active.
  warnings.warn(
/home/ystridin/virtualenv/aronno/3.10/lib/python3.10/site-packages/django/db/models/fields/__init__.py:1665: RuntimeWarning: DateTimeField Ad.start_date received a naive datetime (2024-10-22 19:00:07.622162) while time zone support is active.
  warnings.warn(
Not Found: /media/img/logo.png
Not Found: /static/vendor/bootstrap/js/bootstrap.bundle.min.js
/home/ystridin/virtualenv/aronno/3.10/lib/python3.10/site-packages/django/db/models/fields/__init__.py:1665: RuntimeWarning: DateTimeField Ad.end_date received a naive datetime (2024-10-22 19:00:08.259361) while time zone support is active.
  warnings.warn(
/home/ystridin/virtualenv/aronno/3.10/lib/python3.10/site-packages/django/db/models/fields/__init__.py:1665: RuntimeWarning: DateTimeField Ad.start_date received a naive datetime (2024-10-22 19:00:08.259361) while time zone support is active.
  warnings.warn(
[UID:1472][247526] Reached max children process limit: 6, extra: 2, current: 8, busy: 8, please increase LSAPI_CHILDREN.
[UID:1472][247526] Reached max children process limit: 6, extra: 2, current: 8, busy: 8, please increase LSAPI_CHILDREN.
[UID:1472][247526] Reached max children process limit: 6, extra: 2, current: 8, busy: 8, please increase LSAPI_CHILDREN.
Not Found: /static/vendor/bootstrap/js/bootstrap.bundle.min.js
[UID:1472][247526] Reached max children process limit: 6, extra: 2, current: 8, busy: 8, please increase LSAPI_CHILDREN.
[UID:1472][247526] Reached max children process limit: 6, extra: 2, current: 8, busy: 8, please increase LSAPI_CHILDREN.
Not Found: /media/img/logo.png
[UID:1472][247526] Reached max children process limit: 6, extra: 2, current: 8, busy: 8, please increase LSAPI_CHILDREN.
[UID:1472][247526] Reached max children process limit: 6, extra: 2, current: 8, busy: 8, please increase LSAPI_CHILDREN.
[UID:1472][247526] Reached max children process limit: 6, extra: 2, current: 8, busy: 8, please increase LSAPI_CHILDREN.
[UID:1472][247526] Reached max children process limit: 6, extra: 2, current: 8, busy: 8, please increase LSAPI_CHILDREN.
[UID:1472][247526] Reached max children process limit: 6, extra: 2, current: 8, busy: 8, please increase LSAPI_CHILDREN.
[UID:1472][247526] Reached max children process limit: 6, extra: 2, current: 8, busy: 8, please increase LSAPI_CHILDREN.
[UID:1472][247526] Reached max children process limit: 6, extra: 2, current: 8, busy: 8, please increase LSAPI_CHILDREN.
[UID:1472][247526] Reached max children process limit: 6, extra: 2, current: 8, busy: 8, please increase LSAPI_CHILDREN.
[UID:1472][247526] Reached max children process limit: 6, extra: 2, current: 8, busy: 8, please increase LSAPI_CHILDREN.
[UID:1472][247526] Reached max children process limit: 6, extra: 2, current: 8, busy: 8, please increase LSAPI_CHILDREN.
[UID:1472][247526] Reached max children process limit: 6, extra: 2, current: 8, busy: 8, please increase LSAPI_CHILDREN.
[UID:1472][247526] Reached max children process limit: 6, extra: 2, current: 8, busy: 8, please increase LSAPI_CHILDREN.
[UID:1472][247526] Reached max children process limit: 6, extra: 2, current: 8, busy: 8, please increase LSAPI_CHILDREN.
[UID:1472][247526] Reached max children process limit: 6, extra: 2, current: 8, busy: 7, please increase LSAPI_CHILDREN.
[UID:1472][247526] Reached max children process limit: 6, extra: 2, current: 8, busy: 8, please increase LSAPI_CHILDREN.
[UID:1472][247526] Reached max children process limit: 6, extra: 2, current: 8, busy: 7, please increase LSAPI_CHILDREN.
[UID:1472][247526] Reached max children process limit: 6, extra: 2, current: 8, busy: 7, please increase LSAPI_CHILDREN.
Not Found: /section/forest/android-icon.png
/home/ystridin/virtualenv/aronno/3.10/lib/python3.10/site-packages/django/db/models/fields/__init__.py:1665: RuntimeWarning: DateTimeField Ad.end_date received a naive datetime (2024-10-22 19:00:40.704274) while time zone support is active.
  warnings.warn(
/home/ystridin/virtualenv/aronno/3.10/lib/python3.10/site-packages/django/db/models/fields/__init__.py:1665: RuntimeWarning: DateTimeField Ad.start_date received a naive datetime (2024-10-22 19:00:40.704274) while time zone support is active.
  warnings.warn(
Not Found: /static/vendor/bootstrap/js/bootstrap.bundle.min.js
/home/ystridin/virtualenv/aronno/3.10/lib/python3.10/site-packages/django/db/models/fields/__init__.py:1665: RuntimeWarning: DateTimeField Ad.end_date received a naive datetime (2024-10-22 19:00:44.828973) while time zone support is active.
  warnings.warn(
/home/ystridin/virtualenv/aronno/3.10/lib/python3.10/site-packages/django/db/models/fields/__init__.py:1665: RuntimeWarning: DateTimeField Ad.start_date received a naive datetime (2024-10-22 19:00:44.828973) while time zone support is active.
  warnings.warn(
Not Found: /static/vendor/bootstrap/js/bootstrap.bundle.min.js
Not Found: /media/img/logo.png
/home/ystridin/virtualenv/aronno/3.10/lib/python3.10/site-packages/django/db/models/fields/__init__.py:1665: RuntimeWarning: DateTimeField Ad.end_date received a naive datetime (2024-10-22 19:00:50.565011) while time zone support is active.
  warnings.warn(
/home/ystridin/virtualenv/aronno/3.10/lib/python3.10/site-packages/django/db/models/fields/__init__.py:1665: RuntimeWarning: DateTimeField Ad.start_date received a naive datetime (2024-10-22 19:00:50.565011) while time zone support is active.
  warnings.warn(
Not Found: /static/vendor/bootstrap/js/bootstrap.bundle.min.js
Not Found: /static/vendor/bootstrap/js/bootstrap.bundle.min.js
Not Found: /media/img/logo.png
Popup Ad Object: Popup Ad - https://teccmark.com/
Ad Object: Popup Ad - https://teccmark.com/
Not Found: /android-icon.png
/home/ystridin/virtualenv/aronno/3.10/lib/python3.10/site-packages/django/db/models/fields/__init__.py:1665: RuntimeWarning: DateTimeField Ad.end_date received a naive datetime (2024-10-22 19:01:21.297384) while time zone support is active.
  warnings.warn(
/home/ystridin/virtualenv/aronno/3.10/lib/python3.10/site-packages/django/db/models/fields/__init__.py:1665: RuntimeWarning: DateTimeField Ad.start_date received a naive datetime (2024-10-22 19:01:21.297384) while time zone support is active.
  warnings.warn(
Not Found: /media/img/logo.png
Not Found: /static/vendor/bootstrap/js/bootstrap.bundle.min.js
Not Found: /section/international/android-icon.png
/home/ystridin/virtualenv/aronno/3.10/lib/python3.10/site-packages/django/db/models/fields/__init__.py:1665: RuntimeWarning: DateTimeField Ad.end_date received a naive datetime (2024-10-22 19:01:25.979700) while time zone support is active.
  warnings.warn(
/home/ystridin/virtualenv/aronno/3.10/lib/python3.10/site-packages/django/db/models/fields/__init__.py:1665: RuntimeWarning: DateTimeField Ad.start_date received a naive datetime (2024-10-22 19:01:25.979700) while time zone support is active.
  warnings.warn(
Not Found: /static/vendor/bootstrap/js/bootstrap.bundle.min.js
Not Found: /category/football/android-icon.png
Not Found: /static/vendor/bootstrap/js/bootstrap.bundle.min.js
Not Found: /media/img/logo.png
Not Found: /media/img/logo.png
Not Found: /media/img/logo.png
Not Found: /static/vendor/bootstrap/js/bootstrap.bundle.min.js
Not Found: /static/vendor/bootstrap/js/bootstrap.bundle.min.js
Not Found: /news/41/android-icon.png
/home/ystridin/virtualenv/aronno/3.10/lib/python3.10/site-packages/django/db/models/fields/__init__.py:1665: RuntimeWarning: DateTimeField Ad.end_date received a naive datetime (2024-10-22 19:01:40.267701) while time zone support is active.
  warnings.warn(
/home/ystridin/virtualenv/aronno/3.10/lib/python3.10/site-packages/django/db/models/fields/__init__.py:1665: RuntimeWarning: DateTimeField Ad.start_date received a naive datetime (2024-10-22 19:01:40.267701) while time zone support is active.
  warnings.warn(
Not Found: /static/vendor/bootstrap/js/bootstrap.bundle.min.js
/home/ystridin/virtualenv/aronno/3.10/lib/python3.10/site-packages/django/db/models/fields/__init__.py:1665: RuntimeWarning: DateTimeField Ad.end_date received a naive datetime (2024-10-22 19:01:41.526021) while time zone support is active.
  warnings.warn(
/home/ystridin/virtualenv/aronno/3.10/lib/python3.10/site-packages/django/db/models/fields/__init__.py:1665: RuntimeWarning: DateTimeField Ad.start_date received a naive datetime (2024-10-22 19:01:41.526021) while time zone support is active.
  warnings.warn(
Not Found: /static/vendor/bootstrap/js/bootstrap.bundle.min.js
Not Found: /media/img/logo.png
Popup Ad Object: Popup Ad - https://teccmark.com/
Ad Object: Popup Ad - https://teccmark.com/
Not Found: /section/forest/android-icon.png
/home/ystridin/virtualenv/aronno/3.10/lib/python3.10/site-packages/django/db/models/fields/__init__.py:1665: RuntimeWarning: DateTimeField Ad.end_date received a naive datetime (2024-10-22 19:01:45.225420) while time zone support is active.
  warnings.warn(
/home/ystridin/virtualenv/aronno/3.10/lib/python3.10/site-packages/django/db/models/fields/__init__.py:1665: RuntimeWarning: DateTimeField Ad.start_date received a naive datetime (2024-10-22 19:01:45.225420) while time zone support is active.
  warnings.warn(
Not Found: /static/vendor/bootstrap/js/bootstrap.bundle.min.js
Not Found: /category/football/android-icon.png
Not Found: /media/img/logo.png
Not Found: /static/vendor/bootstrap/js/bootstrap.bundle.min.js
Not Found: /static/vendor/bootstrap/js/bootstrap.bundle.min.js
Not Found: /news/41/android-icon.png
Not Found: /category/jobs/
Not Found: /favicon.ico
/home/ystridin/virtualenv/aronno/3.10/lib/python3.10/site-packages/django/db/models/fields/__init__.py:1665: RuntimeWarning: DateTimeField Ad.end_date received a naive datetime (2024-10-22 19:02:24.332309) while time zone support is active.
  warnings.warn(
/home/ystridin/virtualenv/aronno/3.10/lib/python3.10/site-packages/django/db/models/fields/__init__.py:1665: RuntimeWarning: DateTimeField Ad.start_date received a naive datetime (2024-10-22 19:02:24.332309) while time zone support is active.
  warnings.warn(
Not Found: /media/img/logo.png
Not Found: /static/vendor/bootstrap/js/bootstrap.bundle.min.js
/home/ystridin/virtualenv/aronno/3.10/lib/python3.10/site-packages/django/db/models/fields/__init__.py:1665: RuntimeWarning: DateTimeField Ad.end_date received a naive datetime (2024-10-22 19:02:24.677951) while time zone support is active.
  warnings.warn(
/home/ystridin/virtualenv/aronno/3.10/lib/python3.10/site-packages/django/db/models/fields/__init__.py:1665: RuntimeWarning: DateTimeField Ad.start_date received a naive datetime (2024-10-22 19:02:24.677951) while time zone support is active.
  warnings.warn(
Not Found: /static/vendor/bootstrap/js/bootstrap.bundle.min.js
/home/ystridin/virtualenv/aronno/3.10/lib/python3.10/site-packages/django/db/models/fields/__init__.py:1665: RuntimeWarning: DateTimeField Ad.end_date received a naive datetime (2024-10-22 19:02:26.201813) while time zone support is active.
  warnings.warn(
/home/ystridin/virtualenv/aronno/3.10/lib/python3.10/site-packages/django/db/models/fields/__init__.py:1665: RuntimeWarning: DateTimeField Ad.start_date received a naive datetime (2024-10-22 19:02:26.201813) while time zone support is active.
  warnings.warn(
Not Found: /static/vendor/bootstrap/js/bootstrap.bundle.min.js
/home/ystridin/virtualenv/aronno/3.10/lib/python3.10/site-packages/django/db/models/fields/__init__.py:1665: RuntimeWarning: DateTimeField Ad.end_date received a naive datetime (2024-10-22 19:02:26.491422) while time zone support is active.
  warnings.warn(
/home/ystridin/virtualenv/aronno/3.10/lib/python3.10/site-packages/django/db/models/fields/__init__.py:1665: RuntimeWarning: DateTimeField Ad.start_date received a naive datetime (2024-10-22 19:02:26.491422) while time zone support is active.
  warnings.warn(
Not Found: /static/vendor/bootstrap/js/bootstrap.bundle.min.js
Not Found: /media/img/logo.png
/home/ystridin/virtualenv/aronno/3.10/lib/python3.10/site-packages/django/db/models/fields/__init__.py:1665: RuntimeWarning: DateTimeField Ad.end_date received a naive datetime (2024-10-22 19:02:28.793515) while time zone support is active.
  warnings.warn(
/home/ystridin/virtualenv/aronno/3.10/lib/python3.10/site-packages/django/db/models/fields/__init__.py:1665: RuntimeWarning: DateTimeField Ad.start_date received a naive datetime (2024-10-22 19:02:28.793515) while time zone support is active.
  warnings.warn(
Not Found: /media/img/logo.png
Not Found: /static/vendor/bootstrap/js/bootstrap.bundle.min.js
Not Found: /category/jobs/
/home/ystridin/virtualenv/aronno/3.10/lib/python3.10/site-packages/django/db/models/fields/__init__.py:1665: RuntimeWarning: DateTimeField Ad.end_date received a naive datetime (2024-10-22 19:02:32.334801) while time zone support is active.
  warnings.warn(
/home/ystridin/virtualenv/aronno/3.10/lib/python3.10/site-packages/django/db/models/fields/__init__.py:1665: RuntimeWarning: DateTimeField Ad.start_date received a naive datetime (2024-10-22 19:02:32.334801) while time zone support is active.
  warnings.warn(
Not Found: /static/vendor/bootstrap/js/bootstrap.bundle.min.js
Not Found: /media/img/logo.png
Not Found: /category/jobs/
Not Found: /favicon.ico
Not Found: /category/jobs/
/home/ystridin/virtualenv/aronno/3.10/lib/python3.10/site-packages/django/db/models/fields/__init__.py:1665: RuntimeWarning: DateTimeField Ad.end_date received a naive datetime (2024-10-22 19:02:38.762132) while time zone support is active.
  warnings.warn(
/home/ystridin/virtualenv/aronno/3.10/lib/python3.10/site-packages/django/db/models/fields/__init__.py:1665: RuntimeWarning: DateTimeField Ad.start_date received a naive datetime (2024-10-22 19:02:38.762132) while time zone support is active.
  warnings.warn(
Not Found: /static/vendor/bootstrap/js/bootstrap.bundle.min.js
Not Found: /media/img/logo.png
Not Found: /section/forest/android-icon.png
Not Found: /category/jobs/
Not Found: /favicon.ico
Not Found: /static/vendor/bootstrap/js/bootstrap.bundle.min.js
Not Found: /media/img/logo.png
Popup Ad Object: Popup Ad - https://teccmark.com/
Popup Ad Object: Popup Ad - https://teccmark.com/
Popup Ad Object: Popup Ad - https://teccmark.com/
Ad Object: Popup Ad - https://teccmark.com/
Not Found: /category/jobs/
/home/ystridin/virtualenv/aronno/3.10/lib/python3.10/site-packages/django/db/models/fields/__init__.py:1665: RuntimeWarning: DateTimeField Ad.end_date received a naive datetime (2024-10-22 19:02:57.179852) while time zone support is active.
  warnings.warn(
/home/ystridin/virtualenv/aronno/3.10/lib/python3.10/site-packages/django/db/models/fields/__init__.py:1665: RuntimeWarning: DateTimeField Ad.start_date received a naive datetime (2024-10-22 19:02:57.179852) while time zone support is active.
  warnings.warn(
Not Found: /media/img/logo.png
Not Found: /static/vendor/bootstrap/js/bootstrap.bundle.min.js
/home/ystridin/virtualenv/aronno/3.10/lib/python3.10/site-packages/django/db/models/fields/__init__.py:1665: RuntimeWarning: DateTimeField Ad.end_date received a naive datetime (2024-10-22 19:03:05.247254) while time zone support is active.
  warnings.warn(
/home/ystridin/virtualenv/aronno/3.10/lib/python3.10/site-packages/django/db/models/fields/__init__.py:1665: RuntimeWarning: DateTimeField Ad.start_date received a naive datetime (2024-10-22 19:03:05.247254) while time zone support is active.
  warnings.warn(
Not Found: /static/vendor/bootstrap/js/bootstrap.bundle.min.js
Not Found: /static/vendor/bootstrap/js/bootstrap.bundle.min.js
Not Found: /media/img/logo.png
Not Found: /media/img/logo.png
/home/ystridin/virtualenv/aronno/3.10/lib/python3.10/site-packages/django/db/models/fields/__init__.py:1665: RuntimeWarning: DateTimeField Ad.end_date received a naive datetime (2024-10-22 19:03:10.334641) while time zone support is active.
  warnings.warn(
/home/ystridin/virtualenv/aronno/3.10/lib/python3.10/site-packages/django/db/models/fields/__init__.py:1665: RuntimeWarning: DateTimeField Ad.start_date received a naive datetime (2024-10-22 19:03:10.334641) while time zone support is active.
  warnings.warn(
Not Found: /static/vendor/bootstrap/js/bootstrap.bundle.min.js
/home/ystridin/virtualenv/aronno/3.10/lib/python3.10/site-packages/django/db/models/fields/__init__.py:1665: RuntimeWarning: DateTimeField Ad.end_date received a naive datetime (2024-10-22 19:03:31.062133) while time zone support is active.
  warnings.warn(
/home/ystridin/virtualenv/aronno/3.10/lib/python3.10/site-packages/django/db/models/fields/__init__.py:1665: RuntimeWarning: DateTimeField Ad.start_date received a naive datetime (2024-10-22 19:03:31.062133) while time zone support is active.
  warnings.warn(
Not Found: /media/img/logo.png
Not Found: /static/vendor/bootstrap/js/bootstrap.bundle.min.js
/home/ystridin/virtualenv/aronno/3.10/lib/python3.10/site-packages/django/db/models/fields/__init__.py:1665: RuntimeWarning: DateTimeField Ad.end_date received a naive datetime (2024-10-22 19:03:54.127938) while time zone support is active.
  warnings.warn(
/home/ystridin/virtualenv/aronno/3.10/lib/python3.10/site-packages/django/db/models/fields/__init__.py:1665: RuntimeWarning: DateTimeField Ad.start_date received a naive datetime (2024-10-22 19:03:54.127938) while time zone support is active.
  warnings.warn(
Not Found: /media/img/logo.png
Not Found: /static/vendor/bootstrap/js/bootstrap.bundle.min.js
/home/ystridin/virtualenv/aronno/3.10/lib/python3.10/site-packages/django/db/models/fields/__init__.py:1665: RuntimeWarning: DateTimeField Ad.end_date received a naive datetime (2024-10-22 19:04:15.567052) while time zone support is active.
  warnings.warn(
/home/ystridin/virtualenv/aronno/3.10/lib/python3.10/site-packages/django/db/models/fields/__init__.py:1665: RuntimeWarning: DateTimeField Ad.start_date received a naive datetime (2024-10-22 19:04:15.567052) while time zone support is active.
  warnings.warn(
Not Found: /static/vendor/bootstrap/js/bootstrap.bundle.min.js
Not Found: /media/img/logo.png
Not Found: /static/vendor/bootstrap/js/bootstrap.bundle.min.js
Not Found: /media/img/logo.png
Not Found: /media/img/logo.png
Not Found: /static/vendor/bootstrap/js/bootstrap.bundle.min.js
Not Found: /media/img/logo.png
Not Found: /static/vendor/bootstrap/js/bootstrap.bundle.min.js
Not Found: /news/33/android-icon.png
Popup Ad Object: Popup Ad - https://teccmark.com/
Ad Object: Popup Ad - https://teccmark.com/
Popup Ad Object: Popup Ad - https://teccmark.com/
Ad Object: Popup Ad - https://teccmark.com/
Popup Ad Object: Popup Ad - https://teccmark.com/
/home/ystridin/virtualenv/aronno/3.10/lib/python3.10/site-packages/django/db/models/fields/__init__.py:1665: RuntimeWarning: DateTimeField Ad.end_date received a naive datetime (2024-10-22 19:24:24.884346) while time zone support is active.
  warnings.warn(
/home/ystridin/virtualenv/aronno/3.10/lib/python3.10/site-packages/django/db/models/fields/__init__.py:1665: RuntimeWarning: DateTimeField Ad.start_date received a naive datetime (2024-10-22 19:24:24.884346) while time zone support is active.
  warnings.warn(
Not Found: /media/news_images/main-21.jpg
Not Found: /android-icon.png
Not Found: /apple-touch-icon.png
Not Found: /robots.txt
Not Found: /wp-login.php
Popup Ad Object: Popup Ad - https://teccmark.com/
Ad Object: Popup Ad - https://teccmark.com/
Not Found: /media/news_images/main-16.jpg
Not Found: /media/news_images/main-9.jpg
Not Found: /robots.txt
/home/ystridin/virtualenv/aronno/3.10/lib/python3.10/site-packages/django/db/models/fields/__init__.py:1665: RuntimeWarning: DateTimeField Ad.end_date received a naive datetime (2024-10-22 23:19:48.126061) while time zone support is active.
  warnings.warn(
/home/ystridin/virtualenv/aronno/3.10/lib/python3.10/site-packages/django/db/models/fields/__init__.py:1665: RuntimeWarning: DateTimeField Ad.start_date received a naive datetime (2024-10-22 23:19:48.126061) while time zone support is active.
  warnings.warn(
Popup Ad Object: Popup Ad - https://teccmark.com/
Ad Object: Popup Ad - https://teccmark.com/
Popup Ad Object: Popup Ad - https://teccmark.com/
Ad Object: Popup Ad - https://teccmark.com/
Popup Ad Object: Popup Ad - https://teccmark.com/
Ad Object: Popup Ad - https://teccmark.com/
/home/ystridin/virtualenv/aronno/3.10/lib/python3.10/site-packages/django/db/models/fields/__init__.py:1665: RuntimeWarning: DateTimeField Ad.end_date received a naive datetime (2024-10-23 00:43:38.450717) while time zone support is active.
  warnings.warn(
/home/ystridin/virtualenv/aronno/3.10/lib/python3.10/site-packages/django/db/models/fields/__init__.py:1665: RuntimeWarning: DateTimeField Ad.start_date received a naive datetime (2024-10-23 00:43:38.450717) while time zone support is active.
  warnings.warn(
/home/ystridin/virtualenv/aronno/3.10/lib/python3.10/site-packages/django/db/models/fields/__init__.py:1665: RuntimeWarning: DateTimeField Ad.end_date received a naive datetime (2024-10-23 00:43:42.599564) while time zone support is active.
  warnings.warn(
/home/ystridin/virtualenv/aronno/3.10/lib/python3.10/site-packages/django/db/models/fields/__init__.py:1665: RuntimeWarning: DateTimeField Ad.start_date received a naive datetime (2024-10-23 00:43:42.599564) while time zone support is active.
  warnings.warn(
Not Found: /section/religion/
Popup Ad Object: Popup Ad - https://teccmark.com/
Popup Ad Object: Popup Ad - https://teccmark.com/
Ad Object: Popup Ad - https://teccmark.com/
/home/ystridin/virtualenv/aronno/3.10/lib/python3.10/site-packages/django/db/models/fields/__init__.py:1665: RuntimeWarning: DateTimeField Ad.end_date received a naive datetime (2024-10-23 01:24:15.383822) while time zone support is active.
  warnings.warn(
/home/ystridin/virtualenv/aronno/3.10/lib/python3.10/site-packages/django/db/models/fields/__init__.py:1665: RuntimeWarning: DateTimeField Ad.start_date received a naive datetime (2024-10-23 01:24:15.383822) while time zone support is active.
  warnings.warn(
Not Found: /media/news_images/main-17_Me56dZn.jpg
Popup Ad Object: Popup Ad - https://teccmark.com/
/home/ystridin/virtualenv/aronno/3.10/lib/python3.10/site-packages/django/db/models/fields/__init__.py:1665: RuntimeWarning: DateTimeField Ad.end_date received a naive datetime (2024-10-23 03:03:30.482420) while time zone support is active.
  warnings.warn(
/home/ystridin/virtualenv/aronno/3.10/lib/python3.10/site-packages/django/db/models/fields/__init__.py:1665: RuntimeWarning: DateTimeField Ad.start_date received a naive datetime (2024-10-23 03:03:30.482420) while time zone support is active.
  warnings.warn(
/home/ystridin/virtualenv/aronno/3.10/lib/python3.10/site-packages/django/db/models/fields/__init__.py:1665: RuntimeWarning: DateTimeField Ad.end_date received a naive datetime (2024-10-23 03:12:32.062257) while time zone support is active.
  warnings.warn(
/home/ystridin/virtualenv/aronno/3.10/lib/python3.10/site-packages/django/db/models/fields/__init__.py:1665: RuntimeWarning: DateTimeField Ad.start_date received a naive datetime (2024-10-23 03:12:32.062257) while time zone support is active.
  warnings.warn(
Not Found: /favicon.ico
Popup Ad Object: Popup Ad - https://teccmark.com/
Ad Object: Popup Ad - https://teccmark.com/
/home/ystridin/virtualenv/aronno/3.10/lib/python3.10/site-packages/django/db/models/fields/__init__.py:1665: RuntimeWarning: DateTimeField Ad.end_date received a naive datetime (2024-10-23 03:26:43.688764) while time zone support is active.
  warnings.warn(
/home/ystridin/virtualenv/aronno/3.10/lib/python3.10/site-packages/django/db/models/fields/__init__.py:1665: RuntimeWarning: DateTimeField Ad.start_date received a naive datetime (2024-10-23 03:26:43.688764) while time zone support is active.
  warnings.warn(
/home/ystridin/virtualenv/aronno/3.10/lib/python3.10/site-packages/django/db/models/fields/__init__.py:1665: RuntimeWarning: DateTimeField Ad.end_date received a naive datetime (2024-10-23 03:31:18.377320) while time zone support is active.
  warnings.warn(
/home/ystridin/virtualenv/aronno/3.10/lib/python3.10/site-packages/django/db/models/fields/__init__.py:1665: RuntimeWarning: DateTimeField Ad.start_date received a naive datetime (2024-10-23 03:31:18.377320) while time zone support is active.
  warnings.warn(
Not Found: /category/humanity/
Popup Ad Object: Popup Ad - https://teccmark.com/
Ad Object: Popup Ad - https://teccmark.com/
Popup Ad Object: Popup Ad - https://teccmark.com/
Popup Ad Object: Popup Ad - https://teccmark.com/
Not Found: /static/vendor/bootstrap/js/bootstrap.bundle.min.js
Popup Ad Object: Popup Ad - https://teccmark.com/
Ad Object: Popup Ad - https://teccmark.com/
Not Found: /favicon.ico
Not Found: /static/vendor/bootstrap/js/bootstrap.bundle.min.js
Not Found: /media/img/logo.png
Popup Ad Object: Popup Ad - https://teccmark.com/
Ad Object: Popup Ad - https://teccmark.com/
Not Found: /static/vendor/bootstrap/js/bootstrap.bundle.min.js
Not Found: /media/img/logo.png
Not Found: /media/img/logo.png
Not Found: /media/img/logo.png
Not Found: /static/vendor/bootstrap/js/bootstrap.bundle.min.js
Not Found: /media/img/logo.png
Not Found: /media/img/logo.png
Popup Ad Object: Popup Ad - https://teccmark.com/
Ad Object: Popup Ad - https://teccmark.com/
Popup Ad Object: Popup Ad - https://teccmark.com/
Ad Object: Popup Ad - https://teccmark.com/
Not Found: /static/vendor/bootstrap/js/bootstrap.bundle.min.js
Not Found: /media/img/logo.png
Not Found: /media/img/logo.png
Not Found: /media/img/logo.png
Not Found: /static/vendor/bootstrap/js/bootstrap.bundle.min.js
Not Found: /media/img/logo.png
Not Found: /media/img/logo.png
Not Found: /media/img/logo.png
Popup Ad Object: Popup Ad - https://teccmark.com/
Ad Object: Popup Ad - https://teccmark.com/
Not Found: /favicon.ico
Not Found: /media/img/logo.png
Popup Ad Object: Popup Ad - https://teccmark.com/
Ad Object: Popup Ad - https://teccmark.com/
Not Found: /static/vendor/bootstrap/js/bootstrap.bundle.min.js
Not Found: /apple-touch-icon.png
Not Found: /android-icon.png
Popup Ad Object: Popup Ad - https://teccmark.com/
Ad Object: Popup Ad - https://teccmark.com/
Not Found: /static/vendor/bootstrap/js/bootstrap.bundle.min.js
Not Found: /media/img/logo.png
Not Found: /static/vendor/bootstrap/js/bootstrap.bundle.min.js
Not Found: /media/img/logo.png
Not Found: /media/img/logo.png
Not Found: /media/img/logo.png
Not Found: /robots.txt
Not Found: /static/vendor/bootstrap/js/bootstrap.bundle.min.js
Not Found: /media/img/logo.png
Not Found: /media/img/logo.png
Popup Ad Object: Popup Ad - https://teccmark.com/
Ad Object: Popup Ad - https://teccmark.com/
Popup Ad Object: Popup Ad - https://teccmark.com/
Ad Object: Popup Ad - https://teccmark.com/
Not Found: /media/img/logo.png
Not Found: /static/vendor/bootstrap/js/bootstrap.bundle.min.js
Not Found: /media/img/logo.png
Not Found: /media/img/logo.png
Popup Ad Object: Popup Ad - https://teccmark.com/
Ad Object: Popup Ad - https://teccmark.com/
Not Found: /media/img/logo.png
Not Found: /static/vendor/bootstrap/js/bootstrap.bundle.min.js
Not Found: /media/img/logo.png
Not Found: /media/img/logo.png
Popup Ad Object: Popup Ad - https://teccmark.com/
Ad Object: Popup Ad - https://teccmark.com/
Not Found: /android-icon.png
Not Found: /apple-touch-icon.png
Not Found: /static/vendor/bootstrap/js/bootstrap.bundle.min.js
Not Found: /media/img/logo.png
Popup Ad Object: Popup Ad - https://teccmark.com/
Ad Object: Popup Ad - https://teccmark.com/
Internal Server Error: /admin/home/newslist/add/
Traceback (most recent call last):
  File "/home/ystridin/virtualenv/aronno/3.10/lib/python3.10/site-packages/django/core/handlers/exception.py", line 55, in inner
    response = get_response(request)
  File "/home/ystridin/virtualenv/aronno/3.10/lib/python3.10/site-packages/django/core/handlers/base.py", line 185, in _get_response
    response = middleware_method(
  File "/home/ystridin/virtualenv/aronno/3.10/lib/python3.10/site-packages/django/middleware/csrf.py", line 465, in process_view
    self._check_token(request)
  File "/home/ystridin/virtualenv/aronno/3.10/lib/python3.10/site-packages/django/middleware/csrf.py", line 368, in _check_token
    request_csrf_token = request.POST.get("csrfmiddlewaretoken", "")
  File "/home/ystridin/virtualenv/aronno/3.10/lib/python3.10/site-packages/django/core/handlers/wsgi.py", line 93, in _get_post
    self._load_post_and_files()
  File "/home/ystridin/virtualenv/aronno/3.10/lib/python3.10/site-packages/django/http/request.py", line 374, in _load_post_and_files
    self._post, self._files = self.parse_file_upload(self.META, data)
  File "/home/ystridin/virtualenv/aronno/3.10/lib/python3.10/site-packages/django/http/request.py", line 322, in parse_file_upload
    return parser.parse()
  File "/home/ystridin/virtualenv/aronno/3.10/lib/python3.10/site-packages/django/http/multipartparser.py", line 125, in parse
    return self._parse()
  File "/home/ystridin/virtualenv/aronno/3.10/lib/python3.10/site-packages/django/http/multipartparser.py", line 301, in _parse
    for chunk in field_stream:
  File "/home/ystridin/virtualenv/aronno/3.10/lib/python3.10/site-packages/django/http/multipartparser.py", line 480, in __next__
    output = next(self._producer)
  File "/home/ystridin/virtualenv/aronno/3.10/lib/python3.10/site-packages/django/http/multipartparser.py", line 617, in __next__
    for bytes in stream:
  File "/home/ystridin/virtualenv/aronno/3.10/lib/python3.10/site-packages/django/http/multipartparser.py", line 480, in __next__
    output = next(self._producer)
  File "/home/ystridin/virtualenv/aronno/3.10/lib/python3.10/site-packages/django/http/multipartparser.py", line 547, in __next__
    data = self.flo.read(self.chunk_size)
  File "/home/ystridin/virtualenv/aronno/3.10/lib/python3.10/site-packages/django/http/request.py", line 415, in read
    return self._stream.read(*args, **kwargs)
  File "/home/ystridin/virtualenv/aronno/3.10/lib/python3.10/site-packages/django/core/handlers/wsgi.py", line 38, in read
    data = self._read(size)
SystemError: <built-in method read of lsapi_wsgi.InputStream object at 0x7f8b2cfd0250> returned NULL without setting an exception
Not Found: /static/vendor/bootstrap/js/bootstrap.bundle.min.js
Not Found: /media/img/logo.png
Not Found: /media/img/logo.png
Not Found: /media/img/logo.png
Not Found: /media/img/logo.png
Popup Ad Object: Popup Ad - https://teccmark.com/
Ad Object: Popup Ad - https://teccmark.com/
Not Found: /media/img/logo.png
Not Found: /static/vendor/bootstrap/js/bootstrap.bundle.min.js
Not Found: /media/img/logo.png
Popup Ad Object: Popup Ad - https://teccmark.com/
Ad Object: Popup Ad - https://teccmark.com/
Not Found: /media/img/logo.png
Not Found: /media/img/logo.png
Not Found: /media/img/logo.png
Not Found: /media/img/logo.png
Not Found: /static/vendor/bootstrap/js/bootstrap.bundle.min.js
Popup Ad Object: Popup Ad - https://teccmark.com/
Ad Object: Popup Ad - https://teccmark.com/
Popup Ad Object: Popup Ad - https://teccmark.com/
Not Found: /media/img/logo.png
Not Found: /static/vendor/bootstrap/js/bootstrap.bundle.min.js
Not Found: /media/img/logo.png
Not Found: /android-icon.png
Not Found: /apple-touch-icon.png
Popup Ad Object: Popup Ad - https://teccmark.com/
Ad Object: Popup Ad - https://teccmark.com/
Not Found: /robots.txt
Not Found: /media/news_images/main-18.jpg
Not Found: /media/gallery/main-4.jpg
Not Found: /media/news_images/main-17_3vS22li.jpg
Not Found: /favicon.ico
Not Found: /static/vendor/bootstrap/js/bootstrap.bundle.min.js
[UID:1472][3382703] Reached max children process limit: 6, extra: 2, current: 8, busy: 7, please increase LSAPI_CHILDREN.
[UID:1472][3382703] Reached max children process limit: 6, extra: 2, current: 8, busy: 8, please increase LSAPI_CHILDREN.
[UID:1472][3382703] Reached max children process limit: 6, extra: 2, current: 8, busy: 8, please increase LSAPI_CHILDREN.
[UID:1472][3382703] Reached max children process limit: 6, extra: 2, current: 8, busy: 8, please increase LSAPI_CHILDREN.
[UID:1472][3382703] Reached max children process limit: 6, extra: 2, current: 8, busy: 8, please increase LSAPI_CHILDREN.
[UID:1472][3382703] Reached max children process limit: 6, extra: 2, current: 8, busy: 8, please increase LSAPI_CHILDREN.
[UID:1472][3382703] Reached max children process limit: 6, extra: 2, current: 8, busy: 8, please increase LSAPI_CHILDREN.
Not Found: /media/img/logo.png
[UID:1472][3382703] Reached max children process limit: 6, extra: 2, current: 8, busy: 8, please increase LSAPI_CHILDREN.
[UID:1472][3382703] Reached max children process limit: 6, extra: 2, current: 8, busy: 8, please increase LSAPI_CHILDREN.
[UID:1472][3382703] Reached max children process limit: 6, extra: 2, current: 8, busy: 8, please increase LSAPI_CHILDREN.
Popup Ad Object: Popup Ad - https://teccmark.com/
Ad Object: Popup Ad - https://teccmark.com/
Popup Ad Object: Popup Ad - https://teccmark.com/
Ad Object: Popup Ad - https://teccmark.com/
Popup Ad Object: Popup Ad - https://teccmark.com/
Ad Object: Popup Ad - https://teccmark.com/
[UID:1472][3382703] Reached max children process limit: 6, extra: 2, current: 8, busy: 8, please increase LSAPI_CHILDREN.
[UID:1472][3382703] Reached max children process limit: 6, extra: 2, current: 8, busy: 7, please increase LSAPI_CHILDREN.
Popup Ad Object: Popup Ad - https://teccmark.com/
Ad Object: Popup Ad - https://teccmark.com/
Popup Ad Object: Popup Ad - https://teccmark.com/
Ad Object: Popup Ad - https://teccmark.com/
Popup Ad Object: Popup Ad - https://teccmark.com/
Ad Object: Popup Ad - https://teccmark.com/
Popup Ad Object: Popup Ad - https://teccmark.com/
Ad Object: Popup Ad - https://teccmark.com/
Popup Ad Object: Popup Ad - https://teccmark.com/
Not Found: /static/vendor/bootstrap/js/bootstrap.bundle.min.js
Not Found: /media/img/logo.png
Not Found: /media/img/logo.png
Not Found: /media/img/logo.png
Not Found: /media/img/logo.png
Popup Ad Object: Popup Ad - https://teccmark.com/
Ad Object: Popup Ad - https://teccmark.com/
Popup Ad Object: Popup Ad - https://teccmark.com/
Ad Object: Popup Ad - https://teccmark.com/
Popup Ad Object: Popup Ad - https://teccmark.com/
Ad Object: Popup Ad - https://teccmark.com/
[UID:1472][3550899] Not Found: /static/vendor/bootstrap/js/bootstrap.bundle.min.js
Reached max children process limit: 6, extra: 2, current: 8, busy: 7, please increase LSAPI_CHILDREN.
[UID:1472][3550899] Reached max children process limit: 6, extra: 2, current: 8, busy: 8, please increase LSAPI_CHILDREN.
[UID:1472][3550899] Reached max children process limit: 6, extra: 2, current: 8, busy: 8, please increase LSAPI_CHILDREN.
[UID:1472][3550899] Reached max children process limit: 6, extra: 2, current: 8, busy: 8, please increase LSAPI_CHILDREN.
[UID:1472][3550899] Reached max children process limit: 6, extra: 2, current: 8, busy: 8, please increase LSAPI_CHILDREN.
[UID:1472][3550899] Reached max children process limit: 6, extra: 2, current: 8, busy: 8, please increase LSAPI_CHILDREN.
[UID:1472][3550899] Reached max children process limit: 6, extra: 2, current: 8, busy: 8, please increase LSAPI_CHILDREN.
[UID:1472][3550899] Reached max children process limit: 6, extra: 2, current: 8, busy: 8, please increase LSAPI_CHILDREN.
[UID:1472][3550899] Reached max children process limit: 6, extra: 2, current: 8, busy: 8, please increase LSAPI_CHILDREN.
[UID:1472][3550899] Reached max children process limit: 6, extra: 2, current: 8, busy: 8, please increase LSAPI_CHILDREN.
[UID:1472][3550899] Reached max children process limit: 6, extra: 2, current: 8, busy: 8, please increase LSAPI_CHILDREN.
[UID:1472][3550899] Reached max children process limit: 6, extra: 2, current: 8, busy: 8, please increase LSAPI_CHILDREN.
[UID:1472][3550899] Reached max children process limit: 6, extra: 2, current: 8, busy: 8, please increase LSAPI_CHILDREN.
[UID:1472][3550899] Reached max children process limit: 6, extra: 2, current: 8, busy: 8, please increase LSAPI_CHILDREN.
Popup Ad Object: Popup Ad - https://teccmark.com/
Ad Object: Popup Ad - https://teccmark.com/
Popup Ad Object: Popup Ad - https://teccmark.com/
Ad Object: Popup Ad - https://teccmark.com/
[UID:1472][3550899] Reached max children process limit: 6, extra: 2, current: 8, busy: 8, please increase LSAPI_CHILDREN.
[UID:1472][3550899] Reached max children process limit: 6, extra: 2, current: 8, busy: 7, please increase LSAPI_CHILDREN.
Not Found: /media/img/logo.png
Popup Ad Object: Popup Ad - https://teccmark.com/
Ad Object: Popup Ad - https://teccmark.com/
Popup Ad Object: Popup Ad - https://teccmark.com/
Ad Object: Popup Ad - https://teccmark.com/
Popup Ad Object: Popup Ad - https://teccmark.com/
Ad Object: Popup Ad - https://teccmark.com/
Popup Ad Object: Popup Ad - https://teccmark.com/
Ad Object: Popup Ad - https://teccmark.com/
Popup Ad Object: Popup Ad - https://teccmark.com/
Ad Object: Popup Ad - https://teccmark.com/
Not Found: /media/img/logo.png
Not Found: /static/vendor/bootstrap/js/bootstrap.bundle.min.js
Not Found: /static/vendor/bootstrap/js/bootstrap.bundle.min.js
Popup Ad Object: Popup Ad - https://teccmark.com/
Ad Object: Popup Ad - https://teccmark.com/
Popup Ad Object: Popup Ad - https://teccmark.com/
Popup Ad Object: Popup Ad - https://teccmark.com/
Ad Object: Popup Ad - https://teccmark.com/
Popup Ad Object: Popup Ad - https://teccmark.com/
Ad Object: Popup Ad - https://teccmark.com/
Popup Ad Object: Popup Ad - https://teccmark.com/
Ad Object: Popup Ad - https://teccmark.com/
Popup Ad Object: Popup Ad - https://teccmark.com/
Popup Ad Object: Popup Ad - https://teccmark.com/
Popup Ad Object: Popup Ad - https://teccmark.com/
Popup Ad Object: Popup Ad - https://teccmark.com/
Ad Object: Popup Ad - https://teccmark.com/
Popup Ad Object: Popup Ad - https://teccmark.com/
Ad Object: Popup Ad - https://teccmark.com/
Popup Ad Object: Popup Ad - https://teccmark.com/
Popup Ad Object: Popup Ad - https://teccmark.com/
Popup Ad Object: Popup Ad - https://teccmark.com/
Ad Object: Popup Ad - https://teccmark.com/
Popup Ad Object: Popup Ad - https://teccmark.com/
Ad Object: Popup Ad - https://teccmark.com/
Popup Ad Object: Popup Ad - https://teccmark.com/
Ad Object: Popup Ad - https://teccmark.com/
Popup Ad Object: Popup Ad - https://teccmark.com/
Ad Object: Popup Ad - https://teccmark.com/
Not Found: /static/vendor/bootstrap/js/bootstrap.bundle.min.js
Not Found: /media/img/logo.png
Not Found: /favicon.ico
/home/ystridin/virtualenv/aronno/3.10/lib/python3.10/site-packages/django/contrib/admin/options.py:942: UnorderedObjectListWarning: Pagination may yield inconsistent results with an unordered object_list: <class 'home.models.NewsList'> QuerySet.
  return self.paginator(queryset, per_page, orphans, allow_empty_first_page)
Not Found: /static/vendor/bootstrap/js/bootstrap.bundle.min.js
Not Found: /media/img/logo.png
Not Found: /media/img/logo.png
Not Found: /media/img/logo.png
Not Found: /media/img/logo.png
Not Found: /static/vendor/bootstrap/js/bootstrap.bundle.min.js
Not Found: /media/img/logo.png
/home/ystridin/virtualenv/aronno/3.10/lib/python3.10/site-packages/django/contrib/admin/options.py:942: UnorderedObjectListWarning: Pagination may yield inconsistent results with an unordered object_list: <class 'home.models.NewsList'> QuerySet.
  return self.paginator(queryset, per_page, orphans, allow_empty_first_page)
Popup Ad Object: Popup Ad - https://teccmark.com/
Ad Object: Popup Ad - https://teccmark.com/
/home/ystridin/virtualenv/aronno/3.10/lib/python3.10/site-packages/django/db/models/fields/__init__.py:1665: RuntimeWarning: DateTimeField Ad.end_date received a naive datetime (2024-10-23 09:31:35.610854) while time zone support is active.
  warnings.warn(
/home/ystridin/virtualenv/aronno/3.10/lib/python3.10/site-packages/django/db/models/fields/__init__.py:1665: RuntimeWarning: DateTimeField Ad.start_date received a naive datetime (2024-10-23 09:31:35.610854) while time zone support is active.
  warnings.warn(
Not Found: /media/img/logo.png
Not Found: /static/vendor/bootstrap/js/bootstrap.bundle.min.js
Not Found: /media/img/logo.png
Not Found: /static/vendor/bootstrap/js/bootstrap.bundle.min.js
Not Found: /media/img/logo.png
Not Found: /media/img/logo.png
Not Found: /category/humanity/
Popup Ad Object: Popup Ad - https://teccmark.com/
Ad Object: Popup Ad - https://teccmark.com/
Popup Ad Object: Popup Ad - https://teccmark.com/
Ad Object: Popup Ad - https://teccmark.com/
Not Found: /static/vendor/bootstrap/js/bootstrap.bundle.min.js
Not Found: /media/img/logo.png
Not Found: /favicon.ico
Not Found: /media/img/logo.png
Not Found: /media/img/logo.png
Not Found: /static/vendor/bootstrap/js/bootstrap.bundle.min.js
Not Found: /media/img/logo.png
Popup Ad Object: Popup Ad - https://teccmark.com/
Ad Object: Popup Ad - https://teccmark.com/
Not Found: /static/vendor/bootstrap/js/bootstrap.bundle.min.js
Not Found: /media/img/logo.png
Not Found: /media/img/logo.png
Not Found: /static/vendor/bootstrap/js/bootstrap.bundle.min.js
Popup Ad Object: Popup Ad - https://teccmark.com/
Ad Object: Popup Ad - https://teccmark.com/
Popup Ad Object: Popup Ad - https://teccmark.com/
Ad Object: Popup Ad - https://teccmark.com/
Popup Ad Object: Popup Ad - https://teccmark.com/
Ad Object: Popup Ad - https://teccmark.com/
Popup Ad Object: Popup Ad - https://teccmark.com/
Ad Object: Popup Ad - https://teccmark.com/
Popup Ad Object: Popup Ad - https://teccmark.com/
Ad Object: Popup Ad - https://teccmark.com/
Popup Ad Object: Popup Ad - https://teccmark.com/
Ad Object: Popup Ad - https://teccmark.com/
Popup Ad Object: Popup Ad - https://teccmark.com/
Ad Object: Popup Ad - https://teccmark.com/
Popup Ad Object: Popup Ad - https://teccmark.com/
Ad Object: Popup Ad - https://teccmark.com/
Popup Ad Object: Popup Ad - https://teccmark.com/
Ad Object: Popup Ad - https://teccmark.com/
Popup Ad Object: Popup Ad - https://teccmark.com/
Ad Object: Popup Ad - https://teccmark.com/
Popup Ad Object: Popup Ad - https://teccmark.com/
Ad Object: Popup Ad - https://teccmark.com/
Popup Ad Object: Popup Ad - https://teccmark.com/
Ad Object: Popup Ad - https://teccmark.com/
Popup Ad Object: Popup Ad - https://teccmark.com/
Ad Object: Popup Ad - https://teccmark.com/
Popup Ad Object: Popup Ad - https://teccmark.com/
Ad Object: Popup Ad - https://teccmark.com/
Popup Ad Object: Popup Ad - https://teccmark.com/
Ad Object: Popup Ad - https://teccmark.com/
Popup Ad Object: Popup Ad - https://teccmark.com/
Ad Object: Popup Ad - https://teccmark.com/
Not Found: /media/img/logo.png
Not Found: /static/vendor/bootstrap/js/bootstrap.bundle.min.js
Not Found: /static/vendor/bootstrap/js/bootstrap.bundle.min.js
Popup Ad Object: Popup Ad - https://teccmark.com/
Popup Ad Object: Popup Ad - https://teccmark.com/
Popup Ad Object: Popup Ad - https://teccmark.com/
Popup Ad Object: Popup Ad - https://teccmark.com/
Popup Ad Object: Popup Ad - https://teccmark.com/
Ad Object: Popup Ad - https://teccmark.com/
Popup Ad Object: Popup Ad - https://teccmark.com/
Popup Ad Object: Popup Ad - https://teccmark.com/
Ad Object: Popup Ad - https://teccmark.com/
Popup Ad Object: Popup Ad - https://teccmark.com/
Popup Ad Object: Popup Ad - https://teccmark.com/
/home/ystridin/virtualenv/aronno/3.10/lib/python3.10/site-packages/django/contrib/admin/options.py:942: UnorderedObjectListWarning: Pagination may yield inconsistent results with an unordered object_list: <class 'home.models.NewsList'> QuerySet.
  return self.paginator(queryset, per_page, orphans, allow_empty_first_page)
/home/ystridin/virtualenv/aronno/3.10/lib/python3.10/site-packages/django/contrib/admin/options.py:942: UnorderedObjectListWarning: Pagination may yield inconsistent results with an unordered object_list: <class 'home.models.NewsList'> QuerySet.
  return self.paginator(queryset, per_page, orphans, allow_empty_first_page)
Not Found: /media/img/logo.png
Not Found: /static/vendor/bootstrap/js/bootstrap.bundle.min.js
Not Found: /media/img/logo.png
Not Found: /static/vendor/bootstrap/js/bootstrap.bundle.min.js
Not Found: /media/img/logo.png
Not Found: /media/img/logo.png
Popup Ad Object: Popup Ad - https://teccmark.com/
Ad Object: Popup Ad - https://teccmark.com/
Popup Ad Object: Popup Ad - https://teccmark.com/
Ad Object: Popup Ad - https://teccmark.com/
Popup Ad Object: Popup Ad - https://teccmark.com/
Popup Ad Object: Popup Ad - https://teccmark.com/
Ad Object: Popup Ad - https://teccmark.com/
Popup Ad Object: Popup Ad - https://teccmark.com/
Popup Ad Object: Popup Ad - https://teccmark.com/
Popup Ad Object: Popup Ad - https://teccmark.com/
Popup Ad Object: Popup Ad - https://teccmark.com/
Popup Ad Object: Popup Ad - https://teccmark.com/
Ad Object: Popup Ad - https://teccmark.com/
Popup Ad Object: Popup Ad - https://teccmark.com/
Ad Object: Popup Ad - https://teccmark.com/
Popup Ad Object: Popup Ad - https://teccmark.com/
Ad Object: Popup Ad - https://teccmark.com/
Popup Ad Object: Popup Ad - https://teccmark.com/
Ad Object: Popup Ad - https://teccmark.com/
Popup Ad Object: Popup Ad - https://teccmark.com/
Ad Object: Popup Ad - https://teccmark.com/
Popup Ad Object: Popup Ad - https://teccmark.com/
Ad Object: Popup Ad - https://teccmark.com/
Not Found: /media/img/logo.png
Not Found: /static/vendor/bootstrap/js/bootstrap.bundle.min.js
Not Found: /static/vendor/bootstrap/js/bootstrap.bundle.min.js
Not Found: /media/img/logo.png
Not Found: /static/vendor/bootstrap/js/bootstrap.bundle.min.js
Not Found: /media/img/logo.png
Not Found: /static/vendor/bootstrap/js/bootstrap.bundle.min.js
Popup Ad Object: Popup Ad - https://teccmark.com/
Popup Ad Object: Popup Ad - https://teccmark.com/
Popup Ad Object: Popup Ad - https://teccmark.com/
Ad Object: Popup Ad - https://teccmark.com/
Popup Ad Object: Popup Ad - https://teccmark.com/
Ad Object: Popup Ad - https://teccmark.com/
Popup Ad Object: Popup Ad - https://teccmark.com/
Ad Object: Popup Ad - https://teccmark.com/
/home/ystridin/virtualenv/aronno/3.10/lib/python3.10/site-packages/django/contrib/admin/options.py:942: UnorderedObjectListWarning: Pagination may yield inconsistent results with an unordered object_list: <class 'home.models.NewsList'> QuerySet.
  return self.paginator(queryset, per_page, orphans, allow_empty_first_page)
Popup Ad Object: Popup Ad - https://teccmark.com/
Popup Ad Object: Popup Ad - https://teccmark.com/
Popup Ad Object: Popup Ad - https://teccmark.com/
Ad Object: Popup Ad - https://teccmark.com/
Popup Ad Object: Popup Ad - https://teccmark.com/
Ad Object: Popup Ad - https://teccmark.com/
Popup Ad Object: Popup Ad - https://teccmark.com/
Popup Ad Object: Popup Ad - https://teccmark.com/
Popup Ad Object: Popup Ad - https://teccmark.com/
Popup Ad Object: Popup Ad - https://teccmark.com/
Ad Object: Popup Ad - https://teccmark.com/
Popup Ad Object: Popup Ad - https://teccmark.com/
Popup Ad Object: Popup Ad - https://teccmark.com/
Popup Ad Object: Popup Ad - https://teccmark.com/
Popup Ad Object: Popup Ad - https://teccmark.com/
Popup Ad Object: Popup Ad - https://teccmark.com/
Ad Object: Popup Ad - https://teccmark.com/
Popup Ad Object: Popup Ad - https://teccmark.com/
Popup Ad Object: Popup Ad - https://teccmark.com/
Ad Object: Popup Ad - https://teccmark.com/
Popup Ad Object: Popup Ad - https://teccmark.com/
Ad Object: Popup Ad - https://teccmark.com/
Popup Ad Object: Popup Ad - https://teccmark.com/
Ad Object: Popup Ad - https://teccmark.com/
Popup Ad Object: Popup Ad - https://teccmark.com/
Ad Object: Popup Ad - https://teccmark.com/
Popup Ad Object: Popup Ad - https://teccmark.com/
Ad Object: Popup Ad - https://teccmark.com/
Popup Ad Object: Popup Ad - https://teccmark.com/
Ad Object: Popup Ad - https://teccmark.com/
Not Found: /news/31/apple-touch-icon.png
Not Found: /news/31/android-icon.png
Popup Ad Object: Popup Ad - https://teccmark.com/
Ad Object: Popup Ad - https://teccmark.com/
[UID:1472][3965357] Child process with pid: 3967451 was killed by signal: 15, core dumped: no
Not Found: /favicon.ico
/home/ystridin/virtualenv/aronno/3.10/lib/python3.10/site-packages/django/db/models/fields/__init__.py:1665: RuntimeWarning: DateTimeField Ad.end_date received a naive datetime (2024-10-23 10:49:38.133107) while time zone support is active.
  warnings.warn(
/home/ystridin/virtualenv/aronno/3.10/lib/python3.10/site-packages/django/db/models/fields/__init__.py:1665: RuntimeWarning: DateTimeField Ad.start_date received a naive datetime (2024-10-23 10:49:38.133107) while time zone support is active.
  warnings.warn(
Popup Ad Object: Popup Ad - https://teccmark.com/
Ad Object: Popup Ad - https://teccmark.com/
Popup Ad Object: Popup Ad - https://teccmark.com/
Ad Object: Popup Ad - https://teccmark.com/
Popup Ad Object: Popup Ad - https://teccmark.com/
Ad Object: Popup Ad - https://teccmark.com/
Popup Ad Object: Popup Ad - https://teccmark.com/
Ad Object: Popup Ad - https://teccmark.com/
Not Found: /static/vendor/bootstrap/js/bootstrap.bundle.min.js
Not Found: /media/img/logo.png
Not Found: /media/img/logo.png
Not Found: /media/img/logo.png
Popup Ad Object: Popup Ad - https://teccmark.com/
Ad Object: Popup Ad - https://teccmark.com/
Not Found: /media/img/logo.png
Not Found: /static/vendor/bootstrap/js/bootstrap.bundle.min.js
Not Found: /media/img/logo.png
Popup Ad Object: Popup Ad - https://teccmark.com/
Ad Object: Popup Ad - https://teccmark.com/
Popup Ad Object: Popup Ad - https://teccmark.com/
Ad Object: Popup Ad - https://teccmark.com/
Popup Ad Object: Popup Ad - https://teccmark.com/
Ad Object: Popup Ad - https://teccmark.com/
Popup Ad Object: Popup Ad - https://teccmark.com/
Ad Object: Popup Ad - https://teccmark.com/
Popup Ad Object: Popup Ad - https://teccmark.com/
Ad Object: Popup Ad - https://teccmark.com/
Popup Ad Object: Popup Ad - https://teccmark.com/
Ad Object: Popup Ad - https://teccmark.com/
Popup Ad Object: Popup Ad - https://teccmark.com/
Ad Object: Popup Ad - https://teccmark.com/
Popup Ad Object: Popup Ad - https://teccmark.com/
Ad Object: Popup Ad - https://teccmark.com/
Popup Ad Object: Popup Ad - https://teccmark.com/
Ad Object: Popup Ad - https://teccmark.com/
Popup Ad Object: Popup Ad - https://teccmark.com/
Ad Object: Popup Ad - https://teccmark.com/
[UID:1472][4086001] Child process with pid: 4089877 was killed by signal: 15, core dumped: no
[UID:1472][4086001] Reached max children process limit: 6, extra: 2, current: 8, busy: 7, please increase LSAPI_CHILDREN.
[UID:1472][4086001] Reached max children process limit: 6, extra: 2, current: 8, busy: 8, please increase LSAPI_CHILDREN.
[UID:1472][4086001] Reached max children process limit: 6, extra: 2, current: 8, busy: 8, please increase LSAPI_CHILDREN.
[UID:1472][4086001] Reached max children process limit: 6, extra: 2, current: 8, busy: 8, please increase LSAPI_CHILDREN.
[UID:1472][4086001] Reached max children process limit: 6, extra: 2, current: 8, busy: 8, please increase LSAPI_CHILDREN.
[UID:1472][4086001] Reached max children process limit: 6, extra: 2, current: 8, busy: 8, please increase LSAPI_CHILDREN.
[UID:1472][4086001] Reached max children process limit: 6, extra: 2, current: 8, busy: 8, please increase LSAPI_CHILDREN.
[UID:1472][4086001] Reached max children process limit: 6, extra: 2, current: 8, busy: 8, please increase LSAPI_CHILDREN.
[UID:1472][4086001] Reached max children process limit: 6, extra: 2, current: 8, busy: 8, please increase LSAPI_CHILDREN.
[UID:1472][4086001] Reached max children process limit: 6, extra: 2, current: 8, busy: 8, please increase LSAPI_CHILDREN.
[UID:1472][4086001] Reached max children process limit: 6, extra: 2, current: 8, busy: 8, please increase LSAPI_CHILDREN.
[UID:1472][4086001] Reached max children process limit: 6, extra: 2, current: 8, busy: 8, please increase LSAPI_CHILDREN.
[UID:1472][4086001] Reached max children process limit: 6, extra: 2, current: 8, busy: 8, please increase LSAPI_CHILDREN.
[UID:1472][4086001] Reached max children process limit: 6, extra: 2, current: 8, busy: 8, please increase LSAPI_CHILDREN.
[UID:1472][4086001] Reached max children process limit: 6, extra: 2, current: 8, busy: 8, please increase LSAPI_CHILDREN.
[UID:1472][4086001] Reached max children process limit: 6, extra: 2, current: 8, busy: 8, please increase LSAPI_CHILDREN.
[UID:1472][4086001] Reached max children process limit: 6, extra: 2, current: 8, busy: 8, please increase LSAPI_CHILDREN.
[UID:1472][4086001] Child process with pid: 4089890 was killed by signal: 15, core dumped: no
[UID:1472][4086001] Child process with pid: 4089892 was killed by signal: 15, core dumped: no
[UID:1472][4086001] Child process with pid: 4089891 was killed by signal: 15, core dumped: no
[UID:1472][4086001] Reached max children process limit: 6, extra: 2, current: 8, busy: 7, please increase LSAPI_CHILDREN.
OSError: LSAPI: File error
OSError: LSAPI: File error
[UID:1472][4086001] Child process with pid: 4089893 was killed by signal: 9, core dumped: no
[UID:1472][4086001] Child process with pid: 4089879 was killed by signal: 9, core dumped: no
[UID:1472][4086001] Child process with pid: 4089889 was killed by signal: 9, core dumped: no
[UID:1472][4086001] Reached max children process limit: 6, extra: 2, current: 8, busy: 7, please increase LSAPI_CHILDREN.
OSError: LSAPI: File error
OSError: LSAPI: File error
Not Found: /media/img/logo.png
OSError: LSAPI: File error
OSError: LSAPI: File error
[UID:1472][4086001] Reached max children process limit: 6, extra: 2, current: 8, busy: 3, please increase LSAPI_CHILDREN.
[UID:1472][4086001] Reached max children process limit: 6, extra: 2, current: 8, busy: 3, please increase LSAPI_CHILDREN.
[UID:1472][4086001] Reached max children process limit: 6, extra: 2, current: 8, busy: 3, please increase LSAPI_CHILDREN.
[UID:1472][4086001] Reached max children process limit: 6, extra: 2, current: 8, busy: 3, please increase LSAPI_CHILDREN.
[UID:1472][4086001] Reached max children process limit: 6, extra: 2, current: 8, busy: 3, please increase LSAPI_CHILDREN.
[UID:1472][4086001] Reached max children process limit: 6, extra: 2, current: 8, busy: 3, please increase LSAPI_CHILDREN.
OSError: LSAPI: File error
[UID:1472][4086001] Reached max children process limit: 6, extra: 2, current: 8, busy: 3, please increase LSAPI_CHILDREN.
[UID:1472][4086001] Reached max children process limit: 6, extra: 2, current: 8, busy: 3, please increase LSAPI_CHILDREN.
OSError: LSAPI: File error
OSError: LSAPI: File error
Popup Ad Object: Popup Ad - https://teccmark.com/
Ad Object: Popup Ad - https://teccmark.com/
Popup Ad Object: Popup Ad - https://teccmark.com/
Ad Object: Popup Ad - https://teccmark.com/
Popup Ad Object: Popup Ad - https://teccmark.com/
Ad Object: Popup Ad - https://teccmark.com/
Popup Ad Object: Popup Ad - https://teccmark.com/
Ad Object: Popup Ad - https://teccmark.com/
Popup Ad Object: Popup Ad - https://teccmark.com/
Ad Object: Popup Ad - https://teccmark.com/
Popup Ad Object: Popup Ad - https://teccmark.com/
Ad Object: Popup Ad - https://teccmark.com/
Not Found: /robots.txt
Not Found: /category/other_sports/
Popup Ad Object: Popup Ad - https://teccmark.com/
Ad Object: Popup Ad - https://teccmark.com/
Not Found: /robots.txt
/home/ystridin/virtualenv/aronno/3.10/lib/python3.10/site-packages/django/db/models/fields/__init__.py:1665: RuntimeWarning: DateTimeField Ad.end_date received a naive datetime (2024-10-23 12:58:53.967518) while time zone support is active.
  warnings.warn(
/home/ystridin/virtualenv/aronno/3.10/lib/python3.10/site-packages/django/db/models/fields/__init__.py:1665: RuntimeWarning: DateTimeField Ad.start_date received a naive datetime (2024-10-23 12:58:53.967518) while time zone support is active.
  warnings.warn(
Not Found: /category/technology/
Popup Ad Object: Popup Ad - https://teccmark.com/
Popup Ad Object: Popup Ad - https://teccmark.com/
Popup Ad Object: Popup Ad - https://teccmark.com/
Popup Ad Object: Popup Ad - https://teccmark.com/
Popup Ad Object: Popup Ad - https://teccmark.com/
Popup Ad Object: Popup Ad - https://teccmark.com/
Popup Ad Object: Popup Ad - https://teccmark.com/
Popup Ad Object: Popup Ad - https://teccmark.com/
Popup Ad Object: Popup Ad - https://teccmark.com/
Popup Ad Object: Popup Ad - https://teccmark.com/
Popup Ad Object: Popup Ad - https://teccmark.com/
Popup Ad Object: Popup Ad - https://teccmark.com/
Popup Ad Object: Popup Ad - https://teccmark.com/
Popup Ad Object: Popup Ad - https://teccmark.com/
Popup Ad Object: Popup Ad - https://teccmark.com/
Popup Ad Object: Popup Ad - https://teccmark.com/
Popup Ad Object: Popup Ad - https://teccmark.com/
Popup Ad Object: Popup Ad - https://teccmark.com/
Popup Ad Object: Popup Ad - https://teccmark.com/
Popup Ad Object: Popup Ad - https://teccmark.com/
Ad Object: Popup Ad - https://teccmark.com/
Popup Ad Object: Popup Ad - https://teccmark.com/
Ad Object: Popup Ad - https://teccmark.com/
Popup Ad Object: Popup Ad - https://teccmark.com/
Popup Ad Object: Popup Ad - https://teccmark.com/
Popup Ad Object: Popup Ad - https://teccmark.com/
Popup Ad Object: Popup Ad - https://teccmark.com/
Popup Ad Object: Popup Ad - https://teccmark.com/
Popup Ad Object: Popup Ad - https://teccmark.com/
Popup Ad Object: Popup Ad - https://teccmark.com/
Popup Ad Object: Popup Ad - https://teccmark.com/
Popup Ad Object: Popup Ad - https://teccmark.com/
Ad Object: Popup Ad - https://teccmark.com/
/home/ystridin/virtualenv/aronno/3.10/lib/python3.10/site-packages/django/db/models/fields/__init__.py:1665: RuntimeWarning: DateTimeField Ad.end_date received a naive datetime (2024-10-23 15:30:05.283925) while time zone support is active.
  warnings.warn(
/home/ystridin/virtualenv/aronno/3.10/lib/python3.10/site-packages/django/db/models/fields/__init__.py:1665: RuntimeWarning: DateTimeField Ad.start_date received a naive datetime (2024-10-23 15:30:05.283925) while time zone support is active.
  warnings.warn(
/home/ystridin/virtualenv/aronno/3.10/lib/python3.10/site-packages/django/db/models/fields/__init__.py:1665: RuntimeWarning: DateTimeField Ad.end_date received a naive datetime (2024-10-23 15:30:07.976049) while time zone support is active.
  warnings.warn(
/home/ystridin/virtualenv/aronno/3.10/lib/python3.10/site-packages/django/db/models/fields/__init__.py:1665: RuntimeWarning: DateTimeField Ad.start_date received a naive datetime (2024-10-23 15:30:07.976049) while time zone support is active.
  warnings.warn(
/home/ystridin/virtualenv/aronno/3.10/lib/python3.10/site-packages/django/db/models/fields/__init__.py:1665: RuntimeWarning: DateTimeField Ad.end_date received a naive datetime (2024-10-23 15:30:19.412549) while time zone support is active.
  warnings.warn(
/home/ystridin/virtualenv/aronno/3.10/lib/python3.10/site-packages/django/db/models/fields/__init__.py:1665: RuntimeWarning: DateTimeField Ad.start_date received a naive datetime (2024-10-23 15:30:19.412549) while time zone support is active.
  warnings.warn(
Not Found: /media/img/logo.png
Not Found: /static/vendor/bootstrap/js/bootstrap.bundle.min.js
/home/ystridin/virtualenv/aronno/3.10/lib/python3.10/site-packages/django/db/models/fields/__init__.py:1665: RuntimeWarning: DateTimeField Ad.end_date received a naive datetime (2024-10-23 15:30:37.891064) while time zone support is active.
  warnings.warn(
/home/ystridin/virtualenv/aronno/3.10/lib/python3.10/site-packages/django/db/models/fields/__init__.py:1665: RuntimeWarning: DateTimeField Ad.start_date received a naive datetime (2024-10-23 15:30:37.891064) while time zone support is active.
  warnings.warn(
/home/ystridin/virtualenv/aronno/3.10/lib/python3.10/site-packages/django/db/models/fields/__init__.py:1665: RuntimeWarning: DateTimeField Ad.end_date received a naive datetime (2024-10-23 15:31:01.036709) while time zone support is active.
  warnings.warn(
/home/ystridin/virtualenv/aronno/3.10/lib/python3.10/site-packages/django/db/models/fields/__init__.py:1665: RuntimeWarning: DateTimeField Ad.start_date received a naive datetime (2024-10-23 15:31:01.036709) while time zone support is active.
  warnings.warn(
Not Found: /static/vendor/bootstrap/js/bootstrap.bundle.min.js
Not Found: /media/img/logo.png
/home/ystridin/virtualenv/aronno/3.10/lib/python3.10/site-packages/django/db/models/fields/__init__.py:1665: RuntimeWarning: DateTimeField Ad.end_date received a naive datetime (2024-10-23 15:31:03.579412) while time zone support is active.
  warnings.warn(
/home/ystridin/virtualenv/aronno/3.10/lib/python3.10/site-packages/django/db/models/fields/__init__.py:1665: RuntimeWarning: DateTimeField Ad.start_date received a naive datetime (2024-10-23 15:31:03.579412) while time zone support is active.
  warnings.warn(
/home/ystridin/virtualenv/aronno/3.10/lib/python3.10/site-packages/django/db/models/fields/__init__.py:1665: RuntimeWarning: DateTimeField Ad.end_date received a naive datetime (2024-10-23 15:31:06.213678) while time zone support is active.
  warnings.warn(
/home/ystridin/virtualenv/aronno/3.10/lib/python3.10/site-packages/django/db/models/fields/__init__.py:1665: RuntimeWarning: DateTimeField Ad.start_date received a naive datetime (2024-10-23 15:31:06.213678) while time zone support is active.
  warnings.warn(
Not Found: /static/vendor/bootstrap/js/bootstrap.bundle.min.js
/home/ystridin/virtualenv/aronno/3.10/lib/python3.10/site-packages/django/db/models/fields/__init__.py:1665: RuntimeWarning: DateTimeField Ad.end_date received a naive datetime (2024-10-23 15:31:12.002035) while time zone support is active.
  warnings.warn(
/home/ystridin/virtualenv/aronno/3.10/lib/python3.10/site-packages/django/db/models/fields/__init__.py:1665: RuntimeWarning: DateTimeField Ad.start_date received a naive datetime (2024-10-23 15:31:12.002035) while time zone support is active.
  warnings.warn(
Not Found: /media/img/logo.png
Not Found: /static/vendor/bootstrap/js/bootstrap.bundle.min.js
/home/ystridin/virtualenv/aronno/3.10/lib/python3.10/site-packages/django/db/models/fields/__init__.py:1665: RuntimeWarning: DateTimeField Ad.end_date received a naive datetime (2024-10-23 15:31:17.602222) while time zone support is active.
  warnings.warn(
/home/ystridin/virtualenv/aronno/3.10/lib/python3.10/site-packages/django/db/models/fields/__init__.py:1665: RuntimeWarning: DateTimeField Ad.start_date received a naive datetime (2024-10-23 15:31:17.602222) while time zone support is active.
  warnings.warn(
Not Found: /static/vendor/bootstrap/js/bootstrap.bundle.min.js
/home/ystridin/virtualenv/aronno/3.10/lib/python3.10/site-packages/django/db/models/fields/__init__.py:1665: RuntimeWarning: DateTimeField Ad.end_date received a naive datetime (2024-10-23 15:31:47.806809) while time zone support is active.
  warnings.warn(
/home/ystridin/virtualenv/aronno/3.10/lib/python3.10/site-packages/django/db/models/fields/__init__.py:1665: RuntimeWarning: DateTimeField Ad.start_date received a naive datetime (2024-10-23 15:31:47.806809) while time zone support is active.
  warnings.warn(
Popup Ad Object: Popup Ad - https://teccmark.com/
Popup Ad Object: Popup Ad - https://teccmark.com/
/home/ystridin/virtualenv/aronno/3.10/lib/python3.10/site-packages/django/db/models/fields/__init__.py:1665: RuntimeWarning: DateTimeField Ad.end_date received a naive datetime (2024-10-23 15:32:46.197509) while time zone support is active.
  warnings.warn(
/home/ystridin/virtualenv/aronno/3.10/lib/python3.10/site-packages/django/db/models/fields/__init__.py:1665: RuntimeWarning: DateTimeField Ad.start_date received a naive datetime (2024-10-23 15:32:46.197509) while time zone support is active.
  warnings.warn(
Not Found: /static/vendor/bootstrap/js/bootstrap.bundle.min.js
/home/ystridin/virtualenv/aronno/3.10/lib/python3.10/site-packages/django/db/models/fields/__init__.py:1665: RuntimeWarning: DateTimeField Ad.end_date received a naive datetime (2024-10-23 15:32:54.216189) while time zone support is active.
  warnings.warn(
/home/ystridin/virtualenv/aronno/3.10/lib/python3.10/site-packages/django/db/models/fields/__init__.py:1665: RuntimeWarning: DateTimeField Ad.start_date received a naive datetime (2024-10-23 15:32:54.216189) while time zone support is active.
  warnings.warn(
[UID:1472][884149] Reached max children process limit: 6, extra: 2, current: 8, busy: 6, please increase LSAPI_CHILDREN.
Not Found: /media/img/logo.png
[UID:1472][884149] Reached max children process limit: 6, extra: 2, current: 8, busy: 8, please increase LSAPI_CHILDREN.
Not Found: /static/vendor/bootstrap/js/bootstrap.bundle.min.js
[UID:1472][884149] Reached max children process limit: 6, extra: 2, current: 8, busy: 8, please increase LSAPI_CHILDREN.
[UID:1472][884149] Reached max children process limit: 6, extra: 2, current: 8, busy: 8, please increase LSAPI_CHILDREN.
[UID:1472][884149] Reached max children process limit: 6, extra: 2, current: 8, busy: 8, please increase LSAPI_CHILDREN.
[UID:1472][884149] Reached max children process limit: 6, extra: 2, current: 8, busy: 8, please increase LSAPI_CHILDREN.
[UID:1472][884149] Reached max children process limit: 6, extra: 2, current: 8, busy: 8, please increase LSAPI_CHILDREN.
[UID:1472][884149] Reached max children process limit: 6, extra: 2, current: 8, busy: 8, please increase LSAPI_CHILDREN.
[UID:1472][884149] Reached max children process limit: 6, extra: 2, current: 8, busy: 8, please increase LSAPI_CHILDREN.
[UID:1472][884149] Reached max children process limit: 6, extra: 2, current: 8, busy: 8, please increase LSAPI_CHILDREN.
[UID:1472][884149] Reached max children process limit: 6, extra: 2, current: 8, busy: 8, please increase LSAPI_CHILDREN.
[UID:1472][884149] Reached max children process limit: 6, extra: 2, current: 8, busy: 8, please increase LSAPI_CHILDREN.
Not Found: /section/forest/apple-touch-icon.png
Not Found: /section/forest/android-icon.png
Not Found: /media/img/logo.png
Not Found: /static/vendor/bootstrap/js/bootstrap.bundle.min.js
Not Found: /static/vendor/bootstrap/js/bootstrap.bundle.min.js
Not Found: /category/jobs/
Not Found: /favicon.ico
/home/ystridin/virtualenv/aronno/3.10/lib/python3.10/site-packages/django/db/models/fields/__init__.py:1665: RuntimeWarning: DateTimeField Ad.end_date received a naive datetime (2024-10-23 15:33:24.932602) while time zone support is active.
  warnings.warn(
/home/ystridin/virtualenv/aronno/3.10/lib/python3.10/site-packages/django/db/models/fields/__init__.py:1665: RuntimeWarning: DateTimeField Ad.start_date received a naive datetime (2024-10-23 15:33:24.932602) while time zone support is active.
  warnings.warn(
Not Found: /static/vendor/bootstrap/js/bootstrap.bundle.min.js
Not Found: /media/img/logo.png
Not Found: /news/24/android-icon.png
Not Found: /news/24/apple-touch-icon.png
Popup Ad Object: Popup Ad - https://teccmark.com/
Not Found: /static/vendor/bootstrap/js/bootstrap.bundle.min.js
Not Found: /media/img/logo.png
Not Found: /static/vendor/bootstrap/js/bootstrap.bundle.min.js
/home/ystridin/virtualenv/aronno/3.10/lib/python3.10/site-packages/django/db/models/fields/__init__.py:1665: RuntimeWarning: DateTimeField Ad.end_date received a naive datetime (2024-10-23 15:34:15.100693) while time zone support is active.
  warnings.warn(
/home/ystridin/virtualenv/aronno/3.10/lib/python3.10/site-packages/django/db/models/fields/__init__.py:1665: RuntimeWarning: DateTimeField Ad.start_date received a naive datetime (2024-10-23 15:34:15.100693) while time zone support is active.
  warnings.warn(
Not Found: /media/img/logo.png
Not Found: /static/vendor/bootstrap/js/bootstrap.bundle.min.js
Not Found: /category/jobs/
Not Found: /favicon.ico
Not Found: /category/jobs/
Not Found: /category/jobs/
/home/ystridin/virtualenv/aronno/3.10/lib/python3.10/site-packages/django/db/models/fields/__init__.py:1665: RuntimeWarning: DateTimeField Ad.end_date received a naive datetime (2024-10-23 15:34:25.260649) while time zone support is active.
  warnings.warn(
/home/ystridin/virtualenv/aronno/3.10/lib/python3.10/site-packages/django/db/models/fields/__init__.py:1665: RuntimeWarning: DateTimeField Ad.start_date received a naive datetime (2024-10-23 15:34:25.260649) while time zone support is active.
  warnings.warn(
Not Found: /media/img/logo.png
Not Found: /static/vendor/bootstrap/js/bootstrap.bundle.min.js
Not Found: /section/entertainment/android-icon.png
Not Found: /section/entertainment/apple-touch-icon.png
/home/ystridin/virtualenv/aronno/3.10/lib/python3.10/site-packages/django/db/models/fields/__init__.py:1665: RuntimeWarning: DateTimeField Ad.end_date received a naive datetime (2024-10-23 15:34:29.423058) while time zone support is active.
  warnings.warn(
/home/ystridin/virtualenv/aronno/3.10/lib/python3.10/site-packages/django/db/models/fields/__init__.py:1665: RuntimeWarning: DateTimeField Ad.start_date received a naive datetime (2024-10-23 15:34:29.423058) while time zone support is active.
  warnings.warn(
Not Found: /media/img/logo.png
Not Found: /static/vendor/bootstrap/js/bootstrap.bundle.min.js
Not Found: /section/sports/android-icon.png
Not Found: /section/sports/apple-touch-icon.png
/home/ystridin/virtualenv/aronno/3.10/lib/python3.10/site-packages/django/db/models/fields/__init__.py:1665: RuntimeWarning: DateTimeField Ad.end_date received a naive datetime (2024-10-23 15:34:37.474765) while time zone support is active.
  warnings.warn(
/home/ystridin/virtualenv/aronno/3.10/lib/python3.10/site-packages/django/db/models/fields/__init__.py:1665: RuntimeWarning: DateTimeField Ad.start_date received a naive datetime (2024-10-23 15:34:37.474765) while time zone support is active.
  warnings.warn(
Not Found: /static/vendor/bootstrap/js/bootstrap.bundle.min.js
Not Found: /media/img/logo.png
/home/ystridin/virtualenv/aronno/3.10/lib/python3.10/site-packages/django/db/models/fields/__init__.py:1665: RuntimeWarning: DateTimeField Ad.end_date received a naive datetime (2024-10-23 15:34:40.931104) while time zone support is active.
  warnings.warn(
/home/ystridin/virtualenv/aronno/3.10/lib/python3.10/site-packages/django/db/models/fields/__init__.py:1665: RuntimeWarning: DateTimeField Ad.start_date received a naive datetime (2024-10-23 15:34:40.931104) while time zone support is active.
  warnings.warn(
Not Found: /static/vendor/bootstrap/js/bootstrap.bundle.min.js
Not Found: /static/vendor/bootstrap/js/bootstrap.bundle.min.js
Not Found: /static/vendor/bootstrap/js/bootstrap.bundle.min.js
Not Found: /category/countrywide/android-icon.png
Not Found: /category/countrywide/apple-touch-icon.png
Not Found: /media/img/logo.png
Not Found: /static/vendor/bootstrap/js/bootstrap.bundle.min.js
Not Found: /static/vendor/bootstrap/js/bootstrap.bundle.min.js
Popup Ad Object: Popup Ad - https://teccmark.com/
Not Found: /news/37/apple-touch-icon.png
Not Found: /news/37/android-icon.png
Popup Ad Object: Popup Ad - https://teccmark.com/
Popup Ad Object: Popup Ad - https://teccmark.com/
/home/ystridin/virtualenv/aronno/3.10/lib/python3.10/site-packages/django/db/models/fields/__init__.py:1665: RuntimeWarning: DateTimeField Ad.end_date received a naive datetime (2024-10-23 15:35:25.418255) while time zone support is active.
  warnings.warn(
/home/ystridin/virtualenv/aronno/3.10/lib/python3.10/site-packages/django/db/models/fields/__init__.py:1665: RuntimeWarning: DateTimeField Ad.start_date received a naive datetime (2024-10-23 15:35:25.418255) while time zone support is active.
  warnings.warn(
Not Found: /static/vendor/bootstrap/js/bootstrap.bundle.min.js
Not Found: /category/health/android-icon.png
Not Found: /category/health/apple-touch-icon.png
Not Found: /media/img/logo.png
Not Found: /static/vendor/bootstrap/js/bootstrap.bundle.min.js
Not Found: /static/vendor/bootstrap/js/bootstrap.bundle.min.js
Not Found: /news/20/android-icon.png
Not Found: /news/20/apple-touch-icon.png
Popup Ad Object: Popup Ad - https://teccmark.com/
/home/ystridin/virtualenv/aronno/3.10/lib/python3.10/site-packages/django/db/models/fields/__init__.py:1665: RuntimeWarning: DateTimeField Ad.end_date received a naive datetime (2024-10-23 15:37:10.887719) while time zone support is active.
  warnings.warn(
/home/ystridin/virtualenv/aronno/3.10/lib/python3.10/site-packages/django/db/models/fields/__init__.py:1665: RuntimeWarning: DateTimeField Ad.start_date received a naive datetime (2024-10-23 15:37:10.887719) while time zone support is active.
  warnings.warn(
Not Found: /static/vendor/bootstrap/js/bootstrap.bundle.min.js
Not Found: /media/img/logo.png
Not Found: /media/img/logo.png
Not Found: /static/vendor/bootstrap/js/bootstrap.bundle.min.js
Not Found: /static/vendor/bootstrap/js/bootstrap.bundle.min.js
Not Found: /news/44/android-icon.png
Not Found: /news/44/apple-touch-icon.png
Popup Ad Object: Popup Ad - https://teccmark.com/
Not Found: /static/vendor/bootstrap/js/bootstrap.bundle.min.js
Not Found: /media/img/logo.png
Not Found: /wp-admin/setup-config.php
Not Found: /wp-admin/install.php
Popup Ad Object: Popup Ad - https://teccmark.com/
Ad Object: Popup Ad - https://teccmark.com/
Popup Ad Object: Popup Ad - https://teccmark.com/
Ad Object: Popup Ad - https://teccmark.com/
Popup Ad Object: Popup Ad - https://teccmark.com/
Not Found: /robots.txt
Not Found: /static/vendor/bootstrap/js/bootstrap.bundle.min.js
Popup Ad Object: Popup Ad - https://teccmark.com/
Not Found: /android-icon.png
Not Found: /apple-touch-icon.png
Not Found: /static/vendor/bootstrap/js/bootstrap.bundle.min.js
Not Found: /media/img/logo.png
Popup Ad Object: Popup Ad - https://teccmark.com/
Ad Object: Popup Ad - https://teccmark.com/
Popup Ad Object: Popup Ad - https://teccmark.com/
Ad Object: Popup Ad - https://teccmark.com/
Not Found: /category/travel/
Popup Ad Object: Popup Ad - https://teccmark.com/
/home/ystridin/virtualenv/aronno/3.10/lib/python3.10/site-packages/django/db/models/fields/__init__.py:1665: RuntimeWarning: DateTimeField Ad.end_date received a naive datetime (2024-10-23 18:35:57.946732) while time zone support is active.
  warnings.warn(
/home/ystridin/virtualenv/aronno/3.10/lib/python3.10/site-packages/django/db/models/fields/__init__.py:1665: RuntimeWarning: DateTimeField Ad.start_date received a naive datetime (2024-10-23 18:35:57.946732) while time zone support is active.
  warnings.warn(
Popup Ad Object: Popup Ad - https://teccmark.com/
Popup Ad Object: Popup Ad - https://teccmark.com/
Not Found: /robots.txt
Not Found: /sitemap.xml
Not Found: /category/jobs/
/home/ystridin/virtualenv/aronno/3.10/lib/python3.10/site-packages/django/db/models/fields/__init__.py:1665: RuntimeWarning: DateTimeField Ad.end_date received a naive datetime (2024-10-23 18:53:17.511682) while time zone support is active.
  warnings.warn(
/home/ystridin/virtualenv/aronno/3.10/lib/python3.10/site-packages/django/db/models/fields/__init__.py:1665: RuntimeWarning: DateTimeField Ad.start_date received a naive datetime (2024-10-23 18:53:17.511682) while time zone support is active.
  warnings.warn(
/home/ystridin/virtualenv/aronno/3.10/lib/python3.10/site-packages/django/db/models/fields/__init__.py:1665: RuntimeWarning: DateTimeField Ad.end_date received a naive datetime (2024-10-23 18:53:18.510601) while time zone support is active.
  warnings.warn(
/home/ystridin/virtualenv/aronno/3.10/lib/python3.10/site-packages/django/db/models/fields/__init__.py:1665: RuntimeWarning: DateTimeField Ad.start_date received a naive datetime (2024-10-23 18:53:18.510601) while time zone support is active.
  warnings.warn(
/home/ystridin/virtualenv/aronno/3.10/lib/python3.10/site-packages/django/db/models/fields/__init__.py:1665: RuntimeWarning: DateTimeField Ad.end_date received a naive datetime (2024-10-23 18:53:19.512797) while time zone support is active.
  warnings.warn(
/home/ystridin/virtualenv/aronno/3.10/lib/python3.10/site-packages/django/db/models/fields/__init__.py:1665: RuntimeWarning: DateTimeField Ad.start_date received a naive datetime (2024-10-23 18:53:19.512797) while time zone support is active.
  warnings.warn(
/home/ystridin/virtualenv/aronno/3.10/lib/python3.10/site-packages/django/db/models/fields/__init__.py:1665: RuntimeWarning: DateTimeField Ad.end_date received a naive datetime (2024-10-23 18:53:20.510975) while time zone support is active.
  warnings.warn(
/home/ystridin/virtualenv/aronno/3.10/lib/python3.10/site-packages/django/db/models/fields/__init__.py:1665: RuntimeWarning: DateTimeField Ad.start_date received a naive datetime (2024-10-23 18:53:20.510975) while time zone support is active.
  warnings.warn(
/home/ystridin/virtualenv/aronno/3.10/lib/python3.10/site-packages/django/db/models/fields/__init__.py:1665: RuntimeWarning: DateTimeField Ad.end_date received a naive datetime (2024-10-23 18:53:21.511218) while time zone support is active.
  warnings.warn(
/home/ystridin/virtualenv/aronno/3.10/lib/python3.10/site-packages/django/db/models/fields/__init__.py:1665: RuntimeWarning: DateTimeField Ad.start_date received a naive datetime (2024-10-23 18:53:21.511218) while time zone support is active.
  warnings.warn(
Not Found: /category/other_sports/
Not Found: /category/fashion/
Not Found: /category/technology/
Not Found: /ads.txt
Not Found: /humans.txt
Not Found: /security.txt
Not Found: /.well-known/security.txt
Not Found: /static/vendor/bootstrap/js/bootstrap.bundle.min.js
Not Found: /media/img/logo.png
Popup Ad Object: Popup Ad - https://teccmark.com/
Ad Object: Popup Ad - https://teccmark.com/
Popup Ad Object: Popup Ad - https://teccmark.com/
Ad Object: Popup Ad - https://teccmark.com/
Popup Ad Object: Popup Ad - https://teccmark.com/
Ad Object: Popup Ad - https://teccmark.com/
Popup Ad Object: Popup Ad - https://teccmark.com/
Ad Object: Popup Ad - https://teccmark.com/
Popup Ad Object: Popup Ad - https://teccmark.com/
Ad Object: Popup Ad - https://teccmark.com/
Not Found: /news/62/
Not Found: /robots.txt
Popup Ad Object: Popup Ad - https://teccmark.com/
Ad Object: Popup Ad - https://teccmark.com/
Popup Ad Object: Popup Ad - https://teccmark.com/
Popup Ad Object: Popup Ad - https://teccmark.com/
Popup Ad Object: Popup Ad - https://teccmark.com/
Popup Ad Object: Popup Ad - https://teccmark.com/
Popup Ad Object: Popup Ad - https://teccmark.com/
Popup Ad Object: Popup Ad - https://teccmark.com/
Ad Object: Popup Ad - https://teccmark.com/
/home/ystridin/virtualenv/aronno/3.10/lib/python3.10/site-packages/django/db/models/fields/__init__.py:1665: RuntimeWarning: DateTimeField Ad.end_date received a naive datetime (2024-10-24 00:49:25.858911) while time zone support is active.
  warnings.warn(
/home/ystridin/virtualenv/aronno/3.10/lib/python3.10/site-packages/django/db/models/fields/__init__.py:1665: RuntimeWarning: DateTimeField Ad.start_date received a naive datetime (2024-10-24 00:49:25.858911) while time zone support is active.
  warnings.warn(
/home/ystridin/virtualenv/aronno/3.10/lib/python3.10/site-packages/django/db/models/fields/__init__.py:1665: RuntimeWarning: DateTimeField Ad.end_date received a naive datetime (2024-10-24 00:49:27.332965) while time zone support is active.
  warnings.warn(
/home/ystridin/virtualenv/aronno/3.10/lib/python3.10/site-packages/django/db/models/fields/__init__.py:1665: RuntimeWarning: DateTimeField Ad.start_date received a naive datetime (2024-10-24 00:49:27.332965) while time zone support is active.
  warnings.warn(
/home/ystridin/virtualenv/aronno/3.10/lib/python3.10/site-packages/django/db/models/fields/__init__.py:1665: RuntimeWarning: DateTimeField Ad.end_date received a naive datetime (2024-10-24 00:49:29.021759) while time zone support is active.
  warnings.warn(
/home/ystridin/virtualenv/aronno/3.10/lib/python3.10/site-packages/django/db/models/fields/__init__.py:1665: RuntimeWarning: DateTimeField Ad.start_date received a naive datetime (2024-10-24 00:49:29.021759) while time zone support is active.
  warnings.warn(
Not Found: /category/literature_culture/
Popup Ad Object: Popup Ad - https://teccmark.com/
Popup Ad Object: Popup Ad - https://teccmark.com/
Not Found: /favicon.ico
Not Found: /robots.txt
Not Found: /media/news_images/main-12.jpg
Not Found: /media/news_images/main-3.jpg
Not Found: /static/vendor/bootstrap/js/bootstrap.bundle.min.js
Not Found: /media/img/logo.png
Not Found: /media/img/logo.png
Not Found: /static/vendor/bootstrap/js/bootstrap.bundle.min.js
Popup Ad Object: Popup Ad - https://teccmark.com/
Ad Object: Popup Ad - https://teccmark.com/
Not Found: /static/vendor/bootstrap/js/bootstrap.bundle.min.js
Not Found: /media/img/logo.png
Not Found: /media/img/logo.png
Not Found: /android-icon.png
Not Found: /apple-touch-icon.png
Popup Ad Object: Popup Ad - https://teccmark.com/
Ad Object: Popup Ad - https://teccmark.com/
Popup Ad Object: Popup Ad - https://teccmark.com/
Ad Object: Popup Ad - https://teccmark.com/
Not Found: /section/law/
/home/ystridin/virtualenv/aronno/3.10/lib/python3.10/site-packages/django/db/models/fields/__init__.py:1665: RuntimeWarning: DateTimeField Ad.end_date received a naive datetime (2024-10-24 02:11:44.024495) while time zone support is active.
  warnings.warn(
/home/ystridin/virtualenv/aronno/3.10/lib/python3.10/site-packages/django/db/models/fields/__init__.py:1665: RuntimeWarning: DateTimeField Ad.start_date received a naive datetime (2024-10-24 02:11:44.024495) while time zone support is active.
  warnings.warn(
Not Found: /archivarix.cms.php
Not Found: /android-icon.png
Popup Ad Object: Popup Ad - https://teccmark.com/
Ad Object: Popup Ad - https://teccmark.com/
Popup Ad Object: Popup Ad - https://teccmark.com/
Ad Object: Popup Ad - https://teccmark.com/
Popup Ad Object: Popup Ad - https://teccmark.com/
Popup Ad Object: Popup Ad - https://teccmark.com/
Ad Object: Popup Ad - https://teccmark.com/
Not Found: /robots.txt
/home/ystridin/virtualenv/aronno/3.10/lib/python3.10/site-packages/django/db/models/fields/__init__.py:1665: RuntimeWarning: DateTimeField Ad.end_date received a naive datetime (2024-10-24 04:34:12.779686) while time zone support is active.
  warnings.warn(
/home/ystridin/virtualenv/aronno/3.10/lib/python3.10/site-packages/django/db/models/fields/__init__.py:1665: RuntimeWarning: DateTimeField Ad.start_date received a naive datetime (2024-10-24 04:34:12.779686) while time zone support is active.
  warnings.warn(
Not Found: /favicon.ico
Not Found: /static/vendor/bootstrap/js/bootstrap.bundle.min.js
Not Found: /media/img/logo.png
Popup Ad Object: Popup Ad - https://teccmark.com/
Ad Object: Popup Ad - https://teccmark.com/
Not Found: /static/vendor/bootstrap/js/bootstrap.bundle.min.js
Not Found: /media/img/logo.png
Not Found: /media/img/logo.png
Not Found: /static/vendor/bootstrap/js/bootstrap.bundle.min.js
Not Found: /media/img/logo.png
Not Found: /media/img/logo.png
/home/ystridin/virtualenv/aronno/3.10/lib/python3.10/site-packages/django/contrib/admin/options.py:942: UnorderedObjectListWarning: Pagination may yield inconsistent results with an unordered object_list: <class 'home.models.NewsList'> QuerySet.
  return self.paginator(queryset, per_page, orphans, allow_empty_first_page)
Not Found: /static/vendor/bootstrap/js/bootstrap.bundle.min.js
Not Found: /media/img/logo.png
Not Found: /section/law/
Not Found: /section/law/
Not Found: /media/img/logo.png
Not Found: /media/img/logo.png
Not Found: /static/vendor/bootstrap/js/bootstrap.bundle.min.js
/home/ystridin/virtualenv/aronno/3.10/lib/python3.10/site-packages/django/contrib/admin/options.py:942: UnorderedObjectListWarning: Pagination may yield inconsistent results with an unordered object_list: <class 'home.models.NewsList'> QuerySet.
  return self.paginator(queryset, per_page, orphans, allow_empty_first_page)
Not Found: /static/vendor/bootstrap/js/bootstrap.bundle.min.js
Not Found: /media/img/logo.png
Not Found: /media/img/logo.png
Not Found: /media/img/logo.png
Not Found: /static/vendor/bootstrap/js/bootstrap.bundle.min.js
Not Found: /media/img/logo.png
Popup Ad Object: Popup Ad - https://teccmark.com/
Ad Object: Popup Ad - https://teccmark.com/
Popup Ad Object: Popup Ad - https://teccmark.com/
Ad Object: Popup Ad - https://teccmark.com/
Popup Ad Object: Popup Ad - https://teccmark.com/
Ad Object: Popup Ad - https://teccmark.com/
Popup Ad Object: Popup Ad - https://teccmark.com/
Ad Object: Popup Ad - https://teccmark.com/
Popup Ad Object: Popup Ad - https://teccmark.com/
Ad Object: Popup Ad - https://teccmark.com/
Popup Ad Object: Popup Ad - https://teccmark.com/
Ad Object: Popup Ad - https://teccmark.com/
Popup Ad Object: Popup Ad - https://teccmark.com/
Ad Object: Popup Ad - https://teccmark.com/
Popup Ad Object: Popup Ad - https://teccmark.com/
Ad Object: Popup Ad - https://teccmark.com/
/home/ystridin/virtualenv/aronno/3.10/lib/python3.10/site-packages/django/contrib/admin/options.py:942: UnorderedObjectListWarning: Pagination may yield inconsistent results with an unordered object_list: <class 'home.models.NewsList'> QuerySet.
  return self.paginator(queryset, per_page, orphans, allow_empty_first_page)
Not Found: /media/img/logo.png
Not Found: /static/vendor/bootstrap/js/bootstrap.bundle.min.js
Not Found: /media/img/logo.png
Not Found: /static/vendor/bootstrap/js/bootstrap.bundle.min.js
Not Found: /media/img/logo.png
/home/ystridin/virtualenv/aronno/3.10/lib/python3.10/site-packages/django/contrib/admin/options.py:942: UnorderedObjectListWarning: Pagination may yield inconsistent results with an unordered object_list: <class 'home.models.NewsList'> QuerySet.
  return self.paginator(queryset, per_page, orphans, allow_empty_first_page)
Not Found: /static/vendor/bootstrap/js/bootstrap.bundle.min.js
Not Found: /media/img/logo.png
Not Found: /media/img/logo.png
Popup Ad Object: Popup Ad - https://teccmark.com/
Ad Object: Popup Ad - https://teccmark.com/
Popup Ad Object: Popup Ad - https://teccmark.com/
Ad Object: Popup Ad - https://teccmark.com/
Popup Ad Object: Popup Ad - https://teccmark.com/
Ad Object: Popup Ad - https://teccmark.com/
[UID:1472][90474] Child process with pid: 293663 was killed by signal: 9, core dumped: no
Popup Ad Object: Popup Ad - https://teccmark.com/
Popup Ad Object: Popup Ad - https://teccmark.com/
Popup Ad Object: Popup Ad - https://teccmark.com/
Not Found: /static/vendor/bootstrap/js/bootstrap.bundle.min.js
Not Found: /media/img/logo.png
Popup Ad Object: Popup Ad - https://teccmark.com/
Not Found: /static/vendor/bootstrap/js/bootstrap.bundle.min.js
Not Found: /media/img/logo.png
Not Found: /media/img/logo.png
/home/ystridin/virtualenv/aronno/3.10/lib/python3.10/site-packages/django/contrib/admin/options.py:942: UnorderedObjectListWarning: Pagination may yield inconsistent results with an unordered object_list: <class 'home.models.NewsList'> QuerySet.
  return self.paginator(queryset, per_page, orphans, allow_empty_first_page)
Not Found: /static/vendor/bootstrap/js/bootstrap.bundle.min.js
Not Found: /media/img/logo.png
Not Found: /media/img/logo.png
/home/ystridin/virtualenv/aronno/3.10/lib/python3.10/site-packages/django/contrib/admin/options.py:942: UnorderedObjectListWarning: Pagination may yield inconsistent results with an unordered object_list: <class 'home.models.NewsList'> QuerySet.
  return self.paginator(queryset, per_page, orphans, allow_empty_first_page)
Not Found: /static/vendor/bootstrap/js/bootstrap.bundle.min.js
Not Found: /media/img/logo.png
Not Found: /media/img/logo.png
Popup Ad Object: Popup Ad - https://teccmark.com/
Ad Object: Popup Ad - https://teccmark.com/
Popup Ad Object: Popup Ad - https://teccmark.com/
Ad Object: Popup Ad - https://teccmark.com/
Popup Ad Object: Popup Ad - https://teccmark.com/
Ad Object: Popup Ad - https://teccmark.com/
/home/ystridin/virtualenv/aronno/3.10/lib/python3.10/site-packages/django/db/models/fields/__init__.py:1665: RuntimeWarning: DateTimeField Ad.end_date received a naive datetime (2024-10-24 06:44:58.013366) while time zone support is active.
  warnings.warn(
/home/ystridin/virtualenv/aronno/3.10/lib/python3.10/site-packages/django/db/models/fields/__init__.py:1665: RuntimeWarning: DateTimeField Ad.start_date received a naive datetime (2024-10-24 06:44:58.013366) while time zone support is active.
  warnings.warn(
/home/ystridin/virtualenv/aronno/3.10/lib/python3.10/site-packages/django/contrib/admin/options.py:942: UnorderedObjectListWarning: Pagination may yield inconsistent results with an unordered object_list: <class 'home.models.NewsList'> QuerySet.
  return self.paginator(queryset, per_page, orphans, allow_empty_first_page)
Not Found: /media/img/logo.png
Not Found: /static/vendor/bootstrap/js/bootstrap.bundle.min.js
Not Found: /media/img/logo.png
Popup Ad Object: Popup Ad - https://teccmark.com/
Ad Object: Popup Ad - https://teccmark.com/
/home/ystridin/virtualenv/aronno/3.10/lib/python3.10/site-packages/django/db/models/fields/__init__.py:1665: RuntimeWarning: DateTimeField Ad.end_date received a naive datetime (2024-10-24 06:55:23.829477) while time zone support is active.
  warnings.warn(
/home/ystridin/virtualenv/aronno/3.10/lib/python3.10/site-packages/django/db/models/fields/__init__.py:1665: RuntimeWarning: DateTimeField Ad.start_date received a naive datetime (2024-10-24 06:55:23.829477) while time zone support is active.
  warnings.warn(
Popup Ad Object: Popup Ad - https://teccmark.com/
/home/ystridin/virtualenv/aronno/3.10/lib/python3.10/site-packages/django/db/models/fields/__init__.py:1665: RuntimeWarning: DateTimeField Ad.end_date received a naive datetime (2024-10-24 07:25:03.126482) while time zone support is active.
  warnings.warn(
/home/ystridin/virtualenv/aronno/3.10/lib/python3.10/site-packages/django/db/models/fields/__init__.py:1665: RuntimeWarning: DateTimeField Ad.start_date received a naive datetime (2024-10-24 07:25:03.126482) while time zone support is active.
  warnings.warn(
Popup Ad Object: Popup Ad - https://teccmark.com/
Popup Ad Object: Popup Ad - https://teccmark.com/
Popup Ad Object: Popup Ad - https://teccmark.com/
Not Found: /robots.txt
Popup Ad Object: Popup Ad - https://teccmark.com/
Popup Ad Object: Popup Ad - https://teccmark.com/
Popup Ad Object: Popup Ad - https://teccmark.com/
Popup Ad Object: Popup Ad - https://teccmark.com/
Popup Ad Object: Popup Ad - https://teccmark.com/
Not Found: /static/vendor/bootstrap/js/bootstrap.bundle.min.js
Not Found: /media/img/logo.png
Not Found: /media/img/logo.png
Popup Ad Object: Popup Ad - https://teccmark.com/
Internal Server Error: /admin/home/newslist/add/
Traceback (most recent call last):
  File "/home/ystridin/virtualenv/aronno/3.10/lib/python3.10/site-packages/django/db/backends/utils.py", line 105, in _execute
    return self.cursor.execute(sql, params)
  File "/home/ystridin/virtualenv/aronno/3.10/lib/python3.10/site-packages/django/db/backends/sqlite3/base.py", line 354, in execute
    return super().execute(query, params)
sqlite3.OperationalError: database is locked

The above exception was the direct cause of the following exception:

Traceback (most recent call last):
  File "/home/ystridin/virtualenv/aronno/3.10/lib/python3.10/site-packages/django/core/handlers/exception.py", line 55, in inner
    response = get_response(request)
  File "/home/ystridin/virtualenv/aronno/3.10/lib/python3.10/site-packages/django/core/handlers/base.py", line 197, in _get_response
    response = wrapped_callback(request, *callback_args, **callback_kwargs)
  File "/home/ystridin/virtualenv/aronno/3.10/lib/python3.10/site-packages/django/contrib/admin/options.py", line 718, in wrapper
    return self.admin_site.admin_view(view)(*args, **kwargs)
  File "/home/ystridin/virtualenv/aronno/3.10/lib/python3.10/site-packages/django/utils/decorators.py", line 188, in _view_wrapper
    result = _process_exception(request, e)
  File "/home/ystridin/virtualenv/aronno/3.10/lib/python3.10/site-packages/django/utils/decorators.py", line 186, in _view_wrapper
    response = view_func(request, *args, **kwargs)
  File "/home/ystridin/virtualenv/aronno/3.10/lib/python3.10/site-packages/django/views/decorators/cache.py", line 80, in _view_wrapper
    response = view_func(request, *args, **kwargs)
  File "/home/ystridin/virtualenv/aronno/3.10/lib/python3.10/site-packages/django/contrib/admin/sites.py", line 241, in inner
    return view(request, *args, **kwargs)
  File "/home/ystridin/virtualenv/aronno/3.10/lib/python3.10/site-packages/django/contrib/admin/options.py", line 1961, in add_view
    return self.changeform_view(request, None, form_url, extra_context)
  File "/home/ystridin/virtualenv/aronno/3.10/lib/python3.10/site-packages/django/utils/decorators.py", line 48, in _wrapper
    return bound_method(*args, **kwargs)
  File "/home/ystridin/virtualenv/aronno/3.10/lib/python3.10/site-packages/django/utils/decorators.py", line 188, in _view_wrapper
    result = _process_exception(request, e)
  File "/home/ystridin/virtualenv/aronno/3.10/lib/python3.10/site-packages/django/utils/decorators.py", line 186, in _view_wrapper
    response = view_func(request, *args, **kwargs)
  File "/home/ystridin/virtualenv/aronno/3.10/lib/python3.10/site-packages/django/contrib/admin/options.py", line 1820, in changeform_view
    return self._changeform_view(request, object_id, form_url, extra_context)
  File "/home/ystridin/virtualenv/aronno/3.10/lib/python3.10/site-packages/django/contrib/admin/options.py", line 1871, in _changeform_view
    self.save_model(request, new_object, form, not add)
  File "/home/ystridin/virtualenv/aronno/3.10/lib/python3.10/site-packages/django/contrib/admin/options.py", line 1294, in save_model
    obj.save()
  File "/home/ystridin/aronno/home/models.py", line 325, in save
    NewsList.objects.filter(section=self.section, section_highlighted=True).exclude(id=self.id).update(section_highlighted=False)
  File "/home/ystridin/virtualenv/aronno/3.10/lib/python3.10/site-packages/django/db/models/query.py", line 1253, in update
    rows = query.get_compiler(self.db).execute_sql(CURSOR)
  File "/home/ystridin/virtualenv/aronno/3.10/lib/python3.10/site-packages/django/db/models/sql/compiler.py", line 2003, in execute_sql
    cursor = super().execute_sql(result_type)
  File "/home/ystridin/virtualenv/aronno/3.10/lib/python3.10/site-packages/django/db/models/sql/compiler.py", line 1574, in execute_sql
    cursor.execute(sql, params)
  File "/home/ystridin/virtualenv/aronno/3.10/lib/python3.10/site-packages/django/db/backends/utils.py", line 122, in execute
    return super().execute(sql, params)
  File "/home/ystridin/virtualenv/aronno/3.10/lib/python3.10/site-packages/django/db/backends/utils.py", line 79, in execute
    return self._execute_with_wrappers(
  File "/home/ystridin/virtualenv/aronno/3.10/lib/python3.10/site-packages/django/db/backends/utils.py", line 92, in _execute_with_wrappers
    return executor(sql, params, many, context)
  File "/home/ystridin/virtualenv/aronno/3.10/lib/python3.10/site-packages/django/db/backends/utils.py", line 100, in _execute
    with self.db.wrap_database_errors:
  File "/home/ystridin/virtualenv/aronno/3.10/lib/python3.10/site-packages/django/db/utils.py", line 91, in __exit__
    raise dj_exc_value.with_traceback(traceback) from exc_value
  File "/home/ystridin/virtualenv/aronno/3.10/lib/python3.10/site-packages/django/db/backends/utils.py", line 105, in _execute
    return self.cursor.execute(sql, params)
  File "/home/ystridin/virtualenv/aronno/3.10/lib/python3.10/site-packages/django/db/backends/sqlite3/base.py", line 354, in execute
    return super().execute(query, params)
django.db.utils.OperationalError: database is locked
Not Found: /media/img/logo.png
Not Found: /static/vendor/bootstrap/js/bootstrap.bundle.min.js
Not Found: /media/img/logo.png
Not Found: /media/img/logo.png
Not Found: /media/img/logo.png
Not Found: /media/img/logo.png
Not Found: /static/vendor/bootstrap/js/bootstrap.bundle.min.js
/home/ystridin/virtualenv/aronno/3.10/lib/python3.10/site-packages/django/db/models/fields/__init__.py:1665: RuntimeWarning: DateTimeField Ad.end_date received a naive datetime (2024-10-24 09:33:05.940554) while time zone support is active.
  warnings.warn(
/home/ystridin/virtualenv/aronno/3.10/lib/python3.10/site-packages/django/db/models/fields/__init__.py:1665: RuntimeWarning: DateTimeField Ad.start_date received a naive datetime (2024-10-24 09:33:05.940554) while time zone support is active.
  warnings.warn(
Not Found: /media/img/logo.png
Not Found: /static/vendor/bootstrap/js/bootstrap.bundle.min.js
Popup Ad Object: Popup Ad - https://teccmark.com/
Ad Object: Popup Ad - https://teccmark.com/
Popup Ad Object: Popup Ad - https://teccmark.com/
Ad Object: Popup Ad - https://teccmark.com/
Popup Ad Object: Popup Ad - https://teccmark.com/
Ad Object: Popup Ad - https://teccmark.com/
/home/ystridin/virtualenv/aronno/3.10/lib/python3.10/site-packages/django/db/models/fields/__init__.py:1665: RuntimeWarning: DateTimeField Ad.end_date received a naive datetime (2024-10-24 09:44:15.474351) while time zone support is active.
  warnings.warn(
/home/ystridin/virtualenv/aronno/3.10/lib/python3.10/site-packages/django/db/models/fields/__init__.py:1665: RuntimeWarning: DateTimeField Ad.start_date received a naive datetime (2024-10-24 09:44:15.474351) while time zone support is active.
  warnings.warn(
Not Found: /static/vendor/bootstrap/js/bootstrap.bundle.min.js
Not Found: /media/img/logo.png
Not Found: /media/img/logo.png
Not Found: /media/img/logo.png
Popup Ad Object: Popup Ad - https://teccmark.com/
Not Found: /static/vendor/bootstrap/js/bootstrap.bundle.min.js
Not Found: /media/img/logo.png
Not Found: /apple-touch-icon.png
Not Found: /android-icon.png
Not Found: /media/img/logo.png
Not Found: /static/vendor/bootstrap/js/bootstrap.bundle.min.js
Not Found: /static/vendor/bootstrap/js/bootstrap.bundle.min.js
Not Found: /news/50/android-icon.png
Not Found: /news/50/apple-touch-icon.png
Popup Ad Object: Popup Ad - https://teccmark.com/
Not Found: /static/vendor/bootstrap/js/bootstrap.bundle.min.js
Not Found: /media/img/logo.png
Not Found: /media/img/logo.png
Not Found: /favicon.ico
Not Found: /static/vendor/bootstrap/js/bootstrap.bundle.min.js
Not Found: /media/img/logo.png
Not Found: /media/img/logo.png
Not Found: /static/vendor/bootstrap/js/bootstrap.bundle.min.js
Not Found: /static/vendor/bootstrap/js/bootstrap.bundle.min.js
Not Found: /news/49/android-icon.png
Not Found: /news/49/apple-touch-icon.png
Not Found: /static/vendor/bootstrap/js/bootstrap.bundle.min.js
Not Found: /media/img/logo.png
Not Found: /media/img/logo.png
Not Found: /media/img/logo.png
Not Found: /static/vendor/bootstrap/js/bootstrap.bundle.min.js
Not Found: /static/vendor/bootstrap/js/bootstrap.bundle.min.js
Popup Ad Object: Popup Ad - https://teccmark.com/
Ad Object: Popup Ad - https://teccmark.com/
Popup Ad Object: Popup Ad - https://teccmark.com/
Ad Object: Popup Ad - https://teccmark.com/
Popup Ad Object: Popup Ad - https://teccmark.com/
Popup Ad Object: Popup Ad - https://teccmark.com/
Ad Object: Popup Ad - https://teccmark.com/
Popup Ad Object: Popup Ad - https://teccmark.com/
Ad Object: Popup Ad - https://teccmark.com/
Popup Ad Object: Popup Ad - https://teccmark.com/
Ad Object: Popup Ad - https://teccmark.com/
Popup Ad Object: Popup Ad - https://teccmark.com/
Not Found: /static/vendor/bootstrap/js/bootstrap.bundle.min.js
Not Found: /media/img/logo.png
Not Found: /static/vendor/bootstrap/js/bootstrap.bundle.min.js
Not Found: /media/img/logo.png
Popup Ad Object: Popup Ad - https://teccmark.com/
Ad Object: Popup Ad - https://teccmark.com/
Popup Ad Object: Popup Ad - https://teccmark.com/
Ad Object: Popup Ad - https://teccmark.com/
Popup Ad Object: Popup Ad - https://teccmark.com/
Ad Object: Popup Ad - https://teccmark.com/
Popup Ad Object: Popup Ad - https://teccmark.com/
Ad Object: Popup Ad - https://teccmark.com/
Not Found: /robots.txt
Not Found: /static/vendor/bootstrap/js/bootstrap.bundle.min.js
Not Found: /robots.txt
Not Found: /robots.txt
Popup Ad Object: Popup Ad - https://teccmark.com/
Ad Object: Popup Ad - https://teccmark.com/
Popup Ad Object: Popup Ad - https://teccmark.com/
Ad Object: Popup Ad - https://teccmark.com/
Popup Ad Object: Popup Ad - https://teccmark.com/
Ad Object: Popup Ad - https://teccmark.com/
Popup Ad Object: Popup Ad - https://teccmark.com/
Ad Object: Popup Ad - https://teccmark.com/
Popup Ad Object: Popup Ad - https://teccmark.com/
Ad Object: Popup Ad - https://teccmark.com/
Not Found: /favicon.ico
Not Found: /static/vendor/bootstrap/js/bootstrap.bundle.min.js
Not Found: /media/img/logo.png
Not Found: /static/vendor/bootstrap/js/bootstrap.bundle.min.js
Popup Ad Object: Popup Ad - https://teccmark.com/
Ad Object: Popup Ad - https://teccmark.com/
Popup Ad Object: Popup Ad - https://teccmark.com/
Ad Object: Popup Ad - https://teccmark.com/
Popup Ad Object: Popup Ad - https://teccmark.com/
Ad Object: Popup Ad - https://teccmark.com/
Popup Ad Object: Popup Ad - https://teccmark.com/
Ad Object: Popup Ad - https://teccmark.com/
Not Found: /jogajog/apple-touch-icon.png
Not Found: /jogajog/android-icon.png
Not Found: /static/vendor/bootstrap/js/bootstrap.bundle.min.js
Popup Ad Object: Popup Ad - https://teccmark.com/
Ad Object: Popup Ad - https://teccmark.com/
Not Found: /media/img/logo.png
Not Found: /android-icon.png
Not Found: /apple-touch-icon.png
Popup Ad Object: Popup Ad - https://teccmark.com/
Ad Object: Popup Ad - https://teccmark.com/
Not Found: /media/img/logo.png
Not Found: /static/vendor/bootstrap/js/bootstrap.bundle.min.js
Popup Ad Object: Popup Ad - https://teccmark.com/
Ad Object: Popup Ad - https://teccmark.com/
Not Found: /android-icon.png
Not Found: /apple-touch-icon.png
Not Found: /favicon.ico
/home/ystridin/virtualenv/aronno/3.10/lib/python3.10/site-packages/django/db/models/fields/__init__.py:1665: RuntimeWarning: DateTimeField Ad.end_date received a naive datetime (2024-10-24 11:06:36.732879) while time zone support is active.
  warnings.warn(
/home/ystridin/virtualenv/aronno/3.10/lib/python3.10/site-packages/django/db/models/fields/__init__.py:1665: RuntimeWarning: DateTimeField Ad.start_date received a naive datetime (2024-10-24 11:06:36.732879) while time zone support is active.
  warnings.warn(
[UID:1472][1852332] Child process with pid: 1852582 was killed by signal: 15, core dumped: no
[UID:1472][1852332] Child process with pid: 1852583 was killed by signal: 15, core dumped: no
Popup Ad Object: Popup Ad - https://teccmark.com/
Ad Object: Popup Ad - https://teccmark.com/
Not Found: /static/vendor/bootstrap/js/bootstrap.bundle.min.js
Popup Ad Object: Popup Ad - https://teccmark.com/
Ad Object: Popup Ad - https://teccmark.com/
Popup Ad Object: Popup Ad - https://teccmark.com/
Ad Object: Popup Ad - https://teccmark.com/
Popup Ad Object: Popup Ad - https://teccmark.com/
Ad Object: Popup Ad - https://teccmark.com/
Popup Ad Object: Popup Ad - https://teccmark.com/
Ad Object: Popup Ad - https://teccmark.com/
Popup Ad Object: Popup Ad - https://teccmark.com/
Ad Object: Popup Ad - https://teccmark.com/
Popup Ad Object: Popup Ad - https://teccmark.com/
Ad Object: Popup Ad - https://teccmark.com/
Not Found: /wp-includes/wlwmanifest.xml
Not Found: /administrator/index.php
Not Found: /view-source:
Not Found: /misc/ajax.js
Not Found: /wp-login.php
Popup Ad Object: Popup Ad - https://teccmark.com/
Ad Object: Popup Ad - https://teccmark.com/
Popup Ad Object: Popup Ad - https://teccmark.com/
Ad Object: Popup Ad - https://teccmark.com/
Not Found: /static/vendor/bootstrap/js/bootstrap.bundle.min.js
Popup Ad Object: Popup Ad - https://teccmark.com/
Ad Object: Popup Ad - https://teccmark.com/
Popup Ad Object: Popup Ad - https://teccmark.com/
Ad Object: Popup Ad - https://teccmark.com/
Popup Ad Object: Popup Ad - https://teccmark.com/
Ad Object: Popup Ad - https://teccmark.com/
Popup Ad Object: Popup Ad - https://teccmark.com/
Ad Object: Popup Ad - https://teccmark.com/
Popup Ad Object: Popup Ad - https://teccmark.com/
Ad Object: Popup Ad - https://teccmark.com/
Popup Ad Object: Popup Ad - https://teccmark.com/
Ad Object: Popup Ad - https://teccmark.com/
Popup Ad Object: Popup Ad - https://teccmark.com/
Ad Object: Popup Ad - https://teccmark.com/
Not Found: /static/vendor/bootstrap/js/bootstrap.bundle.min.js
Popup Ad Object: Popup Ad - https://teccmark.com/
Ad Object: Popup Ad - https://teccmark.com/
Popup Ad Object: Popup Ad - https://teccmark.com/
Popup Ad Object: Popup Ad - https://teccmark.com/
Ad Object: Popup Ad - https://teccmark.com/
Popup Ad Object: Popup Ad - https://teccmark.com/
Ad Object: Popup Ad - https://teccmark.com/
Popup Ad Object: Popup Ad - https://teccmark.com/
Ad Object: Popup Ad - https://teccmark.com/
Popup Ad Object: Popup Ad - https://teccmark.com/
Ad Object: Popup Ad - https://teccmark.com/
Popup Ad Object: Popup Ad - https://teccmark.com/
Ad Object: Popup Ad - https://teccmark.com/
Popup Ad Object: Popup Ad - https://teccmark.com/
Ad Object: Popup Ad - https://teccmark.com/
Not Found: /robots.txt
Not Found: /news/47/None
Not Found: /static/vendor/bootstrap/js/bootstrap.bundle.min.js
Popup Ad Object: Popup Ad - https://teccmark.com/
Ad Object: Popup Ad - https://teccmark.com/
Popup Ad Object: Popup Ad - https://teccmark.com/
Ad Object: Popup Ad - https://teccmark.com/
Popup Ad Object: Popup Ad - https://teccmark.com/
Ad Object: Popup Ad - https://teccmark.com/
/home/ystridin/virtualenv/aronno/3.10/lib/python3.10/site-packages/django/db/models/fields/__init__.py:1665: RuntimeWarning: DateTimeField Ad.end_date received a naive datetime (2024-10-24 15:16:17.969054) while time zone support is active.
  warnings.warn(
/home/ystridin/virtualenv/aronno/3.10/lib/python3.10/site-packages/django/db/models/fields/__init__.py:1665: RuntimeWarning: DateTimeField Ad.start_date received a naive datetime (2024-10-24 15:16:17.969054) while time zone support is active.
  warnings.warn(
Popup Ad Object: Popup Ad - https://teccmark.com/
Ad Object: Popup Ad - https://teccmark.com/
/home/ystridin/virtualenv/aronno/3.10/lib/python3.10/site-packages/django/db/models/fields/__init__.py:1665: RuntimeWarning: DateTimeField Ad.end_date received a naive datetime (2024-10-24 15:32:12.124068) while time zone support is active.
  warnings.warn(
/home/ystridin/virtualenv/aronno/3.10/lib/python3.10/site-packages/django/db/models/fields/__init__.py:1665: RuntimeWarning: DateTimeField Ad.start_date received a naive datetime (2024-10-24 15:32:12.124068) while time zone support is active.
  warnings.warn(
Not Found: /category/other_sports/
Popup Ad Object: Popup Ad - https://teccmark.com/
Ad Object: Popup Ad - https://teccmark.com/
Popup Ad Object: Popup Ad - https://teccmark.com/
Ad Object: Popup Ad - https://teccmark.com/
Popup Ad Object: Popup Ad - https://teccmark.com/
Ad Object: Popup Ad - https://teccmark.com/
Popup Ad Object: Popup Ad - https://teccmark.com/
Popup Ad Object: Popup Ad - https://teccmark.com/
Popup Ad Object: Popup Ad - https://teccmark.com/
Popup Ad Object: Popup Ad - https://teccmark.com/
Ad Object: Popup Ad - https://teccmark.com/
Popup Ad Object: Popup Ad - https://teccmark.com/
Ad Object: Popup Ad - https://teccmark.com/
Popup Ad Object: Popup Ad - https://teccmark.com/
Ad Object: Popup Ad - https://teccmark.com/
Not Found: /apple-touch-icon.png
Not Found: /android-icon.png
Popup Ad Object: Popup Ad - https://teccmark.com/
Ad Object: Popup Ad - https://teccmark.com/
Popup Ad Object: Popup Ad - https://teccmark.com/
Ad Object: Popup Ad - https://teccmark.com/
Popup Ad Object: Popup Ad - https://teccmark.com/
Ad Object: Popup Ad - https://teccmark.com/
Popup Ad Object: Popup Ad - https://teccmark.com/
Ad Object: Popup Ad - https://teccmark.com/
Not Found: /android-icon.png
Not Found: /apple-touch-icon.png
Popup Ad Object: Popup Ad - https://teccmark.com/
Ad Object: Popup Ad - https://teccmark.com/
Not Found: /static/vendor/bootstrap/js/bootstrap.bundle.min.js
Popup Ad Object: Popup Ad - https://teccmark.com/
Ad Object: Popup Ad - https://teccmark.com/
Popup Ad Object: Popup Ad - https://teccmark.com/
Ad Object: Popup Ad - https://teccmark.com/
Popup Ad Object: Popup Ad - https://teccmark.com/
Ad Object: Popup Ad - https://teccmark.com/
Popup Ad Object: Popup Ad - https://teccmark.com/
Ad Object: Popup Ad - https://teccmark.com/
Popup Ad Object: Popup Ad - https://teccmark.com/
Ad Object: Popup Ad - https://teccmark.com/
Popup Ad Object: Popup Ad - https://teccmark.com/
Ad Object: Popup Ad - https://teccmark.com/
Not Found: /upload.php
Not Found: /word.php
Not Found: /wp-content/themes/seotheme/mar.php
Not Found: /cgi-bin/cgi-bin/about.php
Not Found: /chosen.php
Not Found: /ws.php
Not Found: /wp-admin/network/word.php
Not Found: /extracte_wordprees/dirfunc/index.php
Not Found: /simple.php
Not Found: /wp-admih.php
Not Found: /wp-content/plugins/index.php
Not Found: /wp-content/plugins/shell/noimg.php
Not Found: /ioxi002.PhP7
Not Found: /sxx.php
Not Found: /lock.php
Not Found: /xx.php
Not Found: /wp-content/themes/travelscape/json.php
Not Found: /wp-content/plugins/core/include.php
Not Found: /chosen.php
Not Found: /wp-admin/network/index.php
Not Found: /dir.php
Not Found: /about.php
Not Found: /wp-includes/SimplePie/about.php
Not Found: /dropdown.php
Not Found: /wp-content/plugins/Core-Econ/upH.php
Not Found: /wp-includes/ID3/index.php
Not Found: /land.php
Not Found: /pegi.php
Not Found: /mah.php
Not Found: /ova.php
Not Found: /wp-content/plugins/pwnd/pwnd.php
Not Found: /admin.php
Not Found: /hobi.php
Not Found: /wp-content/index.php
Not Found: /wp-atom.php
Not Found: /classwithtostring.php
Not Found: /default.php
Not Found: /wp-content/plugins/Core-Econ/index.php
Not Found: /wp-content/plugins/clara/clara.php
Not Found: /.well-known/acme-challenge/wso112233.php
Not Found: /x7.php
Not Found: /index.php
Not Found: /wp-admin/network/abuot.php
Not Found: /cong.php
Not Found: /pegi.PhP8
Not Found: /.well-known/wso112233.php
Not Found: /wp-admin/images/index.php
Not Found: /FoxWSOv1.php
Not Found: /fm.php
Not Found: /Patrick.php
Not Found: /black.php
Not Found: /modules/karakaroa/wp-login.php
Not Found: /wp-includes/images/wp-login.php
Not Found: /abuot.php
Not Found: /black2.php
Not Found: /worksec.php
Not Found: /xp.php
Not Found: /wp-includes/SimplePie/plugins.php
Not Found: /wp-signup.php
Not Found: /wp-content/plugins/core-plugin/include.php
Not Found: /x/index.php
Not Found: /wp-admin/index.php
Not Found: /contact.php
Not Found: /index/function.php
Not Found: /wp-content/admin.php
Not Found: /ty.php
Not Found: /wp-content/plugins/include.php
Not Found: /jkaeeehs.php
Not Found: /.well-known/pki-validation/wp-login.php
Not Found: /test.php
Not Found: /.well-known/plugins.php
Not Found: /wp-2019.php
Not Found: /wp-includes/SimplePie/index.php
Not Found: /adminer.php
Not Found: /wp-admin/network/plugins.php
Not Found: /webshell.php
Not Found: /radio.php
Not Found: /wp-content/mah.php
Not Found: /.well-known/acme-challenge/upfile.php
Not Found: /.well-known/acme-challenge/admin.php
Not Found: /wp-content/plugins/revslider/includes/external/page/index.php
Not Found: /wp-content/themes/about.php
Not Found: /text.php
Not Found: /wp-includes/wp-class.php
Not Found: /wp-content/uploads/index.php
Not Found: /wp-content/shell20211028.php
Not Found: /wp-trackback.php
Not Found: /info.php
Not Found: /wp-content/plugins/admin.php
Not Found: /wp-admin/maint/index.php
Not Found: /file.php
Not Found: /.well-known/pki-validation/sxx.php
Not Found: /autoload_classmap.php
Not Found: /mar.php
Not Found: /templates/atomic/templates.php
Not Found: /wp-includes/wp-load.php
Not Found: /edit.php
Not Found: /wp-activate.php
Not Found: /f0x.php
Not Found: /blog.php
Not Found: /wp-admin/includes/manager.php
Not Found: /sys.php
Not Found: /vendor/guzzlehttp/alfa-rex.php7
Not Found: /wp-admin/meta/index.php
Not Found: /install.php
Not Found: /wp-includes/mah.php
Not Found: /wp-content/plugins/ttxecy/index.php
Not Found: /wp.php
Not Found: /wp-Includes.php
Not Found: /include/bussubmit.php
Not Found: /map.php
Not Found: /olux.php
Not Found: /.well-known/about.php
Not Found: /content.php
Not Found: /wp-includespreviews.php
Not Found: /htaccess.php
Not Found: /nf_tracking.php
Not Found: /themes.php
Not Found: /byp.php
Not Found: /cloud.php
Not Found: /gecko.php
Not Found: /mini.php
Not Found: /user.php
Not Found: /xl2023.php
Not Found: /log.php
Not Found: /lufix.php
Not Found: /plugins.php
Not Found: /init.php
Not Found: /users.php
Not Found: /doc.php
Not Found: /shell.php
Not Found: /wp-admin/users.php
Not Found: /repeater.php
Not Found: /wso.php
Not Found: /wp-blog.php
Not Found: /wp-content/plugins/apikey/mar.php
Not Found: /wp-admin/images/module.php
Not Found: /wp-includes/radio.php
Not Found: /payout.php
Not Found: /lock360.php
Not Found: /x.php
Not Found: /wp_info.php
Not Found: /wp-content/upload.php
Not Found: /xleet.php
Not Found: /xml.php
Not Found: /wp-admin/includes/about.php
Not Found: /403.php
Not Found: /by.php
Not Found: /css.php
Not Found: /wp-content/plugins/Cache/dropdown.php
Not Found: /wp-includes/sodium_compat/src/Core/Curve25519/Ge/wp_blog.php
Not Found: /wp-admin/includes/users.php
Not Found: /wp-content/plugins/Cache/Cache.php
Not Found: /wp-info.php
Not Found: /customize.php
Not Found: /wp-admin/alfa.php
Not Found: /wp-content/up.php
Not Found: /style.php
Not Found: /wp-includes/blocks/table/int/tmpl/index.php
Not Found: /wp-admin/dropdown.php
Not Found: /marijuana.php
Not Found: /wp-content/plugins/ccx/index.php
Not Found: /wp-content/themes/twentytwenty/404.php
Not Found: /wp-includes/js/tinymce/skins/lightgray/fonts/index.php
Not Found: /fox.php
Not Found: /google.php
Not Found: /wp-admin/setup-config.php
Not Found: /wp-l0gin.php
Not Found: /ovatools.php
Not Found: /sidwso.php
Not Found: /wp-includes/js/tinymce/plugins/compat3x/css/index.php
Not Found: /wp-includes/themes.php
Not Found: /wp-admin/css/index.php
Not Found: /wp-includes/Requests/Text/admin.php
Not Found: /wp-includes/Requests/Text/index.php
Not Found: /wp-head.php
Not Found: /wp-content/themes/twenty/twenty.php
Not Found: /wp-admin/maint/about.php
Not Found: /wp-content/plugins/press/wp-class.php
Not Found: /wp-includes/random_compat/about.php
Not Found: /.well-known/acme-challenge/license.php
Not Found: /wp-admin/includes/themes.php
Not Found: /woh.php
Not Found: /wp-blog-header.php
Not Found: /style2.php
Not Found: /wp-conflg.php
Not Found: /class.api.php
Not Found: /wp-add.php
Not Found: /xmrlpc.php
Not Found: /wp-admin.php
Not Found: /wp-login.php
Not Found: /wp-scripts.php
Not Found: /jp.php
Not Found: /adminfuns.php
Not Found: /cjfuns.php
Not Found: /comfunctions.php
Not Found: /delpaths.php
Not Found: /epinyins.php
Not Found: /filefuns.php
Not Found: /hinfofuns.php
Not Found: /qfunctions.php
Not Found: /qinfofuns.php
Not Found: /thoms.php
Not Found: /postnews.php
Not Found: /wp-config-sample.php
Not Found: /wp-mail.php
Not Found: /xmlrpc.php
Not Found: /admin-ajax.php
Not Found: /link.php
Not Found: /ms-themes.php
Not Found: /my-sites.php
Popup Ad Object: Popup Ad - https://teccmark.com/
Ad Object: Popup Ad - https://teccmark.com/
Popup Ad Object: Popup Ad - https://teccmark.com/
Ad Object: Popup Ad - https://teccmark.com/
Not Found: /.well-known/
Not Found: /.well-known/pki-validation/
Not Found: /.well-known/acme-challenge/
Not Found: /vendor/phpunit/phpunit/src/Util/PHP/
Not Found: /wp-content/uploads/
Not Found: /wp-content/themes/tflow/
Not Found: /wp-admin/
Not Found: /wordpress/wp-admin/includes/
Not Found: /wp-admin/js/
Not Found: /ALFA_DATA/
Not Found: /wp-content/upgrade/
Not Found: /wp-admin/css/colors/
Not Found: /wp-includes/
Not Found: /wp-includes/css/
Not Found: /wp-includes/ID3
/home/ystridin/virtualenv/aronno/3.10/lib/python3.10/site-packages/django/db/models/fields/__init__.py:1665: RuntimeWarning: DateTimeField Ad.end_date received a naive datetime (2024-10-24 18:32:20.821021) while time zone support is active.
  warnings.warn(
/home/ystridin/virtualenv/aronno/3.10/lib/python3.10/site-packages/django/db/models/fields/__init__.py:1665: RuntimeWarning: DateTimeField Ad.start_date received a naive datetime (2024-10-24 18:32:20.821021) while time zone support is active.
  warnings.warn(
Not Found: /category/jobs/
Popup Ad Object: Popup Ad - https://teccmark.com/
Popup Ad Object: Popup Ad - https://teccmark.com/
Popup Ad Object: Popup Ad - https://teccmark.com/
Ad Object: Popup Ad - https://teccmark.com/
Not Found: /news/68/
Not Found: /category/other_sports/
Not Found: /.env
Forbidden (CSRF cookie not set.): /
Not Found: /static/vendor/bootstrap/js/bootstrap.bundle.min.js
Popup Ad Object: Popup Ad - https://teccmark.com/
Ad Object: Popup Ad - https://teccmark.com/
Popup Ad Object: Popup Ad - https://teccmark.com/
Ad Object: Popup Ad - https://teccmark.com/
Popup Ad Object: Popup Ad - https://teccmark.com/
Ad Object: Popup Ad - https://teccmark.com/
Popup Ad Object: Popup Ad - https://teccmark.com/
Ad Object: Popup Ad - https://teccmark.com/
Not Found: /robots.txt
Not Found: /static/vendor/bootstrap/js/bootstrap.bundle.min.js
Popup Ad Object: Popup Ad - https://teccmark.com/
Ad Object: Popup Ad - https://teccmark.com/
Popup Ad Object: Popup Ad - https://teccmark.com/
Ad Object: Popup Ad - https://teccmark.com/
Popup Ad Object: Popup Ad - https://teccmark.com/
Ad Object: Popup Ad - https://teccmark.com/
Not Found: /news/13/
Not Found: /robots.txt
Popup Ad Object: Popup Ad - https://teccmark.com/
Ad Object: Popup Ad - https://teccmark.com/
Popup Ad Object: Popup Ad - https://teccmark.com/
Ad Object: Popup Ad - https://teccmark.com/
Popup Ad Object: Popup Ad - https://teccmark.com/
Ad Object: Popup Ad - https://teccmark.com/
Popup Ad Object: Popup Ad - https://teccmark.com/
Ad Object: Popup Ad - https://teccmark.com/
Popup Ad Object: Popup Ad - https://teccmark.com/
Ad Object: Popup Ad - https://teccmark.com/
Popup Ad Object: Popup Ad - https://teccmark.com/
Ad Object: Popup Ad - https://teccmark.com/
Popup Ad Object: Popup Ad - https://teccmark.com/
Ad Object: Popup Ad - https://teccmark.com/
/home/ystridin/virtualenv/aronno/3.10/lib/python3.10/site-packages/django/db/models/fields/__init__.py:1665: RuntimeWarning: DateTimeField Ad.end_date received a naive datetime (2024-10-25 00:28:03.696686) while time zone support is active.
  warnings.warn(
/home/ystridin/virtualenv/aronno/3.10/lib/python3.10/site-packages/django/db/models/fields/__init__.py:1665: RuntimeWarning: DateTimeField Ad.start_date received a naive datetime (2024-10-25 00:28:03.696686) while time zone support is active.
  warnings.warn(
Popup Ad Object: Popup Ad - https://teccmark.com/
Ad Object: Popup Ad - https://teccmark.com/
Popup Ad Object: Popup Ad - https://teccmark.com/
Ad Object: Popup Ad - https://teccmark.com/
Popup Ad Object: Popup Ad - https://teccmark.com/
Ad Object: Popup Ad - https://teccmark.com/
Not Found: /section/expatriate/
Popup Ad Object: Popup Ad - https://teccmark.com/
Popup Ad Object: Popup Ad - https://teccmark.com/
Popup Ad Object: Popup Ad - https://teccmark.com/
Popup Ad Object: Popup Ad - https://teccmark.com/
Popup Ad Object: Popup Ad - https://teccmark.com/
Ad Object: Popup Ad - https://teccmark.com/
Not Found: /robots.txt
Popup Ad Object: Popup Ad - https://teccmark.com/
Ad Object: Popup Ad - https://teccmark.com/
Popup Ad Object: Popup Ad - https://teccmark.com/
Not Found: /news/62/
Not Found: /robots.txt
Not Found: /news/67/
Popup Ad Object: Popup Ad - https://teccmark.com/
Ad Object: Popup Ad - https://teccmark.com/
Popup Ad Object: Popup Ad - https://teccmark.com/
Popup Ad Object: Popup Ad - https://teccmark.com/
Ad Object: Popup Ad - https://teccmark.com/
Not Found: /news/2/
Not Found: /meta.json
Not Found: /robots.txt
/home/ystridin/virtualenv/aronno/3.10/lib/python3.10/site-packages/django/db/models/fields/__init__.py:1665: RuntimeWarning: DateTimeField Ad.end_date received a naive datetime (2024-10-25 03:27:00.672685) while time zone support is active.
  warnings.warn(
/home/ystridin/virtualenv/aronno/3.10/lib/python3.10/site-packages/django/db/models/fields/__init__.py:1665: RuntimeWarning: DateTimeField Ad.start_date received a naive datetime (2024-10-25 03:27:00.672685) while time zone support is active.
  warnings.warn(
Popup Ad Object: Popup Ad - https://teccmark.com/
Ad Object: Popup Ad - https://teccmark.com/
Popup Ad Object: Popup Ad - https://teccmark.com/
Ad Object: Popup Ad - https://teccmark.com/
/home/ystridin/virtualenv/aronno/3.10/lib/python3.10/site-packages/django/db/models/fields/__init__.py:1665: RuntimeWarning: DateTimeField Ad.end_date received a naive datetime (2024-10-25 03:39:42.226183) while time zone support is active.
  warnings.warn(
/home/ystridin/virtualenv/aronno/3.10/lib/python3.10/site-packages/django/db/models/fields/__init__.py:1665: RuntimeWarning: DateTimeField Ad.start_date received a naive datetime (2024-10-25 03:39:42.226183) while time zone support is active.
  warnings.warn(
Not Found: /section/expatriate/
Popup Ad Object: Popup Ad - https://teccmark.com/
Popup Ad Object: Popup Ad - https://teccmark.com/
Popup Ad Object: Popup Ad - https://teccmark.com/
/home/ystridin/virtualenv/aronno/3.10/lib/python3.10/site-packages/django/db/models/fields/__init__.py:1665: RuntimeWarning: DateTimeField Ad.end_date received a naive datetime (2024-10-25 04:23:17.206552) while time zone support is active.
  warnings.warn(
/home/ystridin/virtualenv/aronno/3.10/lib/python3.10/site-packages/django/db/models/fields/__init__.py:1665: RuntimeWarning: DateTimeField Ad.start_date received a naive datetime (2024-10-25 04:23:17.206552) while time zone support is active.
  warnings.warn(
/home/ystridin/virtualenv/aronno/3.10/lib/python3.10/site-packages/django/db/models/fields/__init__.py:1665: RuntimeWarning: DateTimeField Ad.end_date received a naive datetime (2024-10-25 05:27:57.722949) while time zone support is active.
  warnings.warn(
/home/ystridin/virtualenv/aronno/3.10/lib/python3.10/site-packages/django/db/models/fields/__init__.py:1665: RuntimeWarning: DateTimeField Ad.start_date received a naive datetime (2024-10-25 05:27:57.722949) while time zone support is active.
  warnings.warn(
Popup Ad Object: Popup Ad - https://teccmark.com/
Ad Object: Popup Ad - https://teccmark.com/
Popup Ad Object: Popup Ad - https://teccmark.com/
Ad Object: Popup Ad - https://teccmark.com/
Popup Ad Object: Popup Ad - https://teccmark.com/
Ad Object: Popup Ad - https://teccmark.com/
Popup Ad Object: Popup Ad - https://teccmark.com/
Ad Object: Popup Ad - https://teccmark.com/
Popup Ad Object: Popup Ad - https://teccmark.com/
Ad Object: Popup Ad - https://teccmark.com/
Popup Ad Object: Popup Ad - https://teccmark.com/
Ad Object: Popup Ad - https://teccmark.com/
Popup Ad Object: Popup Ad - https://teccmark.com/
Ad Object: Popup Ad - https://teccmark.com/
Not Found: /static/vendor/bootstrap/js/bootstrap.bundle.min.js
Not Found: /media/img/logo.png
Not Found: /media/img/logo.png
Not Found: /apple-touch-icon.png
Not Found: /android-icon.png
/home/ystridin/aronno/home/views.py:496: UnorderedObjectListWarning: Pagination may yield inconsistent results with an unordered object_list: <class 'home.models.NewsList'> QuerySet.
  paginator = Paginator(search_results, 4)  # Show 4 results per page
Not Found: /static/vendor/bootstrap/js/bootstrap.bundle.min.js
Not Found: /search/\u09b9\u09be\u09b8\u09bf\u09a8\u09be/apple-touch-icon.png/search/%E0%A6%B9%E0%A6%BE%E0%A6%B8%E0%A6%BF%E0%A6%A8%E0%A6%BE/apple-touch-icon.png
Not Found: /search/\u09b9\u09be\u09b8\u09bf\u09a8\u09be/android-icon.png/search/%E0%A6%B9%E0%A6%BE%E0%A6%B8%E0%A6%BF%E0%A6%A8%E0%A6%BE/android-icon.png
Not Found: /static/vendor/bootstrap/js/bootstrap.bundle.min.js
Not Found: /media/img/logo.png
Not Found: /media/img/logo.png
Not Found: /media/img/logo.png
Not Found: /static/vendor/bootstrap/js/bootstrap.bundle.min.js
Not Found: /media/img/logo.png
Not Found: /static/vendor/bootstrap/js/bootstrap.bundle.min.js
Not Found: /news/44/android-icon.png
Not Found: /news/44/apple-touch-icon.png
Popup Ad Object: Popup Ad - https://teccmark.com/
Ad Object: Popup Ad - https://teccmark.com/
Popup Ad Object: Popup Ad - https://teccmark.com/
Ad Object: Popup Ad - https://teccmark.com/
Popup Ad Object: Popup Ad - https://teccmark.com/
Popup Ad Object: Popup Ad - https://teccmark.com/
Ad Object: Popup Ad - https://teccmark.com/
Popup Ad Object: Popup Ad - https://teccmark.com/
Ad Object: Popup Ad - https://teccmark.com/
Popup Ad Object: Popup Ad - https://teccmark.com/
Ad Object: Popup Ad - https://teccmark.com/
Popup Ad Object: Popup Ad - https://teccmark.com/
Ad Object: Popup Ad - https://teccmark.com/
Popup Ad Object: Popup Ad - https://teccmark.com/
Ad Object: Popup Ad - https://teccmark.com/
Popup Ad Object: Popup Ad - https://teccmark.com/
Ad Object: Popup Ad - https://teccmark.com/
Popup Ad Object: Popup Ad - https://teccmark.com/
Ad Object: Popup Ad - https://teccmark.com/
/home/ystridin/virtualenv/aronno/3.10/lib/python3.10/site-packages/django/db/models/fields/__init__.py:1665: RuntimeWarning: DateTimeField Ad.end_date received a naive datetime (2024-10-25 07:49:42.516537) while time zone support is active.
  warnings.warn(
/home/ystridin/virtualenv/aronno/3.10/lib/python3.10/site-packages/django/db/models/fields/__init__.py:1665: RuntimeWarning: DateTimeField Ad.start_date received a naive datetime (2024-10-25 07:49:42.516537) while time zone support is active.
  warnings.warn(
Not Found: /robots.txt
Popup Ad Object: Popup Ad - https://teccmark.com/
Ad Object: Popup Ad - https://teccmark.com/
/home/ystridin/virtualenv/aronno/3.10/lib/python3.10/site-packages/django/db/models/fields/__init__.py:1665: RuntimeWarning: DateTimeField Ad.end_date received a naive datetime (2024-10-25 09:28:10.586436) while time zone support is active.
  warnings.warn(
/home/ystridin/virtualenv/aronno/3.10/lib/python3.10/site-packages/django/db/models/fields/__init__.py:1665: RuntimeWarning: DateTimeField Ad.start_date received a naive datetime (2024-10-25 09:28:10.586436) while time zone support is active.
  warnings.warn(
Popup Ad Object: Popup Ad - https://teccmark.com/
Not Found: /robots.txt
/home/ystridin/virtualenv/aronno/3.10/lib/python3.10/site-packages/django/db/models/fields/__init__.py:1665: RuntimeWarning: DateTimeField Ad.end_date received a naive datetime (2024-10-25 10:10:19.844419) while time zone support is active.
  warnings.warn(
/home/ystridin/virtualenv/aronno/3.10/lib/python3.10/site-packages/django/db/models/fields/__init__.py:1665: RuntimeWarning: DateTimeField Ad.start_date received a naive datetime (2024-10-25 10:10:19.844419) while time zone support is active.
  warnings.warn(
/home/ystridin/virtualenv/aronno/3.10/lib/python3.10/site-packages/django/db/models/fields/__init__.py:1665: RuntimeWarning: DateTimeField Ad.end_date received a naive datetime (2024-10-25 11:09:57.003912) while time zone support is active.
  warnings.warn(
/home/ystridin/virtualenv/aronno/3.10/lib/python3.10/site-packages/django/db/models/fields/__init__.py:1665: RuntimeWarning: DateTimeField Ad.start_date received a naive datetime (2024-10-25 11:09:57.003912) while time zone support is active.
  warnings.warn(
Not Found: /static/vendor/bootstrap/js/bootstrap.bundle.min.js
Not Found: /news/37/apple-touch-icon.png
Not Found: /news/37/android-icon.png
Popup Ad Object: Popup Ad - https://teccmark.com/
/home/ystridin/virtualenv/aronno/3.10/lib/python3.10/site-packages/django/db/models/fields/__init__.py:1665: RuntimeWarning: DateTimeField Ad.end_date received a naive datetime (2024-10-25 12:26:25.098830) while time zone support is active.
  warnings.warn(
/home/ystridin/virtualenv/aronno/3.10/lib/python3.10/site-packages/django/db/models/fields/__init__.py:1665: RuntimeWarning: DateTimeField Ad.start_date received a naive datetime (2024-10-25 12:26:25.098830) while time zone support is active.
  warnings.warn(
Popup Ad Object: Popup Ad - https://teccmark.com/
Ad Object: Popup Ad - https://teccmark.com/
Not Found: /robots.txt
Popup Ad Object: Popup Ad - https://teccmark.com/
Ad Object: Popup Ad - https://teccmark.com/
/home/ystridin/virtualenv/aronno/3.10/lib/python3.10/site-packages/django/db/models/fields/__init__.py:1665: RuntimeWarning: DateTimeField Ad.end_date received a naive datetime (2024-10-25 14:07:05.547034) while time zone support is active.
  warnings.warn(
/home/ystridin/virtualenv/aronno/3.10/lib/python3.10/site-packages/django/db/models/fields/__init__.py:1665: RuntimeWarning: DateTimeField Ad.start_date received a naive datetime (2024-10-25 14:07:05.547034) while time zone support is active.
  warnings.warn(
Not Found: /robots.txt
/home/ystridin/virtualenv/aronno/3.10/lib/python3.10/site-packages/django/db/models/fields/__init__.py:1665: RuntimeWarning: DateTimeField Ad.end_date received a naive datetime (2024-10-25 15:00:50.942502) while time zone support is active.
  warnings.warn(
/home/ystridin/virtualenv/aronno/3.10/lib/python3.10/site-packages/django/db/models/fields/__init__.py:1665: RuntimeWarning: DateTimeField Ad.start_date received a naive datetime (2024-10-25 15:00:50.942502) while time zone support is active.
  warnings.warn(
Not Found: /static/vendor/bootstrap/js/bootstrap.bundle.min.js
Popup Ad Object: Popup Ad - https://teccmark.com/
Ad Object: Popup Ad - https://teccmark.com/
Not Found: /category/jobs/
Popup Ad Object: Popup Ad - https://teccmark.com/
Ad Object: Popup Ad - https://teccmark.com/
Popup Ad Object: Popup Ad - https://teccmark.com/
/home/ystridin/virtualenv/aronno/3.10/lib/python3.10/site-packages/django/db/models/fields/__init__.py:1665: RuntimeWarning: DateTimeField Ad.end_date received a naive datetime (2024-10-25 15:36:25.372266) while time zone support is active.
  warnings.warn(
/home/ystridin/virtualenv/aronno/3.10/lib/python3.10/site-packages/django/db/models/fields/__init__.py:1665: RuntimeWarning: DateTimeField Ad.start_date received a naive datetime (2024-10-25 15:36:25.372266) while time zone support is active.
  warnings.warn(
Not Found: /category/literature_culture/
Not Found: /category/international/
Popup Ad Object: Popup Ad - https://teccmark.com/
Ad Object: Popup Ad - https://teccmark.com/
/home/ystridin/virtualenv/aronno/3.10/lib/python3.10/site-packages/django/db/models/fields/__init__.py:1665: RuntimeWarning: DateTimeField Ad.end_date received a naive datetime (2024-10-25 18:18:50.649489) while time zone support is active.
  warnings.warn(
/home/ystridin/virtualenv/aronno/3.10/lib/python3.10/site-packages/django/db/models/fields/__init__.py:1665: RuntimeWarning: DateTimeField Ad.start_date received a naive datetime (2024-10-25 18:18:50.649489) while time zone support is active.
  warnings.warn(
Not Found: /static/vendor/bootstrap/js/bootstrap.bundle.min.js
Not Found: /media/img/logo.png
Popup Ad Object: Popup Ad - https://teccmark.com/
Ad Object: Popup Ad - https://teccmark.com/
/home/ystridin/virtualenv/aronno/3.10/lib/python3.10/site-packages/django/db/models/fields/__init__.py:1665: RuntimeWarning: DateTimeField Ad.end_date received a naive datetime (2024-10-25 19:06:49.945486) while time zone support is active.
  warnings.warn(
/home/ystridin/virtualenv/aronno/3.10/lib/python3.10/site-packages/django/db/models/fields/__init__.py:1665: RuntimeWarning: DateTimeField Ad.start_date received a naive datetime (2024-10-25 19:06:49.945486) while time zone support is active.
  warnings.warn(
Not Found: /static/vendor/bootstrap/js/bootstrap.bundle.min.js
Not Found: /media/img/logo.png
Not Found: /section/international/android-icon.png
Not Found: /section/international/apple-touch-icon.png
Not Found: /static/vendor/bootstrap/js/bootstrap.bundle.min.js
Not Found: /media/img/logo.png
Not Found: /android-icon.png
Not Found: /apple-touch-icon.png
Not Found: /static/vendor/bootstrap/js/bootstrap.bundle.min.js
Not Found: /policy/android-icon.png
Not Found: /policy/apple-touch-icon.png
Not Found: /static/vendor/bootstrap/js/bootstrap.bundle.min.js
Not Found: /amaderkotha/android-icon.png
Not Found: /amaderkotha/apple-touch-icon.png
Not Found: /static/vendor/bootstrap/js/bootstrap.bundle.min.js
Not Found: /advertisements/android-icon.png
Not Found: /advertisements/apple-touch-icon.png
Not Found: /media/media/ad-chart-janakantha.pdf
Not Found: /favicon.ico
Not Found: /static/vendor/bootstrap/js/bootstrap.bundle.min.js
Not Found: /jogajog/android-icon.png
Not Found: /jogajog/apple-touch-icon.png
Not Found: /media/img/logo.png
Not Found: /static/vendor/bootstrap/js/bootstrap.bundle.min.js
Not Found: /media/img/logo.png
Not Found: /media/img/logo.png
Not Found: /static/vendor/bootstrap/js/bootstrap.bundle.min.js
Not Found: /media/img/logo.png
Not Found: /static/vendor/bootstrap/js/bootstrap.bundle.min.js
Not Found: /media/img/logo.png
Not Found: /media/img/logo.png
Not Found: /media/img/logo.png
Not Found: /static/vendor/bootstrap/js/bootstrap.bundle.min.js
Not Found: /static/vendor/bootstrap/js/bootstrap.bundle.min.js
Not Found: /news/49/android-icon.png
Not Found: /news/49/apple-touch-icon.png
Not Found: /media/img/logo.png
Not Found: /static/vendor/bootstrap/js/bootstrap.bundle.min.js
Not Found: /static/vendor/bootstrap/js/bootstrap.bundle.min.js
Not Found: /news/24/android-icon.png
Not Found: /news/24/apple-touch-icon.png
Not Found: /media/img/logo.png
Popup Ad Object: Popup Ad - https://teccmark.com/
Ad Object: Popup Ad - https://teccmark.com/
Popup Ad Object: Popup Ad - https://teccmark.com/
Ad Object: Popup Ad - https://teccmark.com/
Popup Ad Object: Popup Ad - https://teccmark.com/
Ad Object: Popup Ad - https://teccmark.com/
Popup Ad Object: Popup Ad - https://teccmark.com/
Ad Object: Popup Ad - https://teccmark.com/
Popup Ad Object: Popup Ad - https://teccmark.com/
Popup Ad Object: Popup Ad - https://teccmark.com/
Popup Ad Object: Popup Ad - https://teccmark.com/
Not Found: /category/fashion/
/home/ystridin/virtualenv/aronno/3.10/lib/python3.10/site-packages/django/db/models/fields/__init__.py:1665: RuntimeWarning: DateTimeField Ad.end_date received a naive datetime (2024-10-25 20:14:35.299979) while time zone support is active.
  warnings.warn(
/home/ystridin/virtualenv/aronno/3.10/lib/python3.10/site-packages/django/db/models/fields/__init__.py:1665: RuntimeWarning: DateTimeField Ad.start_date received a naive datetime (2024-10-25 20:14:35.299979) while time zone support is active.
  warnings.warn(
Not Found: /category/trade/
/home/ystridin/virtualenv/aronno/3.10/lib/python3.10/site-packages/django/db/models/fields/__init__.py:1665: RuntimeWarning: DateTimeField Ad.end_date received a naive datetime (2024-10-25 20:45:55.901930) while time zone support is active.
  warnings.warn(
/home/ystridin/virtualenv/aronno/3.10/lib/python3.10/site-packages/django/db/models/fields/__init__.py:1665: RuntimeWarning: DateTimeField Ad.start_date received a naive datetime (2024-10-25 20:45:55.901930) while time zone support is active.
  warnings.warn(
Not Found: /category/other_sports/
Not Found: /robots.txt
/home/ystridin/virtualenv/aronno/3.10/lib/python3.10/site-packages/django/db/models/fields/__init__.py:1665: RuntimeWarning: DateTimeField Ad.end_date received a naive datetime (2024-10-25 21:18:38.678116) while time zone support is active.
  warnings.warn(
/home/ystridin/virtualenv/aronno/3.10/lib/python3.10/site-packages/django/db/models/fields/__init__.py:1665: RuntimeWarning: DateTimeField Ad.start_date received a naive datetime (2024-10-25 21:18:38.678116) while time zone support is active.
  warnings.warn(
Not Found: /robots.txt
Not Found: /robots.txt
/home/ystridin/virtualenv/aronno/3.10/lib/python3.10/site-packages/django/db/models/fields/__init__.py:1665: RuntimeWarning: DateTimeField Ad.end_date received a naive datetime (2024-10-25 23:06:32.807387) while time zone support is active.
  warnings.warn(
/home/ystridin/virtualenv/aronno/3.10/lib/python3.10/site-packages/django/db/models/fields/__init__.py:1665: RuntimeWarning: DateTimeField Ad.start_date received a naive datetime (2024-10-25 23:06:32.807387) while time zone support is active.
  warnings.warn(
Not Found: /static/vendor/bootstrap/js/bootstrap.bundle.min.js
Popup Ad Object: Popup Ad - https://teccmark.com/
Ad Object: Popup Ad - https://teccmark.com/
/home/ystridin/virtualenv/aronno/3.10/lib/python3.10/site-packages/django/db/models/fields/__init__.py:1665: RuntimeWarning: DateTimeField Ad.end_date received a naive datetime (2024-10-25 23:35:04.521689) while time zone support is active.
  warnings.warn(
/home/ystridin/virtualenv/aronno/3.10/lib/python3.10/site-packages/django/db/models/fields/__init__.py:1665: RuntimeWarning: DateTimeField Ad.start_date received a naive datetime (2024-10-25 23:35:04.521689) while time zone support is active.
  warnings.warn(
Not Found: /wp-login.php
Not Found: /robots.txt
Not Found: /news/61/
/home/ystridin/virtualenv/aronno/3.10/lib/python3.10/site-packages/django/db/models/fields/__init__.py:1665: RuntimeWarning: DateTimeField Ad.end_date received a naive datetime (2024-10-26 01:53:11.065468) while time zone support is active.
  warnings.warn(
/home/ystridin/virtualenv/aronno/3.10/lib/python3.10/site-packages/django/db/models/fields/__init__.py:1665: RuntimeWarning: DateTimeField Ad.start_date received a naive datetime (2024-10-26 01:53:11.065468) while time zone support is active.
  warnings.warn(
Not Found: /robots.txt
Popup Ad Object: Popup Ad - https://teccmark.com/
Ad Object: Popup Ad - https://teccmark.com/
Popup Ad Object: Popup Ad - https://teccmark.com/
Ad Object: Popup Ad - https://teccmark.com/
Not Found: /static/vendor/bootstrap/js/bootstrap.bundle.min.js
Not Found: /static/vendor/bootstrap/js/bootstrap.bundle.min.js
Not Found: /static/vendor/bootstrap/js/bootstrap.bundle.min.js
Popup Ad Object: Popup Ad - https://teccmark.com/
Ad Object: Popup Ad - https://teccmark.com/
Not Found: /media/img/logo.png
Popup Ad Object: Popup Ad - https://teccmark.com/
Ad Object: Popup Ad - https://teccmark.com/
Popup Ad Object: Popup Ad - https://teccmark.com/
Ad Object: Popup Ad - https://teccmark.com/
Popup Ad Object: Popup Ad - https://teccmark.com/
Ad Object: Popup Ad - https://teccmark.com/
Popup Ad Object: Popup Ad - https://teccmark.com/
Ad Object: Popup Ad - https://teccmark.com/
Popup Ad Object: Popup Ad - https://teccmark.com/
Ad Object: Popup Ad - https://teccmark.com/
Popup Ad Object: Popup Ad - https://teccmark.com/
Ad Object: Popup Ad - https://teccmark.com/
Not Found: /static/vendor/bootstrap/js/bootstrap.bundle.min.js
Not Found: /media/img/logo.png
Popup Ad Object: Popup Ad - https://teccmark.com/
Ad Object: Popup Ad - https://teccmark.com/
Popup Ad Object: Popup Ad - https://teccmark.com/
Ad Object: Popup Ad - https://teccmark.com/
Popup Ad Object: Popup Ad - https://teccmark.com/
Ad Object: Popup Ad - https://teccmark.com/
Not Found: /static/vendor/bootstrap/js/bootstrap.bundle.min.js
Not Found: /static/vendor/bootstrap/js/bootstrap.bundle.min.js
Not Found: /media/img/logo.png
Popup Ad Object: Popup Ad - https://teccmark.com/
Ad Object: Popup Ad - https://teccmark.com/
Popup Ad Object: Popup Ad - https://teccmark.com/
Ad Object: Popup Ad - https://teccmark.com/
Not Found: /static/vendor/bootstrap/js/bootstrap.bundle.min.js
Not Found: /media/img/logo.png
Popup Ad Object: Popup Ad - https://teccmark.com/
Ad Object: Popup Ad - https://teccmark.com/
Popup Ad Object: Popup Ad - https://teccmark.com/
Ad Object: Popup Ad - https://teccmark.com/
Popup Ad Object: Popup Ad - https://teccmark.com/
Not Found: /category/war-conflict/
Popup Ad Object: Popup Ad - https://teccmark.com/
Popup Ad Object: Popup Ad - https://teccmark.com/
/home/ystridin/virtualenv/aronno/3.10/lib/python3.10/site-packages/django/db/models/fields/__init__.py:1665: RuntimeWarning: DateTimeField Ad.end_date received a naive datetime (2024-10-26 08:44:11.355366) while time zone support is active.
  warnings.warn(
/home/ystridin/virtualenv/aronno/3.10/lib/python3.10/site-packages/django/db/models/fields/__init__.py:1665: RuntimeWarning: DateTimeField Ad.start_date received a naive datetime (2024-10-26 08:44:11.355366) while time zone support is active.
  warnings.warn(
Popup Ad Object: Popup Ad - https://teccmark.com/
/home/ystridin/virtualenv/aronno/3.10/lib/python3.10/site-packages/django/db/models/fields/__init__.py:1665: RuntimeWarning: DateTimeField Ad.end_date received a naive datetime (2024-10-26 09:26:23.962839) while time zone support is active.
  warnings.warn(
/home/ystridin/virtualenv/aronno/3.10/lib/python3.10/site-packages/django/db/models/fields/__init__.py:1665: RuntimeWarning: DateTimeField Ad.start_date received a naive datetime (2024-10-26 09:26:23.962839) while time zone support is active.
  warnings.warn(
Not Found: /static/vendor/bootstrap/js/bootstrap.bundle.min.js
Popup Ad Object: Popup Ad - https://teccmark.com/
Ad Object: Popup Ad - https://teccmark.com/
Not Found: /robots.txt
Popup Ad Object: Popup Ad - https://teccmark.com/
Popup Ad Object: Popup Ad - https://teccmark.com/
Popup Ad Object: Popup Ad - https://teccmark.com/
Ad Object: Popup Ad - https://teccmark.com/
Not Found: /android-icon.png
Popup Ad Object: Popup Ad - https://teccmark.com/
Ad Object: Popup Ad - https://teccmark.com/
Popup Ad Object: Popup Ad - https://teccmark.com/
Ad Object: Popup Ad - https://teccmark.com/
Popup Ad Object: Popup Ad - https://teccmark.com/
Ad Object: Popup Ad - https://teccmark.com/
Popup Ad Object: Popup Ad - https://teccmark.com/
Popup Ad Object: Popup Ad - https://teccmark.com/
Ad Object: Popup Ad - https://teccmark.com/
